Date,Rented Bike Count,Hour,Temperature (C),Humidity (%),Wind speed (m/s),Visibility (10m),Dew point temperature (C),Solar Radiation (MJ/m2),Rainfall (mm),Snowfall (cm),Seasons,Holiday,Functioning Day
2017-12-01,254,0,-5.2,37.0,2.2,2000.0,-17.6,0.0,0.0,0.0,Winter,No Holiday,Yes
2017-12-01,204,1,-5.5,38.0,0.8,2000.0,-17.6,0.0,0.0,0.0,Winter,No Holiday,Yes
2017-12-01,173,2,-6.0,39.0,1.0,2000.0,-17.7,0.0,0.0,0.0,Winter,No Holiday,Yes
2017-12-01,107,3,-6.2,40.0,0.9,2000.0,-17.6,0.0,0.0,0.0,Winter,No Holiday,Yes
2017-12-01,78,4,-6.0,36.0,2.3,2000.0,-18.6,0.0,0.0,0.0,Winter,No Holiday,Yes
2017-12-01,100,5,-6.4,37.0,1.5,2000.0,-18.7,0.0,0.0,0.0,Winter,No Holiday,Yes
2017-12-01,181,6,-6.6,35.0,1.3,2000.0,-19.5,0.0,0.0,0.0,Winter,No Holiday,Yes
2017-12-01,460,7,-7.4,38.0,0.9,2000.0,-19.3,0.0,0.0,0.0,Winter,No Holiday,Yes
2017-12-01,930,8,-7.6,37.0,1.1,2000.0,-19.8,0.01,0.0,0.0,Winter,No Holiday,Yes
2017-12-01,490,9,-6.5,27.0,0.5,1928.0,-22.4,0.23,0.0,0.0,Winter,No Holiday,Yes
2017-12-01,339,10,-3.5,24.0,1.2,1996.0,-21.2,0.65,0.0,0.0,Winter,No Holiday,Yes
2017-12-01,360,11,-0.5,21.0,1.3,1936.0,-20.2,0.94,0.0,0.0,Winter,No Holiday,Yes
2017-12-01,449,12,1.7,23.0,1.4,2000.0,-17.2,1.11,0.0,0.0,Winter,No Holiday,Yes
2017-12-01,451,13,2.4,25.0,1.6,2000.0,-15.6,1.16,0.0,0.0,Winter,No Holiday,Yes
2017-12-01,447,14,3.0,26.0,2.0,2000.0,-14.6,1.01,0.0,0.0,Winter,No Holiday,Yes
2017-12-01,463,15,2.1,36.0,3.2,2000.0,-11.4,0.54,0.0,0.0,Winter,No Holiday,Yes
2017-12-01,484,16,1.2,54.0,4.2,793.0,-7.0,0.24,0.0,0.0,Winter,No Holiday,Yes
2017-12-01,555,17,0.8,58.0,1.6,2000.0,-6.5,0.08,0.0,0.0,Winter,No Holiday,Yes
2017-12-01,862,18,0.6,66.0,1.4,2000.0,-5.0,0.0,0.0,0.0,Winter,No Holiday,Yes
2017-12-01,600,19,0.0,77.0,1.7,2000.0,-3.5,0.0,0.0,0.0,Winter,No Holiday,Yes
2017-12-01,426,20,-0.3,79.0,1.5,1913.0,-3.5,0.0,0.0,0.0,Winter,No Holiday,Yes
2017-12-01,405,21,-0.8,81.0,0.8,1687.0,-3.6,0.0,0.0,0.0,Winter,No Holiday,Yes
2017-12-01,398,22,-0.9,83.0,1.5,1380.0,-3.4,0.0,0.0,0.0,Winter,No Holiday,Yes
2017-12-01,323,23,-1.3,84.0,1.0,1265.0,-3.6,0.0,0.0,0.0,Winter,No Holiday,Yes
2017-12-02,328,0,-1.8,87.0,1.1,994.0,-3.6,0.0,0.0,0.0,Winter,No Holiday,Yes
2017-12-02,308,1,-2.2,86.0,0.6,990.0,-4.2,0.0,0.0,0.0,Winter,No Holiday,Yes
2017-12-02,262,2,-2.9,86.0,1.5,1256.0,-4.9,0.0,0.0,0.0,Winter,No Holiday,Yes
2017-12-02,167,3,-3.5,81.0,2.2,1221.0,-6.2,0.0,0.0,0.0,Winter,No Holiday,Yes
2017-12-02,89,4,-3.8,79.0,2.0,1167.0,-6.9,0.0,0.0,0.0,Winter,No Holiday,Yes
2017-12-02,79,5,-4.0,79.0,1.5,1202.0,-7.1,0.0,0.0,0.0,Winter,No Holiday,Yes
2017-12-02,70,6,-4.3,82.0,2.1,1178.0,-6.9,0.0,0.0,0.0,Winter,No Holiday,Yes
2017-12-02,146,7,-4.4,81.0,2.5,1276.0,-7.1,0.0,0.0,0.0,Winter,No Holiday,Yes
2017-12-02,219,8,-4.2,79.0,2.1,1436.0,-7.3,0.01,0.0,0.0,Winter,No Holiday,Yes
2017-12-02,328,9,-2.9,68.0,1.6,1487.0,-7.9,0.3,0.0,0.0,Winter,No Holiday,Yes
2017-12-02,334,10,-0.4,57.0,1.6,1309.0,-7.8,0.8,0.0,0.0,Winter,No Holiday,Yes
2017-12-02,388,11,1.9,49.0,1.8,1406.0,-7.7,1.0,0.0,0.0,Winter,No Holiday,Yes
2017-12-02,479,12,4.3,41.0,1.3,1666.0,-7.8,1.09,0.0,0.0,Winter,No Holiday,Yes
2017-12-02,606,13,6.0,36.0,1.8,1780.0,-7.9,1.12,0.0,0.0,Winter,No Holiday,Yes
2017-12-02,611,14,7.3,35.0,1.3,1955.0,-7.1,0.99,0.0,0.0,Winter,No Holiday,Yes
2017-12-02,589,15,7.6,41.0,2.3,1953.0,-4.8,0.74,0.0,0.0,Winter,No Holiday,Yes
2017-12-02,618,16,6.4,48.0,2.6,1945.0,-3.8,0.22,0.0,0.0,Winter,No Holiday,Yes
2017-12-02,572,17,6.0,51.0,2.5,1891.0,-3.3,0.06,0.0,0.0,Winter,No Holiday,Yes
2017-12-02,489,18,5.5,53.0,1.5,1697.0,-3.3,0.0,0.0,0.0,Winter,No Holiday,Yes
2017-12-02,385,19,5.0,52.0,2.3,1666.0,-4.0,0.0,0.0,0.0,Winter,No Holiday,Yes
2017-12-02,359,20,4.6,51.0,1.2,1585.0,-4.6,0.0,0.0,0.0,Winter,No Holiday,Yes
2017-12-02,377,21,4.1,55.0,1.2,1448.0,-4.1,0.0,0.0,0.0,Winter,No Holiday,Yes
2017-12-02,354,22,3.5,54.0,1.5,1446.0,-4.9,0.0,0.0,0.0,Winter,No Holiday,Yes
2017-12-02,366,23,4.0,56.0,1.0,1352.0,-4.0,0.0,0.0,0.0,Winter,No Holiday,Yes
2017-12-03,342,0,4.0,58.0,1.4,1296.0,-3.5,0.0,0.0,0.0,Winter,No Holiday,Yes
2017-12-03,227,1,3.9,69.0,1.7,485.0,-1.2,0.0,0.0,0.0,Winter,No Holiday,Yes
2017-12-03,228,2,3.3,79.0,1.4,830.0,0.0,0.0,0.0,0.0,Winter,No Holiday,Yes
2017-12-03,117,3,3.4,71.0,1.6,1011.0,-1.3,0.0,0.5,0.0,Winter,No Holiday,Yes
2017-12-03,76,4,3.5,73.0,1.0,1060.0,-0.8,0.0,0.0,0.0,Winter,No Holiday,Yes
2017-12-03,32,5,3.9,75.0,1.9,914.0,-0.1,0.0,0.0,0.0,Winter,No Holiday,Yes
2017-12-03,13,6,3.4,86.0,2.5,278.0,1.2,0.0,1.0,0.0,Winter,No Holiday,Yes
2017-12-03,22,7,3.1,91.0,1.2,129.0,1.7,0.0,0.0,0.0,Winter,No Holiday,Yes
2017-12-03,85,8,3.2,92.0,1.8,244.0,2.0,0.0,0.0,0.0,Winter,No Holiday,Yes
2017-12-03,152,9,3.5,91.0,1.8,231.0,2.1,0.02,2.5,0.0,Winter,No Holiday,Yes
2017-12-03,200,10,4.4,89.0,2.2,257.0,2.7,0.24,0.0,0.0,Winter,No Holiday,Yes
2017-12-03,273,11,5.1,87.0,1.4,321.0,3.1,0.25,0.0,0.0,Winter,No Holiday,Yes
2017-12-03,333,12,5.8,85.0,1.7,349.0,3.4,0.43,0.0,0.0,Winter,No Holiday,Yes
2017-12-03,495,13,6.8,81.0,1.9,390.0,3.7,0.6,0.0,0.0,Winter,No Holiday,Yes
2017-12-03,563,14,7.6,76.0,1.2,422.0,3.6,0.69,0.0,0.0,Winter,No Holiday,Yes
2017-12-03,621,15,8.0,73.0,1.6,433.0,3.4,0.53,0.0,0.0,Winter,No Holiday,Yes
2017-12-03,598,16,7.6,77.0,1.6,399.0,3.8,0.2,0.0,0.0,Winter,No Holiday,Yes
2017-12-03,545,17,6.7,82.0,1.5,358.0,3.8,0.05,0.0,0.0,Winter,No Holiday,Yes
2017-12-03,443,18,6.0,84.0,1.9,327.0,3.4,0.0,0.0,0.0,Winter,No Holiday,Yes
2017-12-03,422,19,5.7,85.0,1.7,309.0,3.3,0.0,0.0,0.0,Winter,No Holiday,Yes
2017-12-03,397,20,5.2,87.0,1.4,253.0,3.2,0.0,0.0,0.0,Winter,No Holiday,Yes
2017-12-03,385,21,4.7,87.0,1.2,247.0,2.7,0.0,0.0,0.0,Winter,No Holiday,Yes
2017-12-03,350,22,4.3,89.0,1.8,201.0,2.6,0.0,0.0,0.0,Winter,No Holiday,Yes
2017-12-03,303,23,3.9,90.0,1.3,194.0,2.4,0.0,0.0,0.0,Winter,No Holiday,Yes
2017-12-04,285,0,4.2,88.0,0.6,216.0,2.3,0.0,0.0,0.0,Winter,No Holiday,Yes
2017-12-04,186,1,4.3,87.0,0.5,221.0,2.3,0.0,0.0,0.0,Winter,No Holiday,Yes
2017-12-04,112,2,4.4,87.0,1.8,207.0,2.4,0.0,0.0,0.0,Winter,No Holiday,Yes
2017-12-04,65,3,3.6,85.0,2.3,206.0,1.3,0.0,0.0,0.0,Winter,No Holiday,Yes
2017-12-04,41,4,2.8,89.0,1.5,130.0,1.1,0.0,0.0,0.0,Winter,No Holiday,Yes
2017-12-04,82,5,2.0,83.0,2.7,253.0,-0.5,0.0,0.0,0.0,Winter,No Holiday,Yes
2017-12-04,200,6,1.2,76.0,3.7,371.0,-2.5,0.0,0.1,0.0,Winter,No Holiday,Yes
2017-12-04,498,7,0.2,68.0,3.4,702.0,-5.0,0.0,0.0,0.0,Winter,No Holiday,Yes
2017-12-04,937,8,-0.8,69.0,3.5,954.0,-5.7,0.01,0.0,0.0,Winter,No Holiday,Yes
2017-12-04,509,9,-1.5,47.0,4.2,1888.0,-11.3,0.22,0.0,0.0,Winter,No Holiday,Yes
2017-12-04,311,10,-1.1,40.0,4.5,2000.0,-13.0,0.64,0.0,0.0,Winter,No Holiday,Yes
2017-12-04,379,11,-0.5,41.0,4.1,1799.0,-12.1,0.94,0.0,0.0,Winter,No Holiday,Yes
2017-12-04,393,12,-0.3,38.0,4.8,1823.0,-12.9,1.11,0.0,0.0,Winter,No Holiday,Yes
2017-12-04,391,13,0.0,30.0,5.4,1938.0,-15.5,1.17,0.0,0.0,Winter,No Holiday,Yes
2017-12-04,338,14,0.1,27.0,4.5,2000.0,-16.7,1.09,0.0,0.0,Winter,No Holiday,Yes
2017-12-04,341,15,-0.1,25.0,5.8,2000.0,-17.8,0.88,0.0,0.0,Winter,No Holiday,Yes
2017-12-04,375,16,-0.2,23.0,4.7,2000.0,-18.8,0.55,0.0,0.0,Winter,No Holiday,Yes
2017-12-04,515,17,-1.3,26.0,5.3,2000.0,-18.3,0.18,0.0,0.0,Winter,No Holiday,Yes
2017-12-04,807,18,-2.1,29.0,3.9,2000.0,-17.7,0.0,0.0,0.0,Winter,No Holiday,Yes
2017-12-04,568,19,-2.9,32.0,3.2,2000.0,-17.3,0.0,0.0,0.0,Winter,No Holiday,Yes
2017-12-04,398,20,-3.6,38.0,3.0,2000.0,-15.8,0.0,0.0,0.0,Winter,No Holiday,Yes
2017-12-04,397,21,-4.6,43.0,4.5,2000.0,-15.3,0.0,0.0,0.0,Winter,No Holiday,Yes
2017-12-04,353,22,-5.3,45.0,2.5,2000.0,-15.3,0.0,0.0,0.0,Winter,No Holiday,Yes
2017-12-04,248,23,-5.8,44.0,2.4,2000.0,-16.1,0.0,0.0,0.0,Winter,No Holiday,Yes
2017-12-05,216,0,-6.1,42.0,2.6,2000.0,-16.9,0.0,0.0,0.0,Winter,No Holiday,Yes
2017-12-05,198,1,-6.5,41.0,2.8,2000.0,-17.6,0.0,0.0,0.0,Winter,No Holiday,Yes
2017-12-05,124,2,-6.8,41.0,2.5,2000.0,-17.8,0.0,0.0,0.0,Winter,No Holiday,Yes
2017-12-05,62,3,-6.9,39.0,2.0,2000.0,-18.5,0.0,0.0,0.0,Winter,No Holiday,Yes
2017-12-05,42,4,-7.2,34.0,3.0,2000.0,-20.4,0.0,0.0,0.0,Winter,No Holiday,Yes
2017-12-05,82,5,-7.4,33.0,2.6,2000.0,-20.9,0.0,0.0,0.0,Winter,No Holiday,Yes
2017-12-05,172,6,-7.4,34.0,3.2,2000.0,-20.6,0.0,0.0,0.0,Winter,No Holiday,Yes
2017-12-05,381,7,-7.5,33.0,2.2,2000.0,-21.0,0.0,0.0,0.0,Winter,No Holiday,Yes
2017-12-05,812,8,-8.1,36.0,1.6,2000.0,-20.5,0.01,0.0,0.0,Winter,No Holiday,Yes
2017-12-05,462,9,-7.6,31.0,1.3,1974.0,-21.8,0.21,0.0,0.0,Winter,No Holiday,Yes
2017-12-05,269,10,-5.5,26.0,2.8,1967.0,-22.0,0.64,0.0,0.0,Winter,No Holiday,Yes
2017-12-05,334,11,-3.9,25.0,0.0,1959.0,-21.0,0.0,0.0,0.0,Winter,No Holiday,Yes
2017-12-05,321,12,-2.3,25.0,0.0,1962.0,-19.7,0.0,0.0,0.0,Winter,No Holiday,Yes
2017-12-05,325,13,-1.6,27.0,0.0,1955.0,-18.2,0.0,0.0,0.0,Winter,No Holiday,Yes
2017-12-05,334,14,-1.1,28.0,0.0,2000.0,-17.3,0.0,0.0,0.0,Winter,No Holiday,Yes
2017-12-05,353,15,-0.7,28.0,0.0,2000.0,-16.9,0.0,0.0,0.0,Winter,No Holiday,Yes
2017-12-05,435,16,-0.5,30.0,0.0,2000.0,-16.0,0.0,0.0,0.0,Winter,No Holiday,Yes
2017-12-05,529,17,-1.6,35.0,0.0,2000.0,-15.1,0.0,0.0,0.0,Winter,No Holiday,Yes
2017-12-05,789,18,-2.6,40.0,0.0,2000.0,-14.4,0.0,0.0,0.0,Winter,No Holiday,Yes
2017-12-05,597,19,-3.2,45.0,0.0,2000.0,-13.5,0.0,0.0,0.0,Winter,No Holiday,Yes
2017-12-05,418,20,-3.5,46.0,0.0,2000.0,-13.4,0.0,0.0,0.0,Winter,No Holiday,Yes
2017-12-05,415,21,-3.7,47.0,0.0,2000.0,-13.3,0.0,0.0,0.0,Winter,No Holiday,Yes
2017-12-05,393,22,-2.8,49.0,0.0,2000.0,-12.0,0.0,0.0,0.0,Winter,No Holiday,Yes
2017-12-05,244,23,-2.5,59.0,0.0,1210.0,-9.4,0.0,0.0,0.0,Winter,No Holiday,Yes
2017-12-06,145,0,-2.8,77.0,0.0,331.0,-6.2,0.0,0.1,0.1,Winter,No Holiday,Yes
2017-12-06,144,1,-3.0,79.0,0.0,293.0,-6.1,0.0,0.0,0.3,Winter,No Holiday,Yes
2017-12-06,117,2,-3.0,79.0,0.0,1862.0,-6.1,0.0,0.0,0.4,Winter,No Holiday,Yes
2017-12-06,78,3,-3.2,78.0,0.0,1808.0,-6.4,0.0,0.2,0.4,Winter,No Holiday,Yes
2017-12-06,58,4,-3.4,75.0,0.0,1982.0,-7.2,0.0,0.0,0.4,Winter,No Holiday,Yes
2017-12-06,87,5,-3.6,76.0,0.0,1934.0,-7.2,0.0,0.0,0.4,Winter,No Holiday,Yes
2017-12-06,142,6,-3.7,76.0,0.0,1864.0,-7.3,0.0,0.0,0.4,Winter,No Holiday,Yes
2017-12-06,379,7,-4.2,77.0,0.0,1741.0,-7.6,0.0,0.0,0.3,Winter,No Holiday,Yes
2017-12-06,802,8,-4.2,78.0,0.0,1518.0,-7.4,0.01,0.0,0.2,Winter,No Holiday,Yes
2017-12-06,440,9,-3.3,70.0,0.0,1324.0,-7.9,0.25,0.0,0.2,Winter,No Holiday,Yes
2017-12-06,307,10,-0.9,64.0,0.0,1224.0,-6.8,0.63,0.0,0.2,Winter,No Holiday,Yes
2017-12-06,381,11,1.6,57.0,1.2,1261.0,-6.0,0.93,0.0,0.0,Winter,No Holiday,Yes
2017-12-06,405,12,2.4,52.0,0.9,1224.0,-6.4,1.08,0.0,0.0,Winter,No Holiday,Yes
2017-12-06,442,13,4.2,47.0,1.1,1469.0,-6.1,1.1,0.0,0.0,Winter,No Holiday,Yes
2017-12-06,416,14,5.5,34.0,1.0,1966.0,-9.1,0.96,0.0,0.0,Winter,No Holiday,Yes
2017-12-06,412,15,5.5,31.0,3.1,1968.0,-10.3,0.72,0.0,0.0,Winter,No Holiday,Yes
2017-12-06,496,16,5.3,37.0,2.9,2000.0,-8.2,0.36,0.0,0.0,Winter,No Holiday,Yes
2017-12-06,239,17,4.1,60.0,2.5,1565.0,-2.9,0.1,0.0,0.0,Winter,No Holiday,Yes
2017-12-06,204,18,1.7,90.0,1.0,66.0,0.2,0.0,0.3,0.3,Winter,No Holiday,Yes
2017-12-06,205,19,1.2,92.0,0.7,180.0,0.0,0.0,0.0,1.0,Winter,No Holiday,Yes
2017-12-06,190,20,1.2,94.0,0.6,228.0,0.3,0.0,0.0,1.0,Winter,No Holiday,Yes
2017-12-06,165,21,1.1,92.0,0.5,235.0,0.0,0.0,0.7,1.0,Winter,No Holiday,Yes
2017-12-06,222,22,1.3,92.0,0.6,233.0,0.1,0.0,0.0,1.0,Winter,No Holiday,Yes
2017-12-06,193,23,1.3,92.0,0.6,209.0,0.1,0.0,0.0,1.0,Winter,No Holiday,Yes
2017-12-07,198,0,1.4,92.0,0.5,240.0,0.2,0.0,0.0,0.9,Winter,No Holiday,Yes
2017-12-07,218,1,1.5,92.0,0.4,227.0,0.3,0.0,0.0,0.9,Winter,No Holiday,Yes
2017-12-07,149,2,1.4,92.0,0.7,168.0,0.2,0.0,0.0,0.9,Winter,No Holiday,Yes
2017-12-07,102,3,1.9,91.0,1.4,218.0,0.5,0.0,0.0,0.9,Winter,No Holiday,Yes
2017-12-07,62,4,1.6,92.0,0.7,119.0,0.4,0.0,0.0,0.9,Winter,No Holiday,Yes
2017-12-07,83,5,1.5,92.0,1.1,175.0,0.3,0.0,0.0,0.9,Winter,No Holiday,Yes
2017-12-07,137,6,1.0,93.0,0.5,148.0,0.0,0.0,0.0,0.9,Winter,No Holiday,Yes
2017-12-07,367,7,0.3,93.0,0.5,173.0,-0.7,0.0,0.0,0.9,Winter,No Holiday,Yes
2017-12-07,754,8,-0.2,96.0,0.8,173.0,-0.7,0.01,0.0,0.8,Winter,No Holiday,Yes
2017-12-07,415,9,0.1,91.0,0.8,265.0,-1.1,0.14,0.0,0.8,Winter,No Holiday,Yes
2017-12-07,321,10,1.1,83.0,0.7,311.0,-1.4,0.41,0.0,0.7,Winter,No Holiday,Yes
2017-12-07,333,11,2.3,69.0,1.7,628.0,-2.8,0.63,0.0,0.6,Winter,No Holiday,Yes
2017-12-07,431,12,3.7,65.0,2.4,833.0,-2.2,0.98,0.0,0.3,Winter,No Holiday,Yes
2017-12-07,394,13,4.1,37.0,3.1,1767.0,-9.3,1.14,0.0,0.0,Winter,No Holiday,Yes
2017-12-07,390,14,4.4,36.0,2.7,1975.0,-9.4,1.04,0.0,0.0,Winter,No Holiday,Yes
2017-12-07,430,15,4.0,35.0,3.1,1962.0,-10.1,0.84,0.0,0.0,Winter,No Holiday,Yes
2017-12-07,471,16,3.2,38.0,2.9,1817.0,-9.7,0.51,0.0,0.0,Winter,No Holiday,Yes
2017-12-07,552,17,2.1,50.0,2.0,1434.0,-7.2,0.15,0.0,0.0,Winter,No Holiday,Yes
2017-12-07,795,18,0.7,46.0,2.7,1558.0,-9.6,0.0,0.0,0.0,Winter,No Holiday,Yes
2017-12-07,507,19,-0.4,47.0,2.5,1269.0,-10.3,0.0,0.0,0.0,Winter,No Holiday,Yes
2017-12-07,390,20,-1.4,47.0,2.5,1620.0,-11.2,0.0,0.0,0.0,Winter,No Holiday,Yes
2017-12-07,402,21,-2.2,46.0,2.2,1975.0,-12.2,0.0,0.0,0.0,Winter,No Holiday,Yes
2017-12-07,389,22,-2.7,48.0,2.6,1844.0,-12.2,0.0,0.0,0.0,Winter,No Holiday,Yes
2017-12-07,259,23,-3.2,50.0,2.1,1887.0,-12.1,0.0,0.0,0.0,Winter,No Holiday,Yes
2017-12-08,233,0,-3.5,49.0,2.6,1893.0,-12.6,0.0,0.0,0.0,Winter,No Holiday,Yes
2017-12-08,230,1,-3.7,50.0,2.5,1902.0,-12.6,0.0,0.0,0.0,Winter,No Holiday,Yes
2017-12-08,131,2,-4.3,53.0,1.0,1918.0,-12.4,0.0,0.0,0.0,Winter,No Holiday,Yes
2017-12-08,99,3,-4.8,52.0,1.6,1978.0,-13.1,0.0,0.0,0.0,Winter,No Holiday,Yes
2017-12-08,71,4,-5.3,53.0,2.4,1936.0,-13.4,0.0,0.0,0.0,Winter,No Holiday,Yes
2017-12-08,84,5,-5.8,56.0,2.0,1941.0,-13.1,0.0,0.0,0.0,Winter,No Holiday,Yes
2017-12-08,158,6,-6.0,56.0,3.5,1853.0,-13.3,0.0,0.0,0.0,Winter,No Holiday,Yes
2017-12-08,387,7,-6.5,57.0,0.8,1776.0,-13.6,0.0,0.0,0.0,Winter,No Holiday,Yes
2017-12-08,780,8,-7.0,59.0,0.8,1559.0,-13.6,0.01,0.0,0.0,Winter,No Holiday,Yes
2017-12-08,395,9,-6.7,50.0,0.9,1492.0,-15.4,0.23,0.0,0.0,Winter,No Holiday,Yes
2017-12-08,261,10,-5.3,44.0,2.8,1516.0,-15.6,0.63,0.0,0.0,Winter,No Holiday,Yes
2017-12-08,310,11,-3.7,39.0,1.4,1595.0,-15.6,0.93,0.0,0.0,Winter,No Holiday,Yes
2017-12-08,355,12,-2.0,30.0,1.4,1728.0,-17.3,1.14,0.0,0.0,Winter,No Holiday,Yes
2017-12-08,354,13,-1.7,28.0,1.8,1963.0,-17.8,1.22,0.0,0.0,Winter,No Holiday,Yes
2017-12-08,350,14,-1.3,27.0,3.1,1906.0,-17.9,1.12,0.0,0.0,Winter,No Holiday,Yes
2017-12-08,362,15,-0.8,26.0,3.3,1977.0,-17.9,0.87,0.0,0.0,Winter,No Holiday,Yes
2017-12-08,401,16,-1.1,24.0,3.4,2000.0,-19.1,0.56,0.0,0.0,Winter,No Holiday,Yes
2017-12-08,500,17,-2.4,30.0,2.7,2000.0,-17.6,0.18,0.0,0.0,Winter,No Holiday,Yes
2017-12-08,752,18,-3.1,33.0,1.2,2000.0,-17.1,0.0,0.0,0.0,Winter,No Holiday,Yes
2017-12-08,477,19,-3.3,35.0,1.1,2000.0,-16.6,0.0,0.0,0.0,Winter,No Holiday,Yes
2017-12-08,384,20,-3.3,34.0,1.5,2000.0,-16.9,0.0,0.0,0.0,Winter,No Holiday,Yes
2017-12-08,336,21,-3.3,35.0,0.5,2000.0,-16.6,0.0,0.0,0.0,Winter,No Holiday,Yes
2017-12-08,347,22,-3.4,39.0,1.2,2000.0,-15.4,0.0,0.0,0.0,Winter,No Holiday,Yes
2017-12-08,275,23,-3.5,43.0,0.9,2000.0,-14.3,0.0,0.0,0.0,Winter,No Holiday,Yes
2017-12-09,267,0,-3.5,48.0,0.9,1967.0,-12.9,0.0,0.0,0.0,Winter,No Holiday,Yes
2017-12-09,296,1,-4.1,49.0,0.6,2000.0,-13.2,0.0,0.0,0.0,Winter,No Holiday,Yes
2017-12-09,237,2,-4.7,50.0,0.7,1983.0,-13.5,0.0,0.0,0.0,Winter,No Holiday,Yes
2017-12-09,169,3,-4.3,47.0,0.6,1992.0,-13.9,0.0,0.0,0.0,Winter,No Holiday,Yes
2017-12-09,96,4,-4.3,49.0,0.7,2000.0,-13.4,0.0,0.0,0.0,Winter,No Holiday,Yes
2017-12-09,56,5,-4.7,49.0,0.8,1999.0,-13.8,0.0,0.0,0.0,Winter,No Holiday,Yes
2017-12-09,76,6,-5.1,53.0,0.9,1975.0,-13.2,0.0,0.0,0.0,Winter,No Holiday,Yes
2017-12-09,127,7,-5.5,56.0,0.8,1950.0,-12.9,0.0,0.0,0.0,Winter,No Holiday,Yes
2017-12-09,222,8,-5.4,56.0,0.7,1940.0,-12.8,0.01,0.0,0.0,Winter,No Holiday,Yes
2017-12-09,291,9,-4.7,48.0,1.0,1784.0,-14.0,0.23,0.0,0.0,Winter,No Holiday,Yes
2017-12-09,273,10,-2.2,42.0,1.3,1646.0,-13.4,0.61,0.0,0.0,Winter,No Holiday,Yes
2017-12-09,351,11,0.0,45.0,1.1,1500.0,-10.5,0.89,0.0,0.0,Winter,No Holiday,Yes
2017-12-09,427,12,2.4,40.0,0.8,1809.0,-9.8,1.05,0.0,0.0,Winter,No Holiday,Yes
2017-12-09,431,13,3.9,36.0,2.0,1702.0,-9.8,1.13,0.0,0.0,Winter,No Holiday,Yes
2017-12-09,486,14,4.7,32.0,2.2,1948.0,-10.6,1.06,0.0,0.0,Winter,No Holiday,Yes
2017-12-09,569,15,5.2,30.0,2.0,1963.0,-11.0,0.84,0.0,0.0,Winter,No Holiday,Yes
2017-12-09,546,16,4.4,33.0,1.6,1963.0,-10.5,0.4,0.0,0.0,Winter,No Holiday,Yes
2017-12-09,481,17,3.5,37.0,1.8,1963.0,-9.8,0.1,0.0,0.0,Winter,No Holiday,Yes
2017-12-09,384,18,2.5,41.0,1.0,1974.0,-9.4,0.0,0.0,0.0,Winter,No Holiday,Yes
2017-12-09,275,19,1.5,48.0,0.4,1878.0,-8.3,0.0,0.0,0.0,Winter,No Holiday,Yes
2017-12-09,298,20,0.8,51.0,1.4,1848.0,-8.2,0.0,0.0,0.0,Winter,No Holiday,Yes
2017-12-09,321,21,-0.1,55.0,0.7,1654.0,-8.0,0.0,0.0,0.0,Winter,No Holiday,Yes
2017-12-09,289,22,-0.5,55.0,0.6,1655.0,-8.4,0.0,0.0,0.0,Winter,No Holiday,Yes
2017-12-09,265,23,-0.1,54.0,1.3,1570.0,-8.3,0.0,0.0,0.0,Winter,No Holiday,Yes
2017-12-10,326,0,-0.2,55.0,1.0,1629.0,-8.1,0.0,0.0,0.0,Winter,No Holiday,Yes
2017-12-10,280,1,-0.2,54.0,0.5,1747.0,-8.4,0.0,0.0,0.0,Winter,No Holiday,Yes
2017-12-10,243,2,0.2,52.0,0.7,1726.0,-8.5,0.0,0.0,0.0,Winter,No Holiday,Yes
2017-12-10,169,3,0.3,53.0,0.5,1748.0,-8.1,0.0,0.0,0.0,Winter,No Holiday,Yes
2017-12-10,71,4,0.4,52.0,1.6,1816.0,-8.3,0.0,0.0,0.0,Winter,No Holiday,Yes
2017-12-10,13,5,0.3,74.0,1.0,178.0,-3.7,0.0,0.0,0.7,Winter,No Holiday,Yes
2017-12-10,9,6,-0.5,90.0,0.9,91.0,-1.9,0.0,2.5,2.7,Winter,No Holiday,Yes
2017-12-10,20,7,-0.4,92.0,1.1,121.0,-1.5,0.0,0.0,4.0,Winter,No Holiday,Yes
2017-12-10,35,8,-0.2,90.0,1.2,378.0,-1.6,0.0,0.0,4.1,Winter,No Holiday,Yes
2017-12-10,31,9,0.2,90.0,1.0,305.0,-1.2,0.0,1.6,4.3,Winter,No Holiday,Yes
2017-12-10,19,10,0.5,91.0,0.4,143.0,-0.8,0.0,0.0,4.3,Winter,No Holiday,Yes
2017-12-10,58,11,0.9,92.0,0.9,137.0,-0.2,0.03,0.0,3.9,Winter,No Holiday,Yes
2017-12-10,119,12,2.3,88.0,0.3,245.0,0.5,0.28,0.0,3.1,Winter,No Holiday,Yes
2017-12-10,182,13,3.3,87.0,1.1,230.0,1.3,0.54,0.0,2.1,Winter,No Holiday,Yes
2017-12-10,235,14,4.2,85.0,0.7,325.0,1.8,0.65,0.0,1.4,Winter,No Holiday,Yes
2017-12-10,180,15,6.7,63.0,4.5,715.0,0.1,0.35,0.0,1.0,Winter,No Holiday,Yes
2017-12-10,214,16,5.4,71.0,3.5,622.0,0.5,0.2,0.0,0.5,Winter,No Holiday,Yes
2017-12-10,226,17,3.6,65.0,4.3,1061.0,-2.3,0.03,0.0,0.4,Winter,No Holiday,Yes
2017-12-10,210,18,2.0,61.0,3.0,2000.0,-4.7,0.0,0.0,0.0,Winter,No Holiday,Yes
2017-12-10,181,19,1.6,53.0,4.0,2000.0,-6.9,0.0,0.0,0.0,Winter,No Holiday,Yes
2017-12-10,165,20,0.6,57.0,3.9,1954.0,-6.9,0.0,0.0,0.0,Winter,No Holiday,Yes
2017-12-10,167,21,0.0,59.0,3.0,1862.0,-7.0,0.0,0.0,0.0,Winter,No Holiday,Yes
2017-12-10,152,22,-1.0,56.0,4.7,2000.0,-8.6,0.0,0.0,0.0,Winter,No Holiday,Yes
2017-12-10,148,23,-1.4,43.0,4.3,2000.0,-12.3,0.0,0.0,0.0,Winter,No Holiday,Yes
2017-12-11,125,0,-2.5,39.0,3.4,2000.0,-14.5,0.0,0.0,0.0,Winter,No Holiday,Yes
2017-12-11,111,1,-3.4,36.0,3.8,2000.0,-16.3,0.0,0.0,0.0,Winter,No Holiday,Yes
2017-12-11,67,2,-4.2,35.0,3.4,2000.0,-17.4,0.0,0.0,0.0,Winter,No Holiday,Yes
2017-12-11,45,3,-4.7,38.0,2.4,2000.0,-16.8,0.0,0.0,0.0,Winter,No Holiday,Yes
2017-12-11,44,4,-5.2,35.0,3.2,2000.0,-18.3,0.0,0.0,0.0,Winter,No Holiday,Yes
2017-12-11,86,5,-5.6,38.0,3.2,1974.0,-17.6,0.0,0.0,0.0,Winter,No Holiday,Yes
2017-12-11,136,6,-5.9,39.0,2.9,1979.0,-17.6,0.0,0.0,0.0,Winter,No Holiday,Yes
2017-12-11,325,7,-6.0,39.0,3.1,1996.0,-17.7,0.0,0.0,0.0,Winter,No Holiday,Yes
2017-12-11,653,8,-6.0,38.0,3.6,1994.0,-18.0,0.01,0.0,0.0,Winter,No Holiday,Yes
2017-12-11,326,9,-5.9,36.0,5.1,1941.0,-18.6,0.1,0.0,0.0,Winter,No Holiday,Yes
2017-12-11,212,10,-5.3,32.0,4.5,2000.0,-19.4,0.62,0.0,0.0,Winter,No Holiday,Yes
2017-12-11,226,11,-4.7,36.0,3.8,2000.0,-17.5,1.0,0.0,0.0,Winter,No Holiday,Yes
2017-12-11,247,12,-5.2,33.0,4.6,1973.0,-19.0,1.26,0.0,0.0,Winter,No Holiday,Yes
2017-12-11,241,13,-5.4,32.0,5.1,1986.0,-19.5,1.24,0.0,0.0,Winter,No Holiday,Yes
2017-12-11,253,14,-5.4,31.0,4.1,1945.0,-19.9,1.13,0.0,0.0,Winter,No Holiday,Yes
2017-12-11,269,15,-5.5,33.0,4.5,2000.0,-19.2,0.92,0.0,0.0,Winter,No Holiday,Yes
2017-12-11,277,16,-6.0,40.0,4.0,2000.0,-17.4,0.55,0.0,0.0,Winter,No Holiday,Yes
2017-12-11,361,17,-7.1,44.0,4.2,2000.0,-17.3,0.18,0.0,0.0,Winter,No Holiday,Yes
2017-12-11,557,18,-7.9,43.0,3.3,2000.0,-18.3,0.0,0.0,0.0,Winter,No Holiday,Yes
2017-12-11,371,19,-8.6,45.0,3.9,2000.0,-18.4,0.0,0.0,0.0,Winter,No Holiday,Yes
2017-12-11,254,20,-9.3,49.0,3.8,2000.0,-18.0,0.0,0.0,0.0,Winter,No Holiday,Yes
2017-12-11,266,21,-9.7,51.0,2.5,2000.0,-17.9,0.0,0.0,0.0,Winter,No Holiday,Yes
2017-12-11,222,22,-10.2,50.0,3.0,2000.0,-18.6,0.0,0.0,0.0,Winter,No Holiday,Yes
2017-12-11,174,23,-10.7,53.0,1.2,2000.0,-18.4,0.0,0.0,0.0,Winter,No Holiday,Yes
2017-12-12,133,0,-11.0,51.0,1.1,2000.0,-19.1,0.0,0.0,0.0,Winter,No Holiday,Yes
2017-12-12,127,1,-11.2,51.0,1.1,2000.0,-19.3,0.0,0.0,0.0,Winter,No Holiday,Yes
2017-12-12,95,2,-11.5,50.0,0.7,2000.0,-19.8,0.0,0.0,0.0,Winter,No Holiday,Yes
2017-12-12,54,3,-11.6,50.0,2.2,1995.0,-19.9,0.0,0.0,0.0,Winter,No Holiday,Yes
2017-12-12,46,4,-11.6,47.0,2.1,1982.0,-20.6,0.0,0.0,0.0,Winter,No Holiday,Yes
2017-12-12,65,5,-11.6,45.0,2.8,1951.0,-21.1,0.0,0.0,0.0,Winter,No Holiday,Yes
2017-12-12,104,6,-11.8,47.0,2.5,1973.0,-20.8,0.0,0.0,0.0,Winter,No Holiday,Yes
2017-12-12,280,7,-12.1,50.0,2.3,1929.0,-20.4,0.0,0.0,0.0,Winter,No Holiday,Yes
2017-12-12,580,8,-12.3,52.0,1.3,1914.0,-20.1,0.0,0.0,0.0,Winter,No Holiday,Yes
2017-12-12,275,9,-11.8,46.0,2.9,1956.0,-21.1,0.1,0.0,0.0,Winter,No Holiday,Yes
2017-12-12,184,10,-10.5,45.0,3.3,1855.0,-20.1,0.6,0.0,0.0,Winter,No Holiday,Yes
2017-12-12,201,11,-9.4,42.0,3.1,1815.0,-19.9,0.93,0.0,0.0,Winter,No Holiday,Yes
2017-12-12,228,12,-8.3,35.0,2.9,1967.0,-21.0,1.14,0.0,0.0,Winter,No Holiday,Yes
2017-12-12,225,13,-6.9,37.0,2.4,1955.0,-19.1,1.22,0.0,0.0,Winter,No Holiday,Yes
2017-12-12,258,14,-5.4,32.0,2.0,1930.0,-19.5,1.12,0.0,0.0,Winter,No Holiday,Yes
2017-12-12,250,15,-5.8,30.0,2.8,2000.0,-20.6,0.92,0.0,0.0,Winter,No Holiday,Yes
2017-12-12,248,16,-6.0,29.0,2.8,1983.0,-21.2,0.58,0.0,0.0,Winter,No Holiday,Yes
2017-12-12,305,17,-7.0,32.0,2.6,2000.0,-20.9,0.19,0.0,0.0,Winter,No Holiday,Yes
2017-12-12,529,18,-7.7,36.0,1.0,2000.0,-20.2,0.0,0.0,0.0,Winter,No Holiday,Yes
2017-12-12,350,19,-8.2,43.0,1.1,2000.0,-18.5,0.0,0.0,0.0,Winter,No Holiday,Yes
2017-12-12,260,20,-8.4,42.0,1.0,2000.0,-19.0,0.0,0.0,0.0,Winter,No Holiday,Yes
2017-12-12,270,21,-8.8,43.0,1.4,1999.0,-19.1,0.0,0.0,0.0,Winter,No Holiday,Yes
2017-12-12,256,22,-9.0,45.0,1.3,1999.0,-18.7,0.0,0.0,0.0,Winter,No Holiday,Yes
2017-12-12,173,23,-9.3,47.0,2.1,2000.0,-18.5,0.0,0.0,0.0,Winter,No Holiday,Yes
2017-12-13,168,0,-9.5,48.0,1.3,1996.0,-18.4,0.0,0.0,0.0,Winter,No Holiday,Yes
2017-12-13,183,1,-10.2,52.0,1.6,1997.0,-18.2,0.0,0.0,0.0,Winter,No Holiday,Yes
2017-12-13,120,2,-10.4,53.0,1.8,1949.0,-18.1,0.0,0.0,0.0,Winter,No Holiday,Yes
2017-12-13,79,3,-10.9,55.0,1.8,1913.0,-18.1,0.0,0.0,0.0,Winter,No Holiday,Yes
2017-12-13,41,4,-11.4,58.0,1.3,1907.0,-18.0,0.0,0.0,0.0,Winter,No Holiday,Yes
2017-12-13,68,5,-11.5,58.0,1.1,1923.0,-18.1,0.0,0.0,0.0,Winter,No Holiday,Yes
2017-12-13,109,6,-11.9,57.0,1.1,1974.0,-18.7,0.0,0.0,0.0,Winter,No Holiday,Yes
2017-12-13,310,7,-11.7,53.0,1.6,1998.0,-19.3,0.0,0.0,0.0,Winter,No Holiday,Yes
2017-12-13,591,8,-11.4,47.0,3.3,2000.0,-20.4,0.0,0.0,0.0,Winter,No Holiday,Yes
2017-12-13,340,9,-11.1,46.0,3.4,1981.0,-20.4,0.1,0.0,0.0,Winter,No Holiday,Yes
2017-12-13,202,10,-9.5,39.0,2.1,1875.0,-20.9,0.6,0.0,0.0,Winter,No Holiday,Yes
2017-12-13,251,11,-8.1,35.0,1.8,1806.0,-20.9,0.96,0.0,0.0,Winter,No Holiday,Yes
2017-12-13,267,12,-6.5,30.0,2.9,1945.0,-21.2,1.17,0.0,0.0,Winter,No Holiday,Yes
2017-12-13,251,13,-5.8,28.0,2.9,1887.0,-21.4,1.23,0.0,0.0,Winter,No Holiday,Yes
2017-12-13,240,14,-4.7,27.0,2.9,1883.0,-20.8,1.12,0.0,0.0,Winter,No Holiday,Yes
2017-12-13,240,15,-4.9,26.0,3.1,1887.0,-21.5,0.89,0.0,0.0,Winter,No Holiday,Yes
2017-12-13,278,16,-4.5,26.0,2.2,2000.0,-21.1,0.56,0.0,0.0,Winter,No Holiday,Yes
2017-12-13,392,17,-5.6,29.0,1.7,2000.0,-20.8,0.18,0.0,0.0,Winter,No Holiday,Yes
2017-12-13,537,18,-6.6,33.0,1.1,2000.0,-20.2,0.0,0.0,0.0,Winter,No Holiday,Yes
2017-12-13,373,19,-6.6,31.0,1.6,2000.0,-20.9,0.0,0.0,0.0,Winter,No Holiday,Yes
2017-12-13,263,20,-7.6,35.0,0.8,2000.0,-20.4,0.0,0.0,0.0,Winter,No Holiday,Yes
2017-12-13,271,21,-8.3,39.0,1.0,2000.0,-19.8,0.0,0.0,0.0,Winter,No Holiday,Yes
2017-12-13,271,22,-8.9,39.0,0.1,2000.0,-20.3,0.0,0.0,0.0,Winter,No Holiday,Yes
2017-12-13,174,23,-9.2,44.0,0.4,1978.0,-19.2,0.0,0.0,0.0,Winter,No Holiday,Yes
2017-12-14,171,0,-9.5,50.0,0.6,1953.0,-18.0,0.0,0.0,0.0,Winter,No Holiday,Yes
2017-12-14,170,1,-9.8,48.0,0.8,2000.0,-18.7,0.0,0.0,0.0,Winter,No Holiday,Yes
2017-12-14,107,2,-10.6,44.0,0.8,1903.0,-20.5,0.0,0.0,0.0,Winter,No Holiday,Yes
2017-12-14,80,3,-10.7,48.0,0.4,1651.0,-19.6,0.0,0.0,0.0,Winter,No Holiday,Yes
2017-12-14,52,4,-11.0,50.0,0.8,1718.0,-19.4,0.0,0.0,0.0,Winter,No Holiday,Yes
2017-12-14,62,5,-10.8,48.0,0.8,1648.0,-19.6,0.0,0.0,0.0,Winter,No Holiday,Yes
2017-12-14,108,6,-11.0,55.0,0.8,1541.0,-18.2,0.0,0.0,0.0,Winter,No Holiday,Yes
2017-12-14,279,7,-10.9,57.0,1.1,1387.0,-17.7,0.0,0.0,0.0,Winter,No Holiday,Yes
2017-12-14,621,8,-10.4,54.0,1.1,1432.0,-17.9,0.01,0.0,0.0,Winter,No Holiday,Yes
2017-12-14,305,9,-9.4,44.0,0.5,1680.0,-19.4,0.13,0.0,0.0,Winter,No Holiday,Yes
2017-12-14,189,10,-7.7,43.0,0.9,1555.0,-18.1,0.35,0.0,0.0,Winter,No Holiday,Yes
2017-12-14,247,11,-6.1,38.0,1.0,1587.0,-18.1,0.52,0.0,0.0,Winter,No Holiday,Yes
2017-12-14,278,12,-4.9,34.0,1.3,1768.0,-18.3,0.6,0.0,0.0,Winter,No Holiday,Yes
2017-12-14,282,13,-3.8,32.0,0.9,1827.0,-18.1,0.52,0.0,0.0,Winter,No Holiday,Yes
2017-12-14,294,14,-2.7,28.0,0.7,1857.0,-18.7,0.65,0.0,0.0,Winter,No Holiday,Yes
2017-12-14,301,15,-2.5,29.0,1.1,1667.0,-18.1,0.48,0.0,0.0,Winter,No Holiday,Yes
2017-12-14,335,16,-2.4,28.0,0.9,1878.0,-18.4,0.35,0.0,0.0,Winter,No Holiday,Yes
2017-12-14,382,17,-2.9,31.0,0.6,1723.0,-17.7,0.09,0.0,0.0,Winter,No Holiday,Yes
2017-12-14,612,18,-3.5,35.0,1.1,1414.0,-16.7,0.0,0.0,0.0,Winter,No Holiday,Yes
2017-12-14,410,19,-4.2,40.0,0.9,1216.0,-15.8,0.0,0.0,0.0,Winter,No Holiday,Yes
2017-12-14,277,20,-4.8,43.0,1.1,1397.0,-15.4,0.0,0.0,0.0,Winter,No Holiday,Yes
2017-12-14,316,21,-4.8,45.0,0.8,1351.0,-14.9,0.0,0.0,0.0,Winter,No Holiday,Yes
2017-12-14,309,22,-4.9,44.0,1.1,1369.0,-15.3,0.0,0.0,0.0,Winter,No Holiday,Yes
2017-12-14,211,23,-5.6,53.0,1.2,1290.0,-13.6,0.0,0.0,0.0,Winter,No Holiday,Yes
2017-12-15,227,0,-5.7,53.0,0.6,1262.0,-13.7,0.0,0.0,0.0,Winter,No Holiday,Yes
2017-12-15,241,1,-6.3,57.0,0.4,1148.0,-13.4,0.0,0.0,0.0,Winter,No Holiday,Yes
2017-12-15,162,2,-6.8,58.0,0.4,1089.0,-13.6,0.0,0.0,0.0,Winter,No Holiday,Yes
2017-12-15,110,3,-6.9,56.0,0.5,1111.0,-14.2,0.0,0.0,0.0,Winter,No Holiday,Yes
2017-12-15,69,4,-7.1,59.0,0.8,1058.0,-13.7,0.0,0.0,0.0,Winter,No Holiday,Yes
2017-12-15,68,5,-7.5,64.0,0.9,989.0,-13.1,0.0,0.0,0.0,Winter,No Holiday,Yes
2017-12-15,129,6,-7.4,64.0,0.7,906.0,-13.0,0.0,0.0,0.0,Winter,No Holiday,Yes
2017-12-15,285,7,-7.0,63.0,0.6,865.0,-12.8,0.0,0.0,0.0,Winter,No Holiday,Yes
2017-12-15,658,8,-6.6,64.0,1.1,791.0,-12.2,0.0,0.0,0.0,Winter,No Holiday,Yes
2017-12-15,330,9,-5.9,60.0,0.6,691.0,-12.4,0.09,0.0,0.0,Winter,No Holiday,Yes
2017-12-15,221,10,-4.6,52.0,0.8,648.0,-12.9,0.34,0.0,0.0,Winter,No Holiday,Yes
2017-12-15,279,11,-2.9,46.0,1.0,809.0,-12.9,0.42,0.0,0.0,Winter,No Holiday,Yes
2017-12-15,309,12,-2.5,43.0,0.7,895.0,-13.3,0.34,0.0,0.0,Winter,No Holiday,Yes
2017-12-15,325,13,-1.6,40.0,0.3,868.0,-13.4,0.32,0.0,0.0,Winter,No Holiday,Yes
2017-12-15,329,14,-0.7,39.0,0.8,826.0,-12.9,0.35,0.0,0.0,Winter,No Holiday,Yes
2017-12-15,342,15,0.1,35.0,1.5,946.0,-13.5,0.42,0.0,0.0,Winter,No Holiday,Yes
2017-12-15,354,16,0.0,37.0,0.6,994.0,-12.9,0.13,0.0,0.0,Winter,No Holiday,Yes
2017-12-15,464,17,-0.2,39.0,0.8,1016.0,-12.5,0.0,0.0,0.0,Winter,No Holiday,Yes
2017-12-15,682,18,0.1,43.0,0.9,1485.0,-11.0,0.0,0.0,0.0,Winter,No Holiday,Yes
2017-12-15,451,19,0.6,41.0,1.2,1550.0,-11.1,0.0,0.0,0.0,Winter,No Holiday,Yes
2017-12-15,320,20,0.9,42.0,1.2,1113.0,-10.5,0.0,0.0,0.0,Winter,No Holiday,Yes
2017-12-15,300,21,0.7,47.0,2.7,1283.0,-9.3,0.0,0.0,0.0,Winter,No Holiday,Yes
2017-12-15,296,22,-0.1,49.0,2.0,870.0,-9.5,0.0,0.0,0.0,Winter,No Holiday,Yes
2017-12-15,247,23,-1.3,60.0,2.5,792.0,-8.0,0.0,0.0,0.0,Winter,No Holiday,Yes
2017-12-16,217,0,-2.6,73.0,3.4,787.0,-6.7,0.0,0.0,0.0,Winter,No Holiday,Yes
2017-12-16,302,1,-3.4,76.0,2.9,582.0,-7.0,0.0,0.0,0.0,Winter,No Holiday,Yes
2017-12-16,228,2,-4.1,73.0,2.1,567.0,-8.2,0.0,0.0,0.0,Winter,No Holiday,Yes
2017-12-16,129,3,-4.5,71.0,1.6,651.0,-8.9,0.0,0.0,0.0,Winter,No Holiday,Yes
2017-12-16,80,4,-5.0,70.0,2.7,702.0,-9.6,0.0,0.0,0.0,Winter,No Holiday,Yes
2017-12-16,45,5,-5.6,72.0,2.0,662.0,-9.8,0.0,0.0,0.0,Winter,No Holiday,Yes
2017-12-16,66,6,-6.1,69.0,2.9,765.0,-10.8,0.0,0.0,0.0,Winter,No Holiday,Yes
2017-12-16,90,7,-6.7,64.0,2.1,977.0,-12.3,0.0,0.0,0.0,Winter,No Holiday,Yes
2017-12-16,190,8,-7.3,62.0,2.6,1112.0,-13.3,0.0,0.0,0.0,Winter,No Holiday,Yes
2017-12-16,195,9,-7.2,47.0,2.8,1724.0,-16.6,0.18,0.0,0.0,Winter,No Holiday,Yes
2017-12-16,201,10,-6.2,42.0,2.3,1893.0,-17.0,0.52,0.0,0.0,Winter,No Holiday,Yes
2017-12-16,239,11,-5.2,30.0,4.0,1991.0,-20.1,0.86,0.0,0.0,Winter,No Holiday,Yes
2017-12-16,252,12,-4.1,28.0,3.8,1998.0,-19.9,1.08,0.0,0.0,Winter,No Holiday,Yes
2017-12-16,296,13,-3.7,23.0,4.0,1980.0,-21.8,1.12,0.0,0.0,Winter,No Holiday,Yes
2017-12-16,292,14,-3.4,22.0,4.3,1966.0,-22.1,1.07,0.0,0.0,Winter,No Holiday,Yes
2017-12-16,291,15,-3.3,22.0,5.0,2000.0,-22.0,0.86,0.0,0.0,Winter,No Holiday,Yes
2017-12-16,258,16,-3.3,24.0,3.5,2000.0,-21.0,0.54,0.0,0.0,Winter,No Holiday,Yes
2017-12-16,277,17,-4.6,26.0,2.6,2000.0,-21.2,0.17,0.0,0.0,Winter,No Holiday,Yes
2017-12-16,212,18,-5.3,28.0,3.5,2000.0,-21.0,0.0,0.0,0.0,Winter,No Holiday,Yes
2017-12-16,173,19,-6.0,32.0,2.4,2000.0,-20.0,0.0,0.0,0.0,Winter,No Holiday,Yes
2017-12-16,143,20,-6.6,37.0,3.4,2000.0,-18.9,0.0,0.0,0.0,Winter,No Holiday,Yes
2017-12-16,159,21,-7.1,39.0,3.2,2000.0,-18.7,0.0,0.0,0.0,Winter,No Holiday,Yes
2017-12-16,155,22,-7.6,41.0,1.6,2000.0,-18.6,0.0,0.0,0.0,Winter,No Holiday,Yes
2017-12-16,142,23,-8.0,41.0,2.2,2000.0,-18.9,0.0,0.0,0.0,Winter,No Holiday,Yes
2017-12-17,175,0,-8.1,41.0,2.0,2000.0,-19.0,0.0,0.0,0.0,Winter,No Holiday,Yes
2017-12-17,146,1,-8.4,40.0,1.6,2000.0,-19.6,0.0,0.0,0.0,Winter,No Holiday,Yes
2017-12-17,132,2,-8.7,40.0,2.8,2000.0,-19.8,0.0,0.0,0.0,Winter,No Holiday,Yes
2017-12-17,100,3,-9.0,40.0,3.1,2000.0,-20.1,0.0,0.0,0.0,Winter,No Holiday,Yes
2017-12-17,41,4,-9.5,40.0,1.9,2000.0,-20.6,0.0,0.0,0.0,Winter,No Holiday,Yes
2017-12-17,31,5,-9.7,41.0,3.1,2000.0,-20.5,0.0,0.0,0.0,Winter,No Holiday,Yes
2017-12-17,39,6,-9.9,42.0,2.3,2000.0,-20.4,0.0,0.0,0.0,Winter,No Holiday,Yes
2017-12-17,53,7,-10.2,42.0,2.3,2000.0,-20.6,0.0,0.0,0.0,Winter,No Holiday,Yes
2017-12-17,94,8,-10.7,43.0,0.9,2000.0,-20.8,0.0,0.0,0.0,Winter,No Holiday,Yes
2017-12-17,122,9,-10.5,38.0,1.1,1950.0,-22.1,0.19,0.0,0.0,Winter,No Holiday,Yes
2017-12-17,142,10,-8.5,31.0,1.5,1997.0,-22.6,0.58,0.0,0.0,Winter,No Holiday,Yes
2017-12-17,189,11,-7.2,29.0,1.8,1926.0,-22.2,0.88,0.0,0.0,Winter,No Holiday,Yes
2017-12-17,216,12,-4.9,25.0,2.6,1966.0,-21.9,1.08,0.0,0.0,Winter,No Holiday,Yes
2017-12-17,223,13,-4.5,25.0,3.2,1989.0,-21.6,1.14,0.0,0.0,Winter,No Holiday,Yes
2017-12-17,268,14,-3.2,26.0,3.1,1933.0,-20.0,1.07,0.0,0.0,Winter,No Holiday,Yes
2017-12-17,278,15,-2.5,28.0,2.0,2000.0,-18.5,0.85,0.0,0.0,Winter,No Holiday,Yes
2017-12-17,256,16,-2.7,31.0,2.3,2000.0,-17.5,0.54,0.0,0.0,Winter,No Holiday,Yes
2017-12-17,266,17,-3.8,35.0,2.4,2000.0,-17.0,0.17,0.0,0.0,Winter,No Holiday,Yes
2017-12-17,204,18,-4.7,37.0,1.8,2000.0,-17.2,0.01,0.0,0.0,Winter,No Holiday,Yes
2017-12-17,157,19,-5.6,39.0,1.1,2000.0,-17.3,0.0,0.0,0.0,Winter,No Holiday,Yes
2017-12-17,166,20,-6.0,42.0,0.8,2000.0,-16.8,0.0,0.0,0.0,Winter,No Holiday,Yes
2017-12-17,168,21,-6.5,45.0,0.7,2000.0,-16.4,0.0,0.0,0.0,Winter,No Holiday,Yes
2017-12-17,172,22,-6.6,50.0,0.6,1990.0,-15.3,0.0,0.0,0.0,Winter,No Holiday,Yes
2017-12-17,138,23,-6.9,53.0,0.7,2000.0,-14.8,0.0,0.0,0.0,Winter,No Holiday,Yes
2017-12-18,151,0,-5.9,50.0,0.6,2000.0,-14.6,0.0,0.0,0.0,Winter,No Holiday,Yes
2017-12-18,97,1,-5.3,48.0,0.4,1664.0,-14.6,0.0,0.0,0.0,Winter,No Holiday,Yes
2017-12-18,38,2,-5.0,65.0,0.4,990.0,-10.5,0.0,0.0,0.2,Winter,No Holiday,Yes
2017-12-18,32,3,-5.3,76.0,1.0,767.0,-8.8,0.0,0.3,0.5,Winter,No Holiday,Yes
2017-12-18,29,4,-5.4,81.0,0.7,270.0,-8.1,0.0,0.0,0.7,Winter,No Holiday,Yes
2017-12-18,27,5,-5.3,81.0,0.9,923.0,-8.0,0.0,0.0,0.8,Winter,No Holiday,Yes
2017-12-18,45,6,-5.2,85.0,0.9,271.0,-7.3,0.0,0.4,1.3,Winter,No Holiday,Yes
2017-12-18,96,7,-5.0,85.0,0.7,186.0,-7.1,0.0,0.0,1.8,Winter,No Holiday,Yes
2017-12-18,146,8,-4.6,86.0,1.2,508.0,-6.5,0.0,0.0,2.0,Winter,No Holiday,Yes
2017-12-18,52,9,-4.3,89.0,1.0,59.0,-5.8,0.0,1.6,4.0,Winter,No Holiday,Yes
2017-12-18,36,10,-3.7,87.0,1.0,541.0,-5.5,0.03,0.0,4.8,Winter,No Holiday,Yes
2017-12-18,44,11,-2.9,85.0,1.2,243.0,-5.0,0.06,0.0,4.8,Winter,No Holiday,Yes
2017-12-18,62,12,-1.8,83.0,1.2,351.0,-4.3,0.09,1.1,5.1,Winter,No Holiday,Yes
2017-12-18,76,13,-0.9,84.0,1.2,333.0,-3.2,0.09,0.0,5.0,Winter,No Holiday,Yes
2017-12-18,116,14,0.5,76.0,0.9,364.0,-3.2,0.17,0.0,4.2,Winter,No Holiday,Yes
2017-12-18,137,15,1.6,73.0,0.9,421.0,-2.7,0.6,0.0,3.2,Winter,No Holiday,Yes
2017-12-18,181,16,1.8,76.0,0.8,410.0,-1.9,0.47,0.0,2.7,Winter,No Holiday,Yes
2017-12-18,175,17,0.4,84.0,0.8,317.0,-1.9,0.15,0.0,2.7,Winter,No Holiday,Yes
2017-12-18,281,18,0.0,88.0,0.6,277.0,-1.7,0.0,0.0,2.7,Winter,No Holiday,Yes
2017-12-18,198,19,1.3,65.0,1.1,1122.0,-4.5,0.0,0.0,2.7,Winter,No Holiday,Yes
2017-12-18,165,20,3.3,65.0,3.2,1172.0,-2.6,0.0,0.0,2.7,Winter,No Holiday,Yes
2017-12-18,148,21,2.8,73.0,2.4,831.0,-1.5,0.0,0.0,2.6,Winter,No Holiday,Yes
2017-12-18,160,22,1.5,82.0,2.4,537.0,-1.2,0.0,0.0,2.6,Winter,No Holiday,Yes
2017-12-18,128,23,0.1,81.0,2.9,551.0,-2.7,0.0,0.0,2.6,Winter,No Holiday,Yes
2017-12-19,122,0,-1.0,73.0,2.3,881.0,-5.2,0.0,0.0,2.6,Winter,No Holiday,Yes
2017-12-19,122,1,-2.0,72.0,0.8,979.0,-6.3,0.0,0.0,2.6,Winter,No Holiday,Yes
2017-12-19,93,2,-2.7,72.0,0.9,990.0,-7.0,0.0,0.0,2.6,Winter,No Holiday,Yes
2017-12-19,55,3,-2.8,58.0,1.6,1315.0,-9.9,0.0,0.0,2.6,Winter,No Holiday,Yes
2017-12-19,39,4,-2.9,59.0,1.8,1286.0,-9.8,0.0,0.0,2.6,Winter,No Holiday,Yes
2017-12-19,55,5,-3.9,66.0,0.7,1209.0,-9.3,0.0,0.0,2.6,Winter,No Holiday,Yes
2017-12-19,78,6,-4.3,70.0,1.6,1169.0,-8.9,0.0,0.0,2.6,Winter,No Holiday,Yes
2017-12-19,165,7,-4.4,64.0,2.8,1367.0,-10.1,0.0,0.0,2.6,Winter,No Holiday,Yes
2017-12-19,390,8,-5.2,58.0,2.2,1594.0,-12.1,0.0,0.0,2.5,Winter,No Holiday,Yes
2017-12-19,199,9,-5.3,48.0,2.6,1810.0,-14.6,0.18,0.0,2.5,Winter,No Holiday,Yes
2017-12-19,151,10,-4.6,41.0,2.8,1815.0,-15.8,0.57,0.0,2.5,Winter,No Holiday,Yes
2017-12-19,174,11,-3.5,35.0,2.2,1742.0,-16.7,0.87,0.0,2.5,Winter,No Holiday,Yes
2017-12-19,191,12,-2.5,31.0,2.6,1778.0,-17.3,1.08,0.0,2.3,Winter,No Holiday,Yes
2017-12-19,189,13,-2.2,25.0,3.2,1970.0,-19.6,1.17,0.0,2.2,Winter,No Holiday,Yes
2017-12-19,178,14,-2.2,23.0,3.7,1971.0,-20.5,1.09,0.0,2.2,Winter,No Holiday,Yes
2017-12-19,195,15,-1.3,26.0,3.0,2000.0,-18.3,0.91,0.0,2.1,Winter,No Holiday,Yes
2017-12-19,211,16,-1.8,31.0,3.1,1993.0,-16.7,0.56,0.0,2.0,Winter,No Holiday,Yes
2017-12-19,256,17,-2.7,35.0,1.8,2000.0,-16.0,0.18,0.0,2.0,Winter,No Holiday,Yes
2017-12-19,384,18,-3.8,42.0,3.3,2000.0,-14.8,0.0,0.0,2.0,Winter,No Holiday,Yes
2017-12-19,276,19,-4.5,51.0,2.0,2000.0,-13.1,0.0,0.0,2.0,Winter,No Holiday,Yes
2017-12-19,225,20,-4.9,55.0,2.0,2000.0,-12.5,0.0,0.0,2.0,Winter,No Holiday,Yes
2017-12-19,224,21,-5.0,57.0,1.9,2000.0,-12.2,0.0,0.0,2.0,Winter,No Holiday,Yes
2017-12-19,213,22,-5.5,56.0,1.5,2000.0,-12.9,0.0,0.0,2.0,Winter,No Holiday,Yes
2017-12-19,149,23,-5.8,57.0,1.7,2000.0,-12.9,0.0,0.0,2.0,Winter,No Holiday,Yes
2017-12-20,142,0,-6.5,63.0,1.5,1666.0,-12.3,0.0,0.0,2.0,Winter,No Holiday,Yes
2017-12-20,172,1,-7.3,67.0,1.1,1593.0,-12.3,0.0,0.0,2.0,Winter,No Holiday,Yes
2017-12-20,108,2,-7.8,68.0,0.9,1642.0,-12.6,0.0,0.0,2.0,Winter,No Holiday,Yes
2017-12-20,71,3,-8.1,70.0,1.3,1557.0,-12.6,0.0,0.0,2.0,Winter,No Holiday,Yes
2017-12-20,38,4,-8.5,73.0,1.0,1723.0,-12.4,0.0,0.0,2.0,Winter,No Holiday,Yes
2017-12-20,56,5,-8.3,67.0,0.9,1566.0,-13.3,0.0,0.0,2.0,Winter,No Holiday,Yes
2017-12-20,97,6,-8.2,66.0,0.9,1718.0,-13.4,0.0,0.0,2.0,Winter,No Holiday,Yes
2017-12-20,213,7,-8.1,67.0,0.9,1737.0,-13.1,0.0,0.0,2.0,Winter,No Holiday,Yes
2017-12-20,466,8,-7.8,65.0,1.1,1738.0,-13.2,0.0,0.0,2.0,Winter,No Holiday,Yes
2017-12-20,239,9,-6.7,62.0,1.1,1749.0,-12.7,0.09,0.0,2.0,Winter,No Holiday,Yes
2017-12-20,162,10,-5.4,56.0,1.1,1751.0,-12.8,0.28,0.0,2.0,Winter,No Holiday,Yes
2017-12-20,204,11,-4.2,51.0,1.1,1772.0,-12.8,0.4,0.0,1.9,Winter,No Holiday,Yes
2017-12-20,209,12,-3.2,49.0,1.3,1723.0,-12.4,0.53,0.0,1.9,Winter,No Holiday,Yes
2017-12-20,228,13,-1.3,43.0,1.0,1777.0,-12.3,0.8,0.0,1.7,Winter,No Holiday,Yes
2017-12-20,243,14,-0.5,44.0,1.0,1793.0,-11.2,0.71,0.0,1.7,Winter,No Holiday,Yes
2017-12-20,240,15,-0.2,45.0,1.0,1852.0,-10.7,0.41,0.0,1.6,Winter,No Holiday,Yes
2017-12-20,225,16,-0.5,48.0,1.1,1722.0,-10.1,0.12,0.0,1.6,Winter,No Holiday,Yes
2017-12-20,237,17,-0.9,70.0,1.1,299.0,-5.6,0.02,0.0,2.2,Winter,No Holiday,Yes
2017-12-20,329,18,-1.4,79.0,1.6,702.0,-4.5,0.0,0.1,2.2,Winter,No Holiday,Yes
2017-12-20,190,19,-1.5,81.0,1.8,751.0,-4.3,0.0,0.0,2.2,Winter,No Holiday,Yes
2017-12-20,165,20,-1.9,86.0,0.9,700.0,-3.9,0.0,0.0,2.4,Winter,No Holiday,Yes
2017-12-20,197,21,-2.0,83.0,1.2,904.0,-4.5,0.0,0.1,2.4,Winter,No Holiday,Yes
2017-12-20,184,22,-1.6,82.0,0.4,929.0,-4.2,0.0,0.0,2.3,Winter,No Holiday,Yes
2017-12-20,153,23,-1.1,87.0,1.4,349.0,-2.9,0.0,0.0,2.2,Winter,No Holiday,Yes
2017-12-21,166,0,-1.3,90.0,2.0,259.0,-2.7,0.0,0.0,2.2,Winter,No Holiday,Yes
2017-12-21,189,1,-1.8,90.0,1.6,263.0,-3.2,0.0,0.0,2.2,Winter,No Holiday,Yes
2017-12-21,132,2,-2.2,88.0,1.4,348.0,-3.9,0.0,0.0,2.2,Winter,No Holiday,Yes
2017-12-21,79,3,-2.9,89.0,1.3,288.0,-4.4,0.0,0.0,2.2,Winter,No Holiday,Yes
2017-12-21,58,4,-3.6,91.0,1.2,241.0,-4.8,0.0,0.0,2.2,Winter,No Holiday,Yes
2017-12-21,49,5,-4.3,91.0,1.5,233.0,-5.5,0.0,0.0,2.2,Winter,No Holiday,Yes
2017-12-21,84,6,-4.8,91.0,1.1,266.0,-6.0,0.0,0.0,2.2,Winter,No Holiday,Yes
2017-12-21,178,7,-5.3,90.0,1.1,311.0,-6.6,0.0,0.0,2.2,Winter,No Holiday,Yes
2017-12-21,423,8,-5.6,89.0,0.9,371.0,-7.1,0.0,0.0,2.2,Winter,No Holiday,Yes
2017-12-21,265,9,-5.3,88.0,0.4,463.0,-6.9,0.21,0.0,2.2,Winter,No Holiday,Yes
2017-12-21,169,10,-3.0,71.0,0.7,608.0,-7.5,0.67,0.0,2.1,Winter,No Holiday,Yes
2017-12-21,243,11,-0.7,62.0,0.7,519.0,-7.0,0.77,0.0,2.0,Winter,No Holiday,Yes
2017-12-21,290,12,1.9,40.0,2.0,1835.0,-10.3,1.04,0.0,1.9,Winter,No Holiday,Yes
2017-12-21,285,13,3.2,42.0,1.8,1349.0,-8.5,1.08,0.0,1.8,Winter,No Holiday,Yes
2017-12-21,255,14,4.3,47.0,2.3,953.0,-6.0,0.96,0.0,1.6,Winter,No Holiday,Yes
2017-12-21,316,15,4.4,46.0,1.4,1113.0,-6.2,0.78,0.0,1.0,Winter,No Holiday,Yes
2017-12-21,301,16,4.1,51.0,1.8,1112.0,-5.1,0.48,0.0,0.9,Winter,No Holiday,Yes
2017-12-21,366,17,2.9,60.0,1.3,1193.0,-4.1,0.16,0.0,0.8,Winter,No Holiday,Yes
2017-12-21,531,18,1.7,64.0,1.3,1140.0,-4.3,0.0,0.0,0.8,Winter,No Holiday,Yes
2017-12-21,355,19,0.8,71.0,0.9,923.0,-3.8,0.0,0.0,0.8,Winter,No Holiday,Yes
2017-12-21,288,20,0.2,72.0,0.7,990.0,-4.2,0.0,0.0,0.8,Winter,No Holiday,Yes
2017-12-21,248,21,-0.4,74.0,0.6,1065.0,-4.4,0.0,0.0,0.8,Winter,No Holiday,Yes
2017-12-21,252,22,-1.1,78.0,0.6,865.0,-4.4,0.0,0.0,0.8,Winter,No Holiday,Yes
2017-12-21,212,23,-1.5,79.0,0.6,821.0,-4.6,0.0,0.0,0.8,Winter,No Holiday,Yes
2017-12-22,196,0,-1.7,79.0,0.5,794.0,-4.8,0.0,0.0,0.8,Winter,Holiday,Yes
2017-12-22,250,1,-1.6,79.0,0.6,784.0,-4.7,0.0,0.0,0.8,Winter,Holiday,Yes
2017-12-22,161,2,-1.1,79.0,0.7,736.0,-4.2,0.0,0.0,0.8,Winter,Holiday,Yes
2017-12-22,99,3,-0.6,76.0,0.5,789.0,-4.3,0.0,0.0,0.7,Winter,Holiday,Yes
2017-12-22,64,4,-0.3,76.0,0.9,760.0,-4.0,0.0,0.0,0.7,Winter,Holiday,Yes
2017-12-22,76,5,-0.2,73.0,0.8,880.0,-4.4,0.0,0.0,0.7,Winter,Holiday,Yes
2017-12-22,114,6,-0.1,71.0,0.8,895.0,-4.7,0.0,0.0,0.7,Winter,Holiday,Yes
2017-12-22,283,7,-0.3,72.0,0.7,919.0,-4.7,0.0,0.0,0.7,Winter,Holiday,Yes
2017-12-22,544,8,-0.4,69.0,0.5,904.0,-5.4,0.0,0.0,0.7,Winter,Holiday,Yes
2017-12-22,298,9,0.3,67.0,0.7,897.0,-5.1,0.03,0.0,0.6,Winter,Holiday,Yes
2017-12-22,248,10,1.4,64.0,1.0,897.0,-4.6,0.25,0.0,0.5,Winter,Holiday,Yes
2017-12-22,278,11,3.1,57.0,0.8,804.0,-4.6,0.63,0.0,0.0,Winter,Holiday,Yes
2017-12-22,301,12,4.5,56.0,0.8,836.0,-3.5,0.71,0.0,0.0,Winter,Holiday,Yes
2017-12-22,320,13,5.4,55.0,1.2,820.0,-2.9,0.66,0.0,0.0,Winter,Holiday,Yes
2017-12-22,326,14,5.9,55.0,0.6,779.0,-2.4,0.48,0.0,0.0,Winter,Holiday,Yes
2017-12-22,386,15,6.5,55.0,0.9,801.0,-1.9,0.38,0.0,0.0,Winter,Holiday,Yes
2017-12-22,416,16,6.0,58.0,0.7,732.0,-1.6,0.19,0.0,0.0,Winter,Holiday,Yes
2017-12-22,477,17,5.4,61.0,1.3,691.0,-1.5,0.08,0.0,0.0,Winter,Holiday,Yes
2017-12-22,671,18,4.9,63.0,0.6,677.0,-1.5,0.0,0.0,0.0,Winter,Holiday,Yes
2017-12-22,481,19,5.2,64.0,0.7,691.0,-1.0,0.0,0.0,0.0,Winter,Holiday,Yes
2017-12-22,323,20,5.9,67.0,1.3,779.0,0.2,0.0,0.0,0.0,Winter,Holiday,Yes
2017-12-22,309,21,6.1,70.0,2.2,763.0,1.0,0.0,0.0,0.0,Winter,Holiday,Yes
2017-12-22,314,22,6.1,70.0,2.7,806.0,1.0,0.0,0.0,0.0,Winter,Holiday,Yes
2017-12-22,249,23,5.8,74.0,2.5,832.0,1.5,0.0,0.0,0.0,Winter,Holiday,Yes
2017-12-23,282,0,5.8,75.0,1.9,788.0,1.7,0.0,0.0,0.0,Winter,No Holiday,Yes
2017-12-23,337,1,5.7,75.0,1.7,706.0,1.6,0.0,0.0,0.0,Winter,No Holiday,Yes
2017-12-23,312,2,5.6,76.0,1.6,641.0,1.6,0.0,0.0,0.0,Winter,No Holiday,Yes
2017-12-23,230,3,5.4,77.0,1.6,583.0,1.6,0.0,0.0,0.0,Winter,No Holiday,Yes
2017-12-23,120,4,5.3,79.0,0.9,506.0,1.9,0.0,0.0,0.0,Winter,No Holiday,Yes
2017-12-23,59,5,5.0,81.0,1.2,425.0,2.0,0.0,0.0,0.0,Winter,No Holiday,Yes
2017-12-23,63,6,5.1,81.0,1.3,375.0,2.1,0.0,0.0,0.0,Winter,No Holiday,Yes
2017-12-23,99,7,5.1,82.0,0.7,334.0,2.2,0.0,0.0,0.0,Winter,No Holiday,Yes
2017-12-23,188,8,5.1,83.0,0.9,297.0,2.4,0.0,0.0,0.0,Winter,No Holiday,Yes
2017-12-23,239,9,5.2,84.0,0.7,226.0,2.7,0.03,0.0,0.0,Winter,No Holiday,Yes
2017-12-23,235,10,5.4,82.0,1.2,215.0,2.5,0.13,0.0,0.0,Winter,No Holiday,Yes
2017-12-23,282,11,5.7,81.0,1.1,192.0,2.6,0.18,0.0,0.0,Winter,No Holiday,Yes
2017-12-23,325,12,7.0,72.0,1.9,246.0,2.2,0.64,0.0,0.0,Winter,No Holiday,Yes
2017-12-23,423,13,7.7,68.0,1.0,249.0,2.1,0.58,0.0,0.0,Winter,No Holiday,Yes
2017-12-23,405,14,8.6,63.0,1.6,263.0,1.9,0.72,0.0,0.0,Winter,No Holiday,Yes
2017-12-23,443,15,8.6,64.0,1.5,269.0,2.1,0.57,0.0,0.0,Winter,No Holiday,Yes
2017-12-23,473,16,8.2,64.0,1.0,281.0,1.7,0.32,0.0,0.0,Winter,No Holiday,Yes
2017-12-23,453,17,7.7,67.0,0.9,264.0,1.9,0.11,0.0,0.0,Winter,No Holiday,Yes
2017-12-23,340,18,6.6,73.0,0.4,229.0,2.0,0.0,0.0,0.0,Winter,No Holiday,Yes
2017-12-23,260,19,6.0,76.0,1.1,219.0,2.0,0.0,0.0,0.0,Winter,No Holiday,Yes
2017-12-23,258,20,5.9,75.0,1.5,222.0,1.7,0.0,0.0,0.0,Winter,No Holiday,Yes
2017-12-23,279,21,5.6,77.0,0.9,212.0,1.8,0.0,0.0,0.0,Winter,No Holiday,Yes
2017-12-23,282,22,5.3,79.0,0.6,200.0,1.9,0.0,0.0,0.0,Winter,No Holiday,Yes
2017-12-23,237,23,5.5,80.0,0.6,185.0,2.3,0.0,0.0,0.0,Winter,No Holiday,Yes
2017-12-24,266,0,5.6,78.0,0.6,196.0,2.0,0.0,0.0,0.0,Winter,Holiday,Yes
2017-12-24,251,1,5.6,78.0,0.5,197.0,2.0,0.0,0.0,0.0,Winter,Holiday,Yes
2017-12-24,196,2,5.4,80.0,0.9,190.0,2.2,0.0,0.0,0.0,Winter,Holiday,Yes
2017-12-24,149,3,5.2,82.0,0.8,190.0,2.3,0.0,0.0,0.0,Winter,Holiday,Yes
2017-12-24,79,4,5.2,82.0,0.7,189.0,2.3,0.0,0.0,0.0,Winter,Holiday,Yes
2017-12-24,44,5,5.1,82.0,0.6,185.0,2.2,0.0,0.0,0.0,Winter,Holiday,Yes
2017-12-24,12,6,4.9,84.0,1.3,159.0,2.4,0.0,0.1,0.0,Winter,Holiday,Yes
2017-12-24,3,7,4.7,89.0,1.1,100.0,3.0,0.0,0.0,0.0,Winter,Holiday,Yes
2017-12-24,4,8,4.6,91.0,1.7,95.0,3.2,0.0,0.0,0.0,Winter,Holiday,Yes
2017-12-24,3,9,4.6,94.0,0.9,90.0,3.7,0.0,6.4,0.0,Winter,Holiday,Yes
2017-12-24,4,10,4.8,96.0,0.6,87.0,4.2,0.04,0.0,0.0,Winter,Holiday,Yes
2017-12-24,9,11,4.6,95.0,0.8,156.0,3.8,0.05,0.0,0.0,Winter,Holiday,Yes
2017-12-24,4,12,4.1,91.0,0.8,404.0,2.7,0.07,9.5,0.0,Winter,Holiday,Yes
2017-12-24,7,13,3.7,90.0,0.7,744.0,2.2,0.15,0.0,0.0,Winter,Holiday,Yes
2017-12-24,28,14,3.3,90.0,2.5,561.0,1.8,0.19,0.0,0.0,Winter,Holiday,Yes
2017-12-24,38,15,2.9,90.0,2.0,380.0,1.4,0.08,3.5,0.0,Winter,Holiday,Yes
2017-12-24,54,16,2.3,91.0,3.3,270.0,0.9,0.07,0.0,0.0,Winter,Holiday,Yes
2017-12-24,104,17,2.2,86.0,2.6,605.0,0.0,0.04,0.0,0.0,Winter,Holiday,Yes
2017-12-24,128,18,1.9,82.0,4.3,699.0,-0.8,0.01,0.5,0.0,Winter,Holiday,Yes
2017-12-24,132,19,1.1,68.0,4.4,695.0,-4.1,0.0,0.0,0.0,Winter,Holiday,Yes
2017-12-24,116,20,0.6,67.0,3.3,506.0,-4.8,0.0,0.0,0.0,Winter,Holiday,Yes
2017-12-24,145,21,0.4,69.0,3.5,477.0,-4.6,0.0,0.0,0.0,Winter,Holiday,Yes
2017-12-24,110,22,0.2,69.0,2.7,565.0,-4.8,0.0,0.0,0.0,Winter,Holiday,Yes
2017-12-24,128,23,0.0,63.0,3.2,884.0,-6.2,0.0,0.0,0.0,Winter,Holiday,Yes
2017-12-25,160,0,-0.6,64.0,2.4,1010.0,-6.5,0.0,0.0,0.0,Winter,Holiday,Yes
2017-12-25,132,1,-1.2,57.0,4.3,1429.0,-8.6,0.0,0.0,0.0,Winter,Holiday,Yes
2017-12-25,115,2,-1.8,53.0,4.1,1825.0,-10.1,0.0,0.0,0.0,Winter,Holiday,Yes
2017-12-25,100,3,-2.3,52.0,3.4,1947.0,-10.8,0.0,0.0,0.0,Winter,Holiday,Yes
2017-12-25,72,4,-3.0,51.0,3.2,2000.0,-11.7,0.0,0.0,0.0,Winter,Holiday,Yes
2017-12-25,32,5,-3.7,51.0,2.6,2000.0,-12.3,0.0,0.0,0.0,Winter,Holiday,Yes
2017-12-25,59,6,-4.1,50.0,3.0,2000.0,-13.0,0.0,0.0,0.0,Winter,Holiday,Yes
2017-12-25,61,7,-4.6,46.0,2.8,2000.0,-14.4,0.0,0.0,0.0,Winter,Holiday,Yes
2017-12-25,94,8,-4.9,44.0,3.0,2000.0,-15.3,0.0,0.0,0.0,Winter,Holiday,Yes
2017-12-25,107,9,-4.6,40.0,3.5,2000.0,-16.1,0.18,0.0,0.0,Winter,Holiday,Yes
2017-12-25,133,10,-3.7,35.0,3.7,1937.0,-16.9,0.57,0.0,0.0,Winter,Holiday,Yes
2017-12-25,179,11,-2.8,35.0,2.9,1984.0,-16.1,0.87,0.0,0.0,Winter,Holiday,Yes
2017-12-25,221,12,-1.6,33.0,2.5,1874.0,-15.8,1.18,0.0,0.0,Winter,Holiday,Yes
2017-12-25,244,13,-1.5,33.0,3.8,2000.0,-15.7,1.18,0.0,0.0,Winter,Holiday,Yes
2017-12-25,274,14,-0.4,31.0,2.0,2000.0,-15.5,1.1,0.0,0.0,Winter,Holiday,Yes
2017-12-25,319,15,0.4,28.0,2.5,2000.0,-16.0,0.9,0.0,0.0,Winter,Holiday,Yes
2017-12-25,272,16,0.4,27.0,2.0,2000.0,-16.4,0.58,0.0,0.0,Winter,Holiday,Yes
2017-12-25,260,17,-0.7,29.0,2.0,2000.0,-16.5,0.21,0.0,0.0,Winter,Holiday,Yes
2017-12-25,237,18,-1.6,33.0,2.0,2000.0,-15.8,0.0,0.0,0.0,Winter,Holiday,Yes
2017-12-25,184,19,-1.8,41.0,2.1,2000.0,-13.3,0.0,0.0,0.0,Winter,Holiday,Yes
2017-12-25,181,20,-2.1,49.0,1.7,2000.0,-11.4,0.0,0.0,0.0,Winter,Holiday,Yes
2017-12-25,185,21,-1.7,51.0,1.7,2000.0,-10.5,0.0,0.0,0.0,Winter,Holiday,Yes
2017-12-25,176,22,-1.3,53.0,1.7,2000.0,-9.6,0.0,0.0,0.0,Winter,Holiday,Yes
2017-12-25,169,23,-1.0,55.0,1.9,2000.0,-8.9,0.0,0.0,0.0,Winter,Holiday,Yes
2017-12-26,178,0,-1.4,58.0,1.0,1880.0,-8.6,0.0,0.0,0.0,Winter,No Holiday,Yes
2017-12-26,127,1,-1.5,62.0,1.3,2000.0,-7.8,0.0,0.0,0.0,Winter,No Holiday,Yes
2017-12-26,85,2,-2.1,69.0,1.0,1995.0,-7.0,0.0,0.0,0.0,Winter,No Holiday,Yes
2017-12-26,72,3,-2.6,70.0,1.0,1992.0,-7.3,0.0,0.0,0.0,Winter,No Holiday,Yes
2017-12-26,49,4,-2.6,72.0,1.4,1929.0,-6.9,0.0,0.0,0.0,Winter,No Holiday,Yes
2017-12-26,65,5,-2.9,77.0,0.8,1833.0,-6.3,0.0,0.0,0.0,Winter,No Holiday,Yes
2017-12-26,120,6,-2.8,73.0,0.7,1906.0,-6.9,0.0,0.0,0.0,Winter,No Holiday,Yes
2017-12-26,296,7,-2.9,73.0,1.9,1911.0,-7.0,0.0,0.0,0.0,Winter,No Holiday,Yes
2017-12-26,578,8,-2.7,68.0,2.2,1919.0,-7.7,0.0,0.0,0.0,Winter,No Holiday,Yes
2017-12-26,293,9,-2.8,52.0,2.9,1895.0,-11.3,0.16,0.0,0.0,Winter,No Holiday,Yes
2017-12-26,180,10,-2.2,36.0,4.1,1930.0,-15.2,0.53,0.0,0.0,Winter,No Holiday,Yes
2017-12-26,250,11,-2.1,28.0,4.9,1887.0,-18.2,0.87,0.0,0.0,Winter,No Holiday,Yes
2017-12-26,262,12,-1.3,23.0,4.0,2000.0,-19.8,1.09,0.0,0.0,Winter,No Holiday,Yes
2017-12-26,262,13,-2.0,15.0,4.7,1970.0,-25.2,1.18,0.0,0.0,Winter,No Holiday,Yes
2017-12-26,271,14,-1.6,20.0,4.3,2000.0,-21.6,1.11,0.0,0.0,Winter,No Holiday,Yes
2017-12-26,246,15,-1.9,17.0,5.0,2000.0,-23.7,0.93,0.0,0.0,Winter,No Holiday,Yes
2017-12-26,282,16,-1.9,17.0,3.3,2000.0,-23.7,0.61,0.0,0.0,Winter,No Holiday,Yes
2017-12-26,350,17,-3.6,20.0,3.7,2000.0,-23.3,0.23,0.0,0.0,Winter,No Holiday,Yes
2017-12-26,481,18,-4.7,23.0,3.4,2000.0,-22.7,0.01,0.0,0.0,Winter,No Holiday,Yes
2017-12-26,317,19,-5.4,27.0,3.0,2000.0,-21.5,0.0,0.0,0.0,Winter,No Holiday,Yes
2017-12-26,252,20,-6.1,32.0,4.7,2000.0,-20.1,0.0,0.0,0.0,Winter,No Holiday,Yes
2017-12-26,220,21,-6.6,39.0,3.2,2000.0,-18.2,0.0,0.0,0.0,Winter,No Holiday,Yes
2017-12-26,213,22,-7.2,38.0,3.1,2000.0,-19.1,0.0,0.0,0.0,Winter,No Holiday,Yes
2017-12-26,156,23,-7.5,37.0,3.1,2000.0,-19.7,0.0,0.0,0.0,Winter,No Holiday,Yes
2017-12-27,133,0,-7.9,37.0,2.2,2000.0,-20.0,0.0,0.0,0.0,Winter,No Holiday,Yes
2017-12-27,142,1,-8.2,39.0,1.8,2000.0,-19.7,0.0,0.0,0.0,Winter,No Holiday,Yes
2017-12-27,93,2,-8.6,37.0,1.5,2000.0,-20.7,0.0,0.0,0.0,Winter,No Holiday,Yes
2017-12-27,81,3,-9.1,37.0,1.0,2000.0,-21.1,0.0,0.0,0.0,Winter,No Holiday,Yes
2017-12-27,55,4,-9.1,33.0,2.3,2000.0,-22.4,0.0,0.0,0.0,Winter,No Holiday,Yes
2017-12-27,66,5,-9.4,36.0,1.9,2000.0,-21.7,0.0,0.0,0.0,Winter,No Holiday,Yes
2017-12-27,105,6,-9.8,37.0,1.7,2000.0,-21.7,0.0,0.0,0.0,Winter,No Holiday,Yes
2017-12-27,262,7,-10.1,38.0,2.3,2000.0,-21.7,0.0,0.0,0.0,Winter,No Holiday,Yes
2017-12-27,502,8,-10.2,35.0,1.8,2000.0,-22.7,0.0,0.0,0.0,Winter,No Holiday,Yes
2017-12-27,279,9,-9.8,33.0,2.0,1997.0,-23.0,0.17,0.0,0.0,Winter,No Holiday,Yes
2017-12-27,146,10,-8.5,29.0,2.4,1992.0,-23.4,0.56,0.0,0.0,Winter,No Holiday,Yes
2017-12-27,213,11,-6.8,28.0,2.1,1986.0,-22.3,0.88,0.0,0.0,Winter,No Holiday,Yes
2017-12-27,230,12,-5.5,21.0,2.1,1941.0,-24.4,1.08,0.0,0.0,Winter,No Holiday,Yes
2017-12-27,258,13,-4.7,18.0,3.7,2000.0,-25.4,1.16,0.0,0.0,Winter,No Holiday,Yes
2017-12-27,231,14,-4.0,18.0,2.4,2000.0,-24.8,1.09,0.0,0.0,Winter,No Holiday,Yes
2017-12-27,228,15,-3.1,16.0,2.2,2000.0,-25.4,0.9,0.0,0.0,Winter,No Holiday,Yes
2017-12-27,269,16,-3.2,23.0,2.7,2000.0,-21.4,0.57,0.0,0.0,Winter,No Holiday,Yes
2017-12-27,314,17,-4.2,26.0,2.2,2000.0,-20.8,0.2,0.0,0.0,Winter,No Holiday,Yes
2017-12-27,466,18,-5.2,32.0,2.2,2000.0,-19.3,0.0,0.0,0.0,Winter,No Holiday,Yes
2017-12-27,315,19,-5.5,31.0,2.1,2000.0,-19.9,0.0,0.0,0.0,Winter,No Holiday,Yes
2017-12-27,262,20,-5.9,34.0,0.9,2000.0,-19.2,0.0,0.0,0.0,Winter,No Holiday,Yes
2017-12-27,242,21,-6.4,34.0,1.2,2000.0,-19.7,0.0,0.0,0.0,Winter,No Holiday,Yes
2017-12-27,243,22,-6.4,36.0,1.3,2000.0,-19.0,0.0,0.0,0.0,Winter,No Holiday,Yes
2017-12-27,216,23,-6.3,39.0,0.9,2000.0,-18.0,0.0,0.0,0.0,Winter,No Holiday,Yes
2017-12-28,164,0,-6.5,41.0,1.7,2000.0,-17.6,0.0,0.0,0.0,Winter,No Holiday,Yes
2017-12-28,169,1,-6.6,39.0,1.4,2000.0,-18.2,0.0,0.0,0.0,Winter,No Holiday,Yes
2017-12-28,163,2,-6.6,34.0,1.8,2000.0,-19.8,0.0,0.0,0.0,Winter,No Holiday,Yes
2017-12-28,86,3,-6.0,32.0,2.5,2000.0,-20.0,0.0,0.0,0.0,Winter,No Holiday,Yes
2017-12-28,50,4,-5.8,32.0,1.6,2000.0,-19.8,0.0,0.0,0.0,Winter,No Holiday,Yes
2017-12-28,61,5,-5.7,28.0,1.2,2000.0,-21.3,0.0,0.0,0.0,Winter,No Holiday,Yes
2017-12-28,103,6,-5.5,24.0,0.5,2000.0,-22.9,0.0,0.0,0.0,Winter,No Holiday,Yes
2017-12-28,257,7,-5.0,31.0,0.5,2000.0,-19.5,0.0,0.0,0.0,Winter,No Holiday,Yes
2017-12-28,554,8,-4.7,30.0,0.6,2000.0,-19.6,0.0,0.0,0.0,Winter,No Holiday,Yes
2017-12-28,326,9,-4.3,38.0,0.7,1877.0,-16.5,0.04,0.0,0.0,Winter,No Holiday,Yes
2017-12-28,225,10,-3.4,33.0,1.3,1863.0,-17.4,0.33,0.0,0.0,Winter,No Holiday,Yes
2017-12-28,288,11,-2.1,34.0,1.0,1868.0,-15.8,0.65,0.0,0.0,Winter,No Holiday,Yes
2017-12-28,286,12,-0.8,38.0,1.0,1686.0,-13.3,0.75,0.0,0.0,Winter,No Holiday,Yes
2017-12-28,301,13,0.8,46.0,1.4,1598.0,-9.5,0.8,0.0,0.0,Winter,No Holiday,Yes
2017-12-28,311,14,0.8,55.0,1.8,1132.0,-7.2,0.59,0.0,0.0,Winter,No Holiday,Yes
2017-12-28,303,15,0.4,57.0,2.4,1179.0,-7.1,0.36,0.0,0.0,Winter,No Holiday,Yes
2017-12-28,390,16,0.3,57.0,2.3,1204.0,-7.2,0.19,0.0,0.0,Winter,No Holiday,Yes
2017-12-28,407,17,0.2,58.0,2.0,1159.0,-7.1,0.08,0.0,0.0,Winter,No Holiday,Yes
2017-12-28,552,18,-0.6,62.0,1.6,1129.0,-6.9,0.0,0.0,0.0,Winter,No Holiday,Yes
2017-12-28,402,19,-0.4,62.0,0.9,1103.0,-6.8,0.0,0.0,0.0,Winter,No Holiday,Yes
2017-12-28,319,20,-0.3,62.0,1.3,1040.0,-6.7,0.0,0.0,0.0,Winter,No Holiday,Yes
2017-12-28,332,21,-0.2,62.0,0.6,986.0,-6.6,0.0,0.0,0.0,Winter,No Holiday,Yes
2017-12-28,285,22,0.0,63.0,1.3,968.0,-6.2,0.0,0.0,0.0,Winter,No Holiday,Yes
2017-12-28,260,23,0.1,63.0,1.1,1003.0,-6.1,0.0,0.0,0.0,Winter,No Holiday,Yes
2017-12-29,233,0,0.2,63.0,0.7,925.0,-6.0,0.0,0.0,0.0,Winter,No Holiday,Yes
2017-12-29,269,1,0.3,63.0,0.7,760.0,-5.9,0.0,0.0,0.0,Winter,No Holiday,Yes
2017-12-29,210,2,0.5,63.0,1.0,691.0,-5.7,0.0,0.0,0.0,Winter,No Holiday,Yes
2017-12-29,135,3,0.6,64.0,0.4,731.0,-5.4,0.0,0.0,0.0,Winter,No Holiday,Yes
2017-12-29,85,4,0.6,65.0,0.4,712.0,-5.2,0.0,0.0,0.0,Winter,No Holiday,Yes
2017-12-29,67,5,0.7,66.0,0.7,687.0,-4.9,0.0,0.0,0.0,Winter,No Holiday,Yes
2017-12-29,128,6,0.8,68.0,0.6,673.0,-4.4,0.0,0.0,0.0,Winter,No Holiday,Yes
2017-12-29,289,7,0.9,67.0,0.6,658.0,-4.5,0.0,0.0,0.0,Winter,No Holiday,Yes
2017-12-29,636,8,1.0,68.0,0.6,624.0,-4.2,0.0,0.0,0.0,Winter,No Holiday,Yes
2017-12-29,353,9,1.2,67.0,0.2,591.0,-4.2,0.06,0.0,0.0,Winter,No Holiday,Yes
2017-12-29,252,10,1.9,65.0,0.3,562.0,-3.9,0.17,0.0,0.0,Winter,No Holiday,Yes
2017-12-29,317,11,3.1,62.0,1.1,517.0,-3.4,0.29,0.0,0.0,Winter,No Holiday,Yes
2017-12-29,363,12,4.3,62.0,1.6,472.0,-2.3,0.52,0.0,0.0,Winter,No Holiday,Yes
2017-12-29,370,13,5.2,58.0,2.5,435.0,-2.4,0.81,0.0,0.0,Winter,No Holiday,Yes
2017-12-29,419,14,5.7,54.0,3.5,418.0,-2.9,0.83,0.0,0.0,Winter,No Holiday,Yes
2017-12-29,426,15,5.7,53.0,2.7,408.0,-3.1,0.65,0.0,0.0,Winter,No Holiday,Yes
2017-12-29,504,16,5.4,56.0,2.2,396.0,-2.6,0.39,0.0,0.0,Winter,No Holiday,Yes
2017-12-29,534,17,4.5,59.0,1.6,384.0,-2.8,0.14,0.0,0.0,Winter,No Holiday,Yes
2017-12-29,574,18,3.6,62.0,1.4,389.0,-3.0,0.01,0.0,0.0,Winter,No Holiday,Yes
2017-12-29,395,19,2.7,68.0,1.2,348.0,-2.6,0.0,0.0,0.0,Winter,No Holiday,Yes
2017-12-29,292,20,1.7,73.0,0.5,332.0,-2.6,0.0,0.0,0.0,Winter,No Holiday,Yes
2017-12-29,282,21,1.0,77.0,1.5,297.0,-2.5,0.0,0.0,0.0,Winter,No Holiday,Yes
2017-12-29,294,22,0.8,77.0,1.4,293.0,-2.7,0.0,0.0,0.0,Winter,No Holiday,Yes
2017-12-29,236,23,0.3,80.0,0.8,264.0,-2.7,0.0,0.0,0.0,Winter,No Holiday,Yes
2017-12-30,240,0,-0.4,83.0,1.2,247.0,-2.9,0.0,0.0,0.0,Winter,No Holiday,Yes
2017-12-30,234,1,-0.5,83.0,0.7,244.0,-3.0,0.0,0.0,0.0,Winter,No Holiday,Yes
2017-12-30,192,2,-0.9,84.0,0.6,230.0,-3.2,0.0,0.0,0.0,Winter,No Holiday,Yes
2017-12-30,127,3,-1.1,83.0,0.8,237.0,-3.6,0.0,0.0,0.0,Winter,No Holiday,Yes
2017-12-30,86,4,-1.1,83.0,0.7,242.0,-3.6,0.0,0.0,0.0,Winter,No Holiday,Yes
2017-12-30,52,5,-1.2,81.0,0.8,258.0,-4.0,0.0,0.0,0.0,Winter,No Holiday,Yes
2017-12-30,62,6,-1.1,81.0,1.0,253.0,-3.9,0.0,0.0,0.0,Winter,No Holiday,Yes
2017-12-30,88,7,-0.7,79.0,0.7,259.0,-3.8,0.0,0.0,0.0,Winter,No Holiday,Yes
2017-12-30,162,8,-0.4,78.0,0.5,249.0,-3.7,0.0,0.0,0.0,Winter,No Holiday,Yes
2017-12-30,224,9,0.2,76.0,1.3,249.0,-3.5,0.03,0.0,0.0,Winter,No Holiday,Yes
2017-12-30,208,10,0.8,73.0,0.5,248.0,-3.4,0.15,0.0,0.0,Winter,No Holiday,Yes
2017-12-30,237,11,2.0,69.0,1.0,257.0,-3.1,0.32,0.0,0.0,Winter,No Holiday,Yes
2017-12-30,274,12,3.2,64.0,0.8,258.0,-2.9,0.47,0.0,0.0,Winter,No Holiday,Yes
2017-12-30,333,13,4.0,62.0,1.0,256.0,-2.6,0.51,0.0,0.0,Winter,No Holiday,Yes
2017-12-30,356,14,4.3,60.0,1.2,272.0,-2.7,0.4,0.0,0.0,Winter,No Holiday,Yes
2017-12-30,337,15,4.3,61.0,0.7,274.0,-2.5,0.23,0.0,0.0,Winter,No Holiday,Yes
2017-12-30,345,16,4.1,63.0,0.7,263.0,-2.3,0.13,0.0,0.0,Winter,No Holiday,Yes
2017-12-30,183,17,3.8,64.0,0.9,250.0,-2.3,0.01,0.0,0.0,Winter,No Holiday,Yes
2017-12-30,45,18,3.0,84.0,1.7,137.0,0.5,0.0,0.3,0.0,Winter,No Holiday,Yes
2017-12-30,40,19,2.3,89.0,0.6,96.0,0.6,0.0,0.0,0.0,Winter,No Holiday,Yes
2017-12-30,66,20,1.9,90.0,0.9,88.0,0.4,0.0,0.0,0.0,Winter,No Holiday,Yes
2017-12-30,64,21,1.8,92.0,1.1,109.0,0.6,0.0,0.2,0.0,Winter,No Holiday,Yes
2017-12-30,30,22,1.8,92.0,1.2,94.0,0.6,0.0,0.0,0.0,Winter,No Holiday,Yes
2017-12-30,42,23,1.4,92.0,1.9,73.0,0.2,0.0,0.0,0.0,Winter,No Holiday,Yes
2017-12-31,43,0,0.9,95.0,1.8,63.0,0.1,0.0,0.2,0.2,Winter,Holiday,Yes
2017-12-31,43,1,0.5,95.0,2.1,79.0,-0.2,0.0,0.0,0.6,Winter,Holiday,Yes
2017-12-31,65,2,0.4,95.0,1.7,110.0,-0.3,0.0,0.0,1.2,Winter,Holiday,Yes
2017-12-31,65,3,0.3,91.0,2.0,172.0,-1.0,0.0,1.0,1.2,Winter,Holiday,Yes
2017-12-31,32,4,-0.2,87.0,3.5,246.0,-2.1,0.0,0.0,1.2,Winter,Holiday,Yes
2017-12-31,22,5,-0.8,85.0,2.8,329.0,-3.0,0.0,0.0,1.2,Winter,Holiday,Yes
2017-12-31,25,6,-1.3,84.0,2.4,425.0,-3.6,0.0,0.0,1.2,Winter,Holiday,Yes
2017-12-31,39,7,-1.8,86.0,1.7,367.0,-3.8,0.0,0.0,1.2,Winter,Holiday,Yes
2017-12-31,84,8,-2.1,86.0,1.4,354.0,-4.1,0.0,0.0,1.2,Winter,Holiday,Yes
2017-12-31,103,9,-1.9,82.0,1.6,410.0,-4.5,0.15,0.0,1.2,Winter,Holiday,Yes
2017-12-31,110,10,-0.5,73.0,1.7,609.0,-4.7,0.53,0.0,1.1,Winter,Holiday,Yes
2017-12-31,142,11,0.8,62.0,2.8,801.0,-5.6,0.88,0.0,1.1,Winter,Holiday,Yes
2017-12-31,209,12,1.4,47.0,4.5,1388.0,-8.7,1.1,0.0,1.0,Winter,Holiday,Yes
2017-12-31,267,13,2.5,36.0,3.7,1578.0,-11.0,1.15,0.0,0.7,Winter,Holiday,Yes
2017-12-31,262,14,3.0,28.0,3.8,1956.0,-13.7,1.1,0.0,0.0,Winter,Holiday,Yes
2017-12-31,300,15,3.1,25.0,3.9,2000.0,-15.0,0.9,0.0,0.0,Winter,Holiday,Yes
2017-12-31,272,16,2.7,26.0,2.7,2000.0,-14.9,0.59,0.0,0.0,Winter,Holiday,Yes
2017-12-31,240,17,1.7,30.0,2.9,2000.0,-14.0,0.22,0.0,0.0,Winter,Holiday,Yes
2017-12-31,215,18,0.7,31.0,2.3,2000.0,-14.5,0.01,0.0,0.0,Winter,Holiday,Yes
2017-12-31,163,19,0.0,31.0,2.2,2000.0,-15.1,0.0,0.0,0.0,Winter,Holiday,Yes
2017-12-31,161,20,-1.0,32.0,0.9,2000.0,-15.6,0.0,0.0,0.0,Winter,Holiday,Yes
2017-12-31,179,21,-1.6,35.0,1.0,2000.0,-15.1,0.0,0.0,0.0,Winter,Holiday,Yes
2017-12-31,155,22,-2.1,36.0,1.7,2000.0,-15.2,0.0,0.0,0.0,Winter,Holiday,Yes
2017-12-31,227,23,-2.6,40.0,0.6,2000.0,-14.3,0.0,0.0,0.0,Winter,Holiday,Yes
2018-01-01,206,0,-3.2,40.0,0.5,1358.0,-14.9,0.0,0.0,0.0,Winter,Holiday,Yes
2018-01-01,230,1,-3.3,41.0,0.7,2000.0,-14.7,0.0,0.0,0.0,Winter,Holiday,Yes
2018-01-01,178,2,-3.7,42.0,0.9,2000.0,-14.7,0.0,0.0,0.0,Winter,Holiday,Yes
2018-01-01,119,3,-4.0,44.0,1.0,2000.0,-14.4,0.0,0.0,0.0,Winter,Holiday,Yes
2018-01-01,62,4,-4.2,53.0,1.1,1994.0,-12.3,0.0,0.0,0.0,Winter,Holiday,Yes
2018-01-01,61,5,-4.4,54.0,0.8,1786.0,-12.3,0.0,0.0,0.0,Winter,Holiday,Yes
2018-01-01,65,6,-4.5,51.0,1.1,2000.0,-13.1,0.0,0.0,0.0,Winter,Holiday,Yes
2018-01-01,81,7,-4.7,56.0,1.1,2000.0,-12.1,0.0,0.0,0.0,Winter,Holiday,Yes
2018-01-01,89,8,-5.0,55.0,1.0,2000.0,-12.6,0.0,0.0,0.0,Winter,Holiday,Yes
2018-01-01,121,9,-4.3,39.0,0.7,1973.0,-16.2,0.15,0.0,0.0,Winter,Holiday,Yes
2018-01-01,139,10,-1.6,32.0,0.8,1766.0,-16.1,0.53,0.0,0.0,Winter,Holiday,Yes
2018-01-01,169,11,0.1,27.0,2.2,1874.0,-16.7,0.84,0.0,0.0,Winter,Holiday,Yes
2018-01-01,225,12,1.5,20.0,2.8,1992.0,-19.0,1.03,0.0,0.0,Winter,Holiday,Yes
2018-01-01,248,13,2.4,22.0,2.3,1921.0,-17.2,1.1,0.0,0.0,Winter,Holiday,Yes
2018-01-01,298,14,3.7,24.0,2.1,1906.0,-15.0,1.01,0.0,0.0,Winter,Holiday,Yes
2018-01-01,344,15,3.0,27.0,2.9,1715.0,-14.2,0.78,0.0,0.0,Winter,Holiday,Yes
2018-01-01,310,16,3.0,28.0,2.5,1864.0,-13.7,0.51,0.0,0.0,Winter,Holiday,Yes
2018-01-01,271,17,1.8,33.0,3.3,1913.0,-12.8,0.18,0.0,0.0,Winter,Holiday,Yes
2018-01-01,218,18,0.8,34.0,1.9,1887.0,-13.3,0.01,0.0,0.0,Winter,Holiday,Yes
2018-01-01,125,19,-0.1,39.0,1.3,1911.0,-12.4,0.0,0.0,0.0,Winter,Holiday,Yes
2018-01-01,206,20,-0.3,40.0,1.2,1936.0,-12.2,0.0,0.0,0.0,Winter,Holiday,Yes
2018-01-01,203,21,-0.9,44.0,1.2,1871.0,-11.6,0.0,0.0,0.0,Winter,Holiday,Yes
2018-01-01,168,22,-1.3,48.0,0.8,1927.0,-10.9,0.0,0.0,0.0,Winter,Holiday,Yes
2018-01-01,154,23,-1.6,51.0,0.7,1882.0,-10.4,0.0,0.0,0.0,Winter,Holiday,Yes
2018-01-02,148,0,-1.8,54.0,1.1,1772.0,-9.8,0.0,0.0,0.0,Winter,No Holiday,Yes
2018-01-02,108,1,-2.1,56.0,0.8,1732.0,-9.7,0.0,0.0,0.0,Winter,No Holiday,Yes
2018-01-02,69,2,-2.3,62.0,0.9,1560.0,-8.6,0.0,0.0,0.0,Winter,No Holiday,Yes
2018-01-02,41,3,-2.5,62.0,0.4,1626.0,-8.7,0.0,0.0,0.0,Winter,No Holiday,Yes
2018-01-02,31,4,-2.7,67.0,0.5,1302.0,-7.9,0.0,0.0,0.0,Winter,No Holiday,Yes
2018-01-02,58,5,-3.1,67.0,0.6,1384.0,-8.3,0.0,0.0,0.0,Winter,No Holiday,Yes
2018-01-02,139,6,-3.2,67.0,0.4,1409.0,-8.4,0.0,0.0,0.0,Winter,No Holiday,Yes
2018-01-02,344,7,-3.2,69.0,0.5,1249.0,-8.0,0.0,0.0,0.0,Winter,No Holiday,Yes
2018-01-02,655,8,-3.4,71.0,0.8,1179.0,-7.9,0.0,0.0,0.0,Winter,No Holiday,Yes
2018-01-02,315,9,-3.1,66.0,0.2,1168.0,-8.5,0.12,0.0,0.0,Winter,No Holiday,Yes
2018-01-02,208,10,-1.4,50.0,1.9,1355.0,-10.5,0.38,0.0,0.0,Winter,No Holiday,Yes
2018-01-02,269,11,-0.4,40.0,2.3,1633.0,-12.3,0.66,0.0,0.0,Winter,No Holiday,Yes
2018-01-02,293,12,0.9,29.0,1.9,1761.0,-15.1,0.88,0.0,0.0,Winter,No Holiday,Yes
2018-01-02,273,13,1.5,23.0,3.6,1970.0,-17.4,0.95,0.0,0.0,Winter,No Holiday,Yes
2018-01-02,302,14,1.7,20.0,4.4,1995.0,-18.9,0.91,0.0,0.0,Winter,No Holiday,Yes
2018-01-02,295,15,1.5,22.0,3.0,1998.0,-17.9,0.76,0.0,0.0,Winter,No Holiday,Yes
2018-01-02,320,16,1.3,23.0,2.9,2000.0,-17.6,0.51,0.0,0.0,Winter,No Holiday,Yes
2018-01-02,373,17,0.3,27.0,2.6,2000.0,-16.5,0.18,0.0,0.0,Winter,No Holiday,Yes
2018-01-02,675,18,-0.8,24.0,2.3,2000.0,-18.9,0.01,0.0,0.0,Winter,No Holiday,Yes
2018-01-02,403,19,-1.3,28.0,2.4,2000.0,-17.5,0.0,0.0,0.0,Winter,No Holiday,Yes
2018-01-02,364,20,-1.9,26.0,2.2,2000.0,-18.9,0.0,0.0,0.0,Winter,No Holiday,Yes
2018-01-02,304,21,-2.6,28.0,2.0,2000.0,-18.6,0.0,0.0,0.0,Winter,No Holiday,Yes
2018-01-02,273,22,-3.4,33.0,2.4,2000.0,-17.4,0.0,0.0,0.0,Winter,No Holiday,Yes
2018-01-02,186,23,-3.8,35.0,2.3,2000.0,-17.0,0.0,0.0,0.0,Winter,No Holiday,Yes
2018-01-03,160,0,-4.3,38.0,1.4,2000.0,-16.5,0.0,0.0,0.0,Winter,No Holiday,Yes
2018-01-03,130,1,-5.0,42.0,1.2,1993.0,-15.9,0.0,0.0,0.0,Winter,No Holiday,Yes
2018-01-03,110,2,-5.5,43.0,2.0,2000.0,-16.1,0.0,0.0,0.0,Winter,No Holiday,Yes
2018-01-03,67,3,-6.1,45.0,1.3,1999.0,-16.1,0.0,0.0,0.0,Winter,No Holiday,Yes
2018-01-03,43,4,-6.1,45.0,2.3,2000.0,-16.1,0.0,0.0,0.0,Winter,No Holiday,Yes
2018-01-03,67,5,-6.4,47.0,2.4,1981.0,-15.8,0.0,0.0,0.0,Winter,No Holiday,Yes
2018-01-03,137,6,-6.7,48.0,2.4,1991.0,-15.9,0.0,0.0,0.0,Winter,No Holiday,Yes
2018-01-03,308,7,-6.9,48.0,2.4,1974.0,-16.0,0.0,0.0,0.0,Winter,No Holiday,Yes
2018-01-03,670,8,-7.0,49.0,1.5,1971.0,-15.9,0.0,0.0,0.0,Winter,No Holiday,Yes
2018-01-03,342,9,-6.8,44.0,1.7,1858.0,-17.0,0.16,0.0,0.0,Winter,No Holiday,Yes
2018-01-03,213,10,-5.6,38.0,2.9,1752.0,-17.6,0.55,0.0,0.0,Winter,No Holiday,Yes
2018-01-03,267,11,-4.5,36.0,3.2,1736.0,-17.3,0.77,0.0,0.0,Winter,No Holiday,Yes
2018-01-03,297,12,-3.4,32.0,3.1,1706.0,-17.7,1.02,0.0,0.0,Winter,No Holiday,Yes
2018-01-03,279,13,-2.2,31.0,2.3,1910.0,-17.0,1.13,0.0,0.0,Winter,No Holiday,Yes
2018-01-03,270,14,-1.5,30.0,2.8,1903.0,-16.8,1.1,0.0,0.0,Winter,No Holiday,Yes
2018-01-03,286,15,-1.1,29.0,2.8,1976.0,-16.9,0.96,0.0,0.0,Winter,No Holiday,Yes
2018-01-03,299,16,-0.4,30.0,2.0,2000.0,-15.9,0.62,0.0,0.0,Winter,No Holiday,Yes
2018-01-03,382,17,-1.9,35.0,1.8,2000.0,-15.3,0.25,0.0,0.0,Winter,No Holiday,Yes
2018-01-03,637,18,-3.1,39.0,2.1,2000.0,-15.1,0.0,0.0,0.0,Winter,No Holiday,Yes
2018-01-03,431,19,-3.7,41.0,2.0,2000.0,-15.0,0.0,0.0,0.0,Winter,No Holiday,Yes
2018-01-03,294,20,-3.9,44.0,2.5,2000.0,-14.3,0.0,0.0,0.0,Winter,No Holiday,Yes
2018-01-03,335,21,-4.3,47.0,2.8,1997.0,-13.9,0.0,0.0,0.0,Winter,No Holiday,Yes
2018-01-03,291,22,-5.2,53.0,1.3,1969.0,-13.3,0.0,0.0,0.0,Winter,No Holiday,Yes
2018-01-03,197,23,-5.9,54.0,0.8,1968.0,-13.7,0.0,0.0,0.0,Winter,No Holiday,Yes
2018-01-04,159,0,-6.3,54.0,1.4,1990.0,-14.1,0.0,0.0,0.0,Winter,No Holiday,Yes
2018-01-04,150,1,-6.9,56.0,2.3,1994.0,-14.2,0.0,0.0,0.0,Winter,No Holiday,Yes
2018-01-04,123,2,-7.3,57.0,2.0,1978.0,-14.3,0.0,0.0,0.0,Winter,No Holiday,Yes
2018-01-04,57,3,-7.4,54.0,1.7,1968.0,-15.1,0.0,0.0,0.0,Winter,No Holiday,Yes
2018-01-04,38,4,-7.5,55.0,1.3,1984.0,-15.0,0.0,0.0,0.0,Winter,No Holiday,Yes
2018-01-04,66,5,-7.6,49.0,1.3,2000.0,-16.4,0.0,0.0,0.0,Winter,No Holiday,Yes
2018-01-04,120,6,-7.6,47.0,2.3,2000.0,-16.9,0.0,0.0,0.0,Winter,No Holiday,Yes
2018-01-04,302,7,-8.1,51.0,0.5,1987.0,-16.4,0.0,0.0,0.0,Winter,No Holiday,Yes
2018-01-04,646,8,-8.6,55.0,0.6,1984.0,-16.0,0.0,0.0,0.0,Winter,No Holiday,Yes
2018-01-04,340,9,-7.9,48.0,1.2,1926.0,-17.0,0.14,0.0,0.0,Winter,No Holiday,Yes
2018-01-04,197,10,-6.4,43.0,1.0,1872.0,-16.9,0.43,0.0,0.0,Winter,No Holiday,Yes
2018-01-04,264,11,-4.4,40.0,0.8,1671.0,-16.0,0.69,0.0,0.0,Winter,No Holiday,Yes
2018-01-04,290,12,-2.9,33.0,0.9,1813.0,-16.9,0.92,0.0,0.0,Winter,No Holiday,Yes
2018-01-04,284,13,-2.0,32.0,1.0,1864.0,-16.5,0.91,0.0,0.0,Winter,No Holiday,Yes
2018-01-04,262,14,-0.8,32.0,1.4,1846.0,-15.4,0.78,0.0,0.0,Winter,No Holiday,Yes
2018-01-04,281,15,-1.2,31.0,0.8,1732.0,-16.2,0.47,0.0,0.0,Winter,No Holiday,Yes
2018-01-04,309,16,-1.4,34.0,1.8,1719.0,-15.2,0.3,0.0,0.0,Winter,No Holiday,Yes
2018-01-04,397,17,-2.1,37.0,1.4,1591.0,-14.8,0.09,0.0,0.0,Winter,No Holiday,Yes
2018-01-04,603,18,-2.6,38.0,1.4,1604.0,-14.9,0.0,0.0,0.0,Winter,No Holiday,Yes
2018-01-04,417,19,-2.7,39.0,1.4,1616.0,-14.7,0.0,0.0,0.0,Winter,No Holiday,Yes
2018-01-04,311,20,-2.8,39.0,1.7,1702.0,-14.8,0.0,0.0,0.0,Winter,No Holiday,Yes
2018-01-04,310,21,-3.1,41.0,2.0,1742.0,-14.5,0.0,0.0,0.0,Winter,No Holiday,Yes
2018-01-04,306,22,-3.6,46.0,1.3,1689.0,-13.5,0.0,0.0,0.0,Winter,No Holiday,Yes
2018-01-04,221,23,-4.0,48.0,1.5,1536.0,-13.4,0.0,0.0,0.0,Winter,No Holiday,Yes
2018-01-05,202,0,-4.7,52.0,1.8,1611.0,-13.0,0.0,0.0,0.0,Winter,No Holiday,Yes
2018-01-05,170,1,-5.1,51.0,1.5,1550.0,-13.6,0.0,0.0,0.0,Winter,No Holiday,Yes
2018-01-05,118,2,-5.3,52.0,1.6,1481.0,-13.6,0.0,0.0,0.0,Winter,No Holiday,Yes
2018-01-05,67,3,-5.5,56.0,1.1,1453.0,-12.9,0.0,0.0,0.0,Winter,No Holiday,Yes
2018-01-05,47,4,-5.1,55.0,1.7,1266.0,-12.7,0.0,0.0,0.0,Winter,No Holiday,Yes
2018-01-05,75,5,-5.1,55.0,1.5,1452.0,-12.7,0.0,0.0,0.0,Winter,No Holiday,Yes
2018-01-05,123,6,-5.1,54.0,1.3,1346.0,-12.9,0.0,0.0,0.0,Winter,No Holiday,Yes
2018-01-05,327,7,-5.3,53.0,1.1,1300.0,-13.4,0.0,0.0,0.0,Winter,No Holiday,Yes
2018-01-05,665,8,-5.3,51.0,1.0,1319.0,-13.8,0.0,0.0,0.0,Winter,No Holiday,Yes
2018-01-05,354,9,-4.7,49.0,1.2,1550.0,-13.8,0.12,0.0,0.0,Winter,No Holiday,Yes
2018-01-05,232,10,-3.3,50.0,1.3,1407.0,-12.2,0.4,0.0,0.0,Winter,No Holiday,Yes
2018-01-05,308,11,-0.7,45.0,1.5,1429.0,-11.1,0.76,0.0,0.0,Winter,No Holiday,Yes
2018-01-05,362,12,-0.3,45.0,2.2,1066.0,-10.8,1.01,0.0,0.0,Winter,No Holiday,Yes
2018-01-05,312,13,0.9,43.0,2.0,1112.0,-10.2,0.98,0.0,0.0,Winter,No Holiday,Yes
2018-01-05,343,14,1.4,41.0,2.0,1003.0,-10.4,0.99,0.0,0.0,Winter,No Holiday,Yes
2018-01-05,333,15,1.5,34.0,2.8,1776.0,-12.6,0.84,0.0,0.0,Winter,No Holiday,Yes
2018-01-05,329,16,1.0,34.0,2.9,2000.0,-13.1,0.61,0.0,0.0,Winter,No Holiday,Yes
2018-01-05,446,17,-0.6,45.0,3.3,1827.0,-11.0,0.24,0.0,0.0,Winter,No Holiday,Yes
2018-01-05,635,18,-1.8,44.0,2.2,1709.0,-12.4,0.01,0.0,0.0,Winter,No Holiday,Yes
2018-01-05,443,19,-2.5,49.0,0.6,1436.0,-11.7,0.0,0.0,0.0,Winter,No Holiday,Yes
2018-01-05,322,20,-3.4,51.0,1.1,1391.0,-12.1,0.0,0.0,0.0,Winter,No Holiday,Yes
2018-01-05,284,21,-3.5,53.0,0.9,1353.0,-11.7,0.0,0.0,0.0,Winter,No Holiday,Yes
2018-01-05,281,22,-3.8,53.0,1.3,1300.0,-12.0,0.0,0.0,0.0,Winter,No Holiday,Yes
2018-01-05,189,23,-3.6,50.0,1.9,1284.0,-12.5,0.0,0.0,0.0,Winter,No Holiday,Yes
2018-01-06,184,0,-4.3,52.0,1.6,1247.0,-12.7,0.0,0.0,0.0,Winter,No Holiday,Yes
2018-01-06,222,1,-4.8,54.0,1.2,1219.0,-12.7,0.0,0.0,0.0,Winter,No Holiday,Yes
2018-01-06,176,2,-5.5,56.0,1.4,1285.0,-12.9,0.0,0.0,0.0,Winter,No Holiday,Yes
2018-01-06,103,3,-5.6,56.0,1.0,1367.0,-13.0,0.0,0.0,0.0,Winter,No Holiday,Yes
2018-01-06,61,4,-5.9,61.0,1.1,1260.0,-12.2,0.0,0.0,0.0,Winter,No Holiday,Yes
2018-01-06,48,5,-6.1,64.0,1.0,1231.0,-11.8,0.0,0.0,0.0,Winter,No Holiday,Yes
2018-01-06,69,6,-6.5,67.0,0.7,1175.0,-11.6,0.0,0.0,0.0,Winter,No Holiday,Yes
2018-01-06,105,7,-6.6,65.0,1.0,1320.0,-12.0,0.0,0.0,0.0,Winter,No Holiday,Yes
2018-01-06,186,8,-6.5,62.0,1.1,1503.0,-12.5,0.0,0.0,0.0,Winter,No Holiday,Yes
2018-01-06,221,9,-5.8,49.0,1.4,1728.0,-14.8,0.16,0.0,0.0,Winter,No Holiday,Yes
2018-01-06,204,10,-3.5,39.0,2.0,1946.0,-15.4,0.54,0.0,0.0,Winter,No Holiday,Yes
2018-01-06,245,11,-1.6,35.0,2.1,1812.0,-15.1,0.87,0.0,0.0,Winter,No Holiday,Yes
2018-01-06,283,12,0.0,35.0,2.3,1672.0,-13.6,1.07,0.0,0.0,Winter,No Holiday,Yes
2018-01-06,356,13,0.9,28.0,2.4,1895.0,-15.6,1.18,0.0,0.0,Winter,No Holiday,Yes
2018-01-06,370,14,1.8,29.0,2.0,1693.0,-14.3,1.14,0.0,0.0,Winter,No Holiday,Yes
2018-01-06,373,15,2.3,27.0,2.2,1877.0,-14.8,0.92,0.0,0.0,Winter,No Holiday,Yes
2018-01-06,352,16,2.7,27.0,2.2,1811.0,-14.4,0.64,0.0,0.0,Winter,No Holiday,Yes
2018-01-06,354,17,1.1,31.0,1.7,1989.0,-14.1,0.26,0.0,0.0,Winter,No Holiday,Yes
2018-01-06,271,18,-0.6,37.0,1.6,1797.0,-13.5,0.01,0.0,0.0,Winter,No Holiday,Yes
2018-01-06,207,19,-1.2,37.0,1.2,1663.0,-14.0,0.0,0.0,0.0,Winter,No Holiday,Yes
2018-01-06,189,20,-2.1,41.0,1.1,1578.0,-13.6,0.0,0.0,0.0,Winter,No Holiday,Yes
2018-01-06,214,21,-2.5,47.0,0.8,1495.0,-12.2,0.0,0.0,0.0,Winter,No Holiday,Yes
2018-01-06,218,22,-2.6,47.0,1.6,1492.0,-12.3,0.0,0.0,0.0,Winter,No Holiday,Yes
2018-01-06,169,23,-3.2,50.0,0.8,1429.0,-12.1,0.0,0.0,0.0,Winter,No Holiday,Yes
2018-01-07,192,0,-3.8,48.0,0.7,1574.0,-13.2,0.0,0.0,0.0,Winter,No Holiday,Yes
2018-01-07,162,1,-3.9,51.0,0.2,1535.0,-12.5,0.0,0.0,0.0,Winter,No Holiday,Yes
2018-01-07,128,2,-4.4,53.0,0.3,1594.0,-12.5,0.0,0.0,0.0,Winter,No Holiday,Yes
2018-01-07,102,3,-4.8,56.0,0.6,1505.0,-12.2,0.0,0.0,0.0,Winter,No Holiday,Yes
2018-01-07,62,4,-5.1,60.0,0.7,1377.0,-11.6,0.0,0.0,0.0,Winter,No Holiday,Yes
2018-01-07,40,5,-5.6,58.0,0.7,1350.0,-12.5,0.0,0.0,0.0,Winter,No Holiday,Yes
2018-01-07,38,6,-5.5,52.0,0.7,1503.0,-13.8,0.0,0.0,0.0,Winter,No Holiday,Yes
2018-01-07,60,7,-5.6,58.0,0.9,1368.0,-12.5,0.0,0.0,0.0,Winter,No Holiday,Yes
2018-01-07,122,8,-5.3,53.0,1.1,1411.0,-13.4,0.0,0.0,0.0,Winter,No Holiday,Yes
2018-01-07,143,9,-3.8,49.0,1.6,1371.0,-12.9,0.18,0.0,0.0,Winter,No Holiday,Yes
2018-01-07,179,10,-1.8,40.0,1.8,1555.0,-13.6,0.48,0.0,0.0,Winter,No Holiday,Yes
2018-01-07,214,11,0.5,35.0,1.4,1558.0,-13.2,0.75,0.0,0.0,Winter,No Holiday,Yes
2018-01-07,278,12,1.1,34.0,0.9,1455.0,-13.0,0.6,0.0,0.0,Winter,No Holiday,Yes
2018-01-07,265,13,1.4,34.0,0.8,1394.0,-12.7,0.5,0.0,0.0,Winter,No Holiday,Yes
2018-01-07,331,14,1.9,32.0,0.7,1368.0,-13.0,0.41,0.0,0.0,Winter,No Holiday,Yes
2018-01-07,368,15,2.7,31.0,0.9,1603.0,-12.7,0.43,0.0,0.0,Winter,No Holiday,Yes
2018-01-07,333,16,2.6,32.0,1.0,1381.0,-12.4,0.27,0.0,0.0,Winter,No Holiday,Yes
2018-01-07,349,17,2.3,33.0,0.2,1515.0,-12.3,0.13,0.0,0.0,Winter,No Holiday,Yes
2018-01-07,270,18,1.8,34.0,1.2,1518.0,-12.4,0.0,0.0,0.0,Winter,No Holiday,Yes
2018-01-07,246,19,1.6,35.0,1.0,1419.0,-12.2,0.0,0.0,0.0,Winter,No Holiday,Yes
2018-01-07,233,20,1.3,38.0,0.4,1386.0,-11.4,0.0,0.0,0.0,Winter,No Holiday,Yes
2018-01-07,236,21,1.2,39.0,0.6,1378.0,-11.2,0.0,0.0,0.0,Winter,No Holiday,Yes
2018-01-07,214,22,1.1,40.0,0.5,1305.0,-11.0,0.0,0.0,0.0,Winter,No Holiday,Yes
2018-01-07,149,23,1.1,39.0,0.6,1422.0,-11.3,0.0,0.0,0.0,Winter,No Holiday,Yes
2018-01-08,149,0,0.9,42.0,1.1,1271.0,-10.5,0.0,0.0,0.0,Winter,No Holiday,Yes
2018-01-08,109,1,0.9,42.0,0.2,1333.0,-10.5,0.0,0.0,0.0,Winter,No Holiday,Yes
2018-01-08,77,2,0.8,42.0,0.5,1275.0,-10.6,0.0,0.0,0.0,Winter,No Holiday,Yes
2018-01-08,53,3,0.9,43.0,0.4,1261.0,-10.2,0.0,0.0,0.0,Winter,No Holiday,Yes
2018-01-08,46,4,1.0,43.0,0.8,1253.0,-10.2,0.0,0.0,0.0,Winter,No Holiday,Yes
2018-01-08,67,5,0.8,42.0,1.0,1394.0,-10.6,0.0,0.0,0.0,Winter,No Holiday,Yes
2018-01-08,159,6,0.8,45.0,0.7,1268.0,-9.8,0.0,0.0,0.0,Winter,No Holiday,Yes
2018-01-08,374,7,0.7,44.0,0.8,1357.0,-10.1,0.0,0.0,0.0,Winter,No Holiday,Yes
2018-01-08,701,8,0.7,45.0,0.7,1339.0,-9.9,0.0,0.0,0.0,Winter,No Holiday,Yes
2018-01-08,387,9,0.8,47.0,0.9,1070.0,-9.2,0.05,0.0,0.0,Winter,No Holiday,Yes
2018-01-08,253,10,1.3,43.0,0.8,971.0,-9.9,0.16,0.0,0.0,Winter,No Holiday,Yes
2018-01-08,278,11,1.7,37.0,0.6,1062.0,-11.4,0.23,0.0,0.0,Winter,No Holiday,Yes
2018-01-08,356,12,2.7,33.0,2.7,1281.0,-12.0,0.6,0.0,0.0,Winter,No Holiday,Yes
2018-01-08,303,13,3.0,32.0,1.6,1518.0,-12.1,0.38,0.0,0.0,Winter,No Holiday,Yes
2018-01-08,349,14,3.4,31.0,1.4,1267.0,-12.1,0.36,0.0,0.0,Winter,No Holiday,Yes
2018-01-08,318,15,3.9,33.0,1.8,1293.0,-10.9,0.39,0.0,0.0,Winter,No Holiday,Yes
2018-01-08,353,16,3.5,36.0,1.7,1702.0,-10.2,0.16,0.0,0.0,Winter,No Holiday,Yes
2018-01-08,385,17,2.7,50.0,2.8,1957.0,-6.7,0.06,0.0,0.0,Winter,No Holiday,Yes
2018-01-08,316,18,1.5,70.0,2.5,638.0,-3.3,0.0,0.0,0.0,Winter,No Holiday,Yes
2018-01-08,127,19,0.9,88.0,1.6,290.0,-0.8,0.0,0.0,0.5,Winter,No Holiday,Yes
2018-01-08,144,20,1.0,89.0,1.9,407.0,-0.6,0.0,0.0,1.0,Winter,No Holiday,Yes
2018-01-08,146,21,0.7,77.0,6.7,692.0,-2.8,0.0,0.9,1.0,Winter,No Holiday,Yes
2018-01-08,149,22,0.1,68.0,4.6,740.0,-5.1,0.0,0.0,1.0,Winter,No Holiday,Yes
2018-01-08,112,23,-0.6,62.0,4.2,936.0,-6.9,0.0,0.0,1.0,Winter,No Holiday,Yes
2018-01-09,100,0,-1.2,67.0,4.6,983.0,-6.5,0.0,0.0,1.0,Winter,No Holiday,Yes
2018-01-09,107,1,-1.9,69.0,5.0,791.0,-6.8,0.0,0.0,1.0,Winter,No Holiday,Yes
2018-01-09,75,2,-2.9,66.0,3.3,1515.0,-8.3,0.0,0.0,1.0,Winter,No Holiday,Yes
2018-01-09,52,3,-3.4,67.0,3.2,1420.0,-8.6,0.0,0.0,0.9,Winter,No Holiday,Yes
2018-01-09,38,4,-4.3,59.0,4.4,1451.0,-11.1,0.0,0.0,0.9,Winter,No Holiday,Yes
2018-01-09,52,5,-5.1,48.0,3.2,1821.0,-14.4,0.0,0.0,0.9,Winter,No Holiday,Yes
2018-01-09,126,6,-5.6,52.0,3.7,1785.0,-13.9,0.0,0.0,0.9,Winter,No Holiday,Yes
2018-01-09,245,7,-5.9,57.0,3.1,1686.0,-13.0,0.0,0.0,0.8,Winter,No Holiday,Yes
2018-01-09,554,8,-6.0,64.0,3.2,1384.0,-11.7,0.0,0.0,0.7,Winter,No Holiday,Yes
2018-01-09,320,9,-6.0,61.0,2.5,1547.0,-12.3,0.13,0.0,0.6,Winter,No Holiday,Yes
2018-01-09,190,10,-4.8,57.0,3.0,1559.0,-12.0,0.47,0.0,0.5,Winter,No Holiday,Yes
2018-01-09,247,11,-3.9,51.0,4.5,1746.0,-12.5,0.73,0.0,0.5,Winter,No Holiday,Yes
2018-01-09,262,12,-2.7,45.0,2.4,1707.0,-13.0,1.05,0.0,0.4,Winter,No Holiday,Yes
2018-01-09,265,13,-2.6,45.0,4.0,1663.0,-12.9,1.11,0.0,0.3,Winter,No Holiday,Yes
2018-01-09,265,14,-1.8,45.0,3.7,1922.0,-12.1,1.06,0.0,0.2,Winter,No Holiday,Yes
2018-01-09,257,15,-2.4,51.0,4.6,1458.0,-11.1,0.46,0.0,0.0,Winter,No Holiday,Yes
2018-01-09,262,16,-2.4,56.0,3.3,1541.0,-9.9,0.35,0.0,0.0,Winter,No Holiday,Yes
2018-01-09,332,17,-2.9,66.0,3.6,743.0,-8.3,0.23,0.0,0.0,Winter,No Holiday,Yes
2018-01-09,558,18,-3.8,58.0,1.7,1996.0,-10.8,0.01,0.0,0.0,Winter,No Holiday,Yes
2018-01-09,364,19,-4.5,57.0,0.6,2000.0,-11.7,0.0,0.0,0.0,Winter,No Holiday,Yes
2018-01-09,302,20,-4.9,59.0,0.6,1992.0,-11.6,0.0,0.0,0.0,Winter,No Holiday,Yes
2018-01-09,281,21,-4.8,59.0,0.9,2000.0,-11.6,0.0,0.0,0.0,Winter,No Holiday,Yes
2018-01-09,166,22,-4.2,67.0,1.6,503.0,-9.4,0.0,0.0,0.0,Winter,No Holiday,Yes
2018-01-09,80,23,-4.9,80.0,0.7,690.0,-7.8,0.0,0.0,0.2,Winter,No Holiday,Yes
2018-01-10,61,0,-5.2,82.0,0.8,152.0,-7.7,0.0,0.5,0.5,Winter,No Holiday,Yes
2018-01-10,78,1,-5.6,75.0,1.7,1982.0,-9.3,0.0,0.0,0.8,Winter,No Holiday,Yes
2018-01-10,63,2,-5.7,72.0,1.2,1925.0,-9.9,0.0,0.0,0.8,Winter,No Holiday,Yes
2018-01-10,40,3,-6.1,70.0,1.1,2000.0,-10.6,0.0,0.3,0.8,Winter,No Holiday,Yes
2018-01-10,31,4,-6.6,72.0,2.2,2000.0,-10.8,0.0,0.0,0.8,Winter,No Holiday,Yes
2018-01-10,39,5,-7.3,75.0,1.6,2000.0,-10.9,0.0,0.0,0.8,Winter,No Holiday,Yes
2018-01-10,84,6,-7.7,74.0,1.1,2000.0,-11.5,0.0,0.0,0.8,Winter,No Holiday,Yes
2018-01-10,158,7,-8.0,70.0,1.8,2000.0,-12.5,0.0,0.0,0.7,Winter,No Holiday,Yes
2018-01-10,387,8,-7.9,67.0,2.6,1896.0,-12.9,0.0,0.0,0.7,Winter,No Holiday,Yes
2018-01-10,225,9,-7.7,62.0,3.6,1637.0,-13.7,0.13,0.0,0.7,Winter,No Holiday,Yes
2018-01-10,150,10,-6.9,53.0,3.2,1576.0,-14.8,0.52,0.0,0.6,Winter,No Holiday,Yes
2018-01-10,168,11,-6.4,49.0,4.5,1759.0,-15.3,0.86,0.0,0.5,Winter,No Holiday,Yes
2018-01-10,217,12,-5.6,44.0,4.5,1830.0,-15.9,1.1,0.0,0.5,Winter,No Holiday,Yes
2018-01-10,207,13,-5.1,43.0,4.7,1901.0,-15.7,1.18,0.0,0.4,Winter,No Holiday,Yes
2018-01-10,177,14,-5.3,37.0,5.3,2000.0,-17.7,1.05,0.0,0.3,Winter,No Holiday,Yes
2018-01-10,193,15,-5.3,33.0,4.8,2000.0,-19.0,0.99,0.0,0.3,Winter,No Holiday,Yes
2018-01-10,196,16,-5.4,30.0,3.9,2000.0,-20.2,0.69,0.0,0.2,Winter,No Holiday,Yes
2018-01-10,266,17,-6.5,34.0,4.0,2000.0,-19.8,0.31,0.0,0.0,Winter,No Holiday,Yes
2018-01-10,437,18,-7.8,32.0,4.5,2000.0,-21.6,0.02,0.0,0.0,Winter,No Holiday,Yes
2018-01-10,259,19,-8.5,35.0,2.9,2000.0,-21.2,0.0,0.0,0.0,Winter,No Holiday,Yes
2018-01-10,207,20,-8.9,41.0,2.3,2000.0,-19.7,0.0,0.0,0.0,Winter,No Holiday,Yes
2018-01-10,214,21,-9.4,47.0,2.0,2000.0,-18.6,0.0,0.0,0.0,Winter,No Holiday,Yes
2018-01-10,165,22,-9.7,51.0,2.8,2000.0,-17.9,0.0,0.0,0.0,Winter,No Holiday,Yes
2018-01-10,139,23,-10.2,53.0,3.3,1997.0,-17.9,0.0,0.0,0.0,Winter,No Holiday,Yes
2018-01-11,98,0,-10.3,54.0,2.4,1988.0,-17.8,0.0,0.0,0.0,Winter,No Holiday,Yes
2018-01-11,100,1,-10.6,55.0,2.9,1987.0,-17.9,0.0,0.0,0.0,Winter,No Holiday,Yes
2018-01-11,89,2,-10.9,57.0,2.7,1900.0,-17.7,0.0,0.0,0.0,Winter,No Holiday,Yes
2018-01-11,38,3,-11.2,59.0,2.9,1872.0,-17.6,0.0,0.0,0.0,Winter,No Holiday,Yes
2018-01-11,33,4,-11.5,57.0,2.3,1899.0,-18.3,0.0,0.0,0.0,Winter,No Holiday,Yes
2018-01-11,42,5,-11.9,61.0,1.8,1759.0,-17.9,0.0,0.0,0.0,Winter,No Holiday,Yes
2018-01-11,82,6,-12.0,61.0,2.3,1709.0,-18.0,0.0,0.0,0.0,Winter,No Holiday,Yes
2018-01-11,203,7,-12.3,59.0,2.3,1738.0,-18.6,0.0,0.0,0.0,Winter,No Holiday,Yes
2018-01-11,443,8,-12.6,61.0,1.6,1610.0,-18.5,0.0,0.0,0.0,Winter,No Holiday,Yes
2018-01-11,227,9,-12.0,53.0,2.6,1781.0,-19.6,0.16,0.0,0.0,Winter,No Holiday,Yes
2018-01-11,152,10,-11.1,46.0,3.7,1638.0,-20.4,0.48,0.0,0.0,Winter,No Holiday,Yes
2018-01-11,146,11,-10.2,41.0,3.5,1629.0,-20.9,0.84,0.0,0.0,Winter,No Holiday,Yes
2018-01-11,187,12,-8.6,40.0,2.6,1700.0,-19.8,1.11,0.0,0.0,Winter,No Holiday,Yes
2018-01-11,178,13,-8.6,41.0,3.4,1593.0,-19.5,1.2,0.0,0.0,Winter,No Holiday,Yes
2018-01-11,187,14,-7.4,38.0,3.3,1718.0,-19.3,1.15,0.0,0.0,Winter,No Holiday,Yes
2018-01-11,181,15,-8.3,42.0,3.8,1745.0,-18.9,0.93,0.0,0.0,Winter,No Holiday,Yes
2018-01-11,179,16,-8.2,39.0,2.8,1807.0,-19.7,0.63,0.0,0.0,Winter,No Holiday,Yes
2018-01-11,219,17,-9.3,43.0,2.8,1900.0,-19.6,0.28,0.0,0.0,Winter,No Holiday,Yes
2018-01-11,352,18,-10.4,43.0,2.3,1985.0,-20.6,0.02,0.0,0.0,Winter,No Holiday,Yes
2018-01-11,251,19,-10.9,44.0,3.0,2000.0,-20.7,0.0,0.0,0.0,Winter,No Holiday,Yes
2018-01-11,177,20,-11.6,49.0,1.8,1953.0,-20.1,0.0,0.0,0.0,Winter,No Holiday,Yes
2018-01-11,162,21,-12.4,51.0,2.2,1992.0,-20.4,0.0,0.0,0.0,Winter,No Holiday,Yes
2018-01-11,172,22,-12.9,52.0,2.8,2000.0,-20.7,0.0,0.0,0.0,Winter,No Holiday,Yes
2018-01-11,119,23,-13.2,51.0,1.5,1972.0,-21.2,0.0,0.0,0.0,Winter,No Holiday,Yes
2018-01-12,105,0,-13.6,49.0,1.6,2000.0,-22.0,0.0,0.0,0.0,Winter,No Holiday,Yes
2018-01-12,99,1,-13.7,47.0,3.0,2000.0,-22.6,0.0,0.0,0.0,Winter,No Holiday,Yes
2018-01-12,83,2,-13.8,43.0,2.6,2000.0,-23.7,0.0,0.0,0.0,Winter,No Holiday,Yes
2018-01-12,42,3,-14.1,45.0,1.8,2000.0,-23.4,0.0,0.0,0.0,Winter,No Holiday,Yes
2018-01-12,30,4,-14.3,45.0,2.0,2000.0,-23.6,0.0,0.0,0.0,Winter,No Holiday,Yes
2018-01-12,35,5,-14.6,45.0,1.1,2000.0,-23.9,0.0,0.0,0.0,Winter,No Holiday,Yes
2018-01-12,92,6,-14.9,45.0,2.3,2000.0,-24.2,0.0,0.0,0.0,Winter,No Holiday,Yes
2018-01-12,189,7,-15.1,45.0,0.9,2000.0,-24.4,0.0,0.0,0.0,Winter,No Holiday,Yes
2018-01-12,419,8,-15.1,44.0,1.2,2000.0,-24.6,0.0,0.0,0.0,Winter,No Holiday,Yes
2018-01-12,196,9,-14.9,40.0,1.2,1999.0,-25.5,0.16,0.0,0.0,Winter,No Holiday,Yes
2018-01-12,119,10,-13.0,37.0,2.2,1960.0,-24.6,0.59,0.0,0.0,Winter,No Holiday,Yes
2018-01-12,140,11,-11.2,31.0,2.4,1944.0,-25.0,0.94,0.0,0.0,Winter,No Holiday,Yes
2018-01-12,178,12,-9.6,27.0,2.0,1945.0,-25.1,1.17,0.0,0.0,Winter,No Holiday,Yes
2018-01-12,177,13,-8.2,29.0,2.0,1920.0,-23.1,1.19,0.0,0.0,Winter,No Holiday,Yes
2018-01-12,173,14,-7.2,28.0,2.3,1990.0,-22.6,1.14,0.0,0.0,Winter,No Holiday,Yes
2018-01-12,177,15,-6.5,26.0,2.4,1987.0,-22.8,0.96,0.0,0.0,Winter,No Holiday,Yes
2018-01-12,196,16,-5.8,21.0,1.1,2000.0,-24.6,0.66,0.0,0.0,Winter,No Holiday,Yes
2018-01-12,259,17,-6.5,22.0,1.5,2000.0,-24.7,0.28,0.0,0.0,Winter,No Holiday,Yes
2018-01-12,405,18,-7.5,28.0,2.0,2000.0,-22.9,0.02,0.0,0.0,Winter,No Holiday,Yes
2018-01-12,273,19,-8.2,32.0,1.1,2000.0,-22.0,0.0,0.0,0.0,Winter,No Holiday,Yes
2018-01-12,210,20,-7.9,31.0,1.4,2000.0,-22.1,0.0,0.0,0.0,Winter,No Holiday,Yes
2018-01-12,184,21,-7.4,33.0,1.4,2000.0,-20.9,0.0,0.0,0.0,Winter,No Holiday,Yes
2018-01-12,186,22,-6.9,39.0,1.6,2000.0,-18.5,0.0,0.0,0.0,Winter,No Holiday,Yes
2018-01-12,144,23,-6.7,36.0,1.3,1821.0,-19.3,0.0,0.0,0.0,Winter,No Holiday,Yes
2018-01-13,152,0,-6.6,39.0,1.6,1930.0,-18.2,0.0,0.0,0.0,Winter,No Holiday,Yes
2018-01-13,168,1,-6.5,45.0,0.5,1964.0,-16.4,0.0,0.0,0.0,Winter,No Holiday,Yes
2018-01-13,145,2,-6.4,40.0,0.9,2000.0,-17.8,0.0,0.0,0.0,Winter,No Holiday,Yes
2018-01-13,77,3,-6.5,42.0,0.7,1996.0,-17.3,0.0,0.0,0.0,Winter,No Holiday,Yes
2018-01-13,47,4,-6.4,46.0,0.8,1993.0,-16.1,0.0,0.0,0.0,Winter,No Holiday,Yes
2018-01-13,40,5,-6.3,51.0,0.8,2000.0,-14.8,0.0,0.0,0.0,Winter,No Holiday,Yes
2018-01-13,42,6,-6.4,59.0,0.6,887.0,-13.1,0.0,0.0,0.0,Winter,No Holiday,Yes
2018-01-13,43,7,-6.5,68.0,0.6,571.0,-11.4,0.0,0.0,0.0,Winter,No Holiday,Yes
2018-01-13,67,8,-6.5,72.0,0.8,670.0,-10.7,0.0,0.0,0.2,Winter,No Holiday,Yes
2018-01-13,102,9,-6.3,76.0,0.6,330.0,-9.8,0.05,0.2,0.4,Winter,No Holiday,Yes
2018-01-13,106,10,-5.5,72.0,0.7,1354.0,-9.7,0.29,0.0,0.6,Winter,No Holiday,Yes
2018-01-13,133,11,-4.8,70.0,1.0,1244.0,-9.4,0.21,0.0,0.6,Winter,No Holiday,Yes
2018-01-13,174,12,-3.7,66.0,1.1,1140.0,-9.1,0.45,0.2,0.4,Winter,No Holiday,Yes
2018-01-13,212,13,-2.5,62.0,1.4,1087.0,-8.7,0.66,0.0,0.0,Winter,No Holiday,Yes
2018-01-13,215,14,-1.8,62.0,0.7,936.0,-8.1,0.55,0.0,0.0,Winter,No Holiday,Yes
2018-01-13,251,15,-1.5,62.0,0.9,957.0,-7.8,0.28,0.0,0.0,Winter,No Holiday,Yes
2018-01-13,249,16,-1.2,63.0,0.9,876.0,-7.3,0.19,0.0,0.0,Winter,No Holiday,Yes
2018-01-13,277,17,-1.4,68.0,1.0,761.0,-6.5,0.11,0.0,0.0,Winter,No Holiday,Yes
2018-01-13,223,18,-2.6,73.0,1.0,684.0,-6.7,0.01,0.0,0.0,Winter,No Holiday,Yes
2018-01-13,167,19,-3.3,76.0,0.8,633.0,-6.9,0.0,0.0,0.0,Winter,No Holiday,Yes
2018-01-13,158,20,-3.9,78.0,1.1,596.0,-7.1,0.0,0.0,0.0,Winter,No Holiday,Yes
2018-01-13,156,21,-4.1,79.0,0.7,522.0,-7.2,0.0,0.0,0.0,Winter,No Holiday,Yes
2018-01-13,168,22,-4.3,81.0,0.4,435.0,-7.0,0.0,0.0,0.0,Winter,No Holiday,Yes
2018-01-13,131,23,-4.4,81.0,0.7,420.0,-7.1,0.0,0.0,0.0,Winter,No Holiday,Yes
2018-01-14,149,0,-4.4,81.0,0.7,414.0,-7.1,0.0,0.0,0.0,Winter,No Holiday,Yes
2018-01-14,150,1,-3.7,79.0,0.9,438.0,-6.8,0.0,0.0,0.0,Winter,No Holiday,Yes
2018-01-14,111,2,-3.5,78.0,1.0,444.0,-6.7,0.0,0.0,0.0,Winter,No Holiday,Yes
2018-01-14,79,3,-3.6,78.0,1.6,471.0,-6.8,0.0,0.0,0.0,Winter,No Holiday,Yes
2018-01-14,48,4,-4.0,79.0,1.2,453.0,-7.1,0.0,0.0,0.0,Winter,No Holiday,Yes
2018-01-14,29,5,-4.2,79.0,1.2,442.0,-7.3,0.0,0.0,0.0,Winter,No Holiday,Yes
2018-01-14,49,6,-4.3,79.0,1.1,433.0,-7.4,0.0,0.0,0.0,Winter,No Holiday,Yes
2018-01-14,59,7,-4.4,80.0,1.4,411.0,-7.3,0.0,0.0,0.0,Winter,No Holiday,Yes
2018-01-14,81,8,-3.8,79.0,0.8,412.0,-6.9,0.0,0.0,0.0,Winter,No Holiday,Yes
2018-01-14,118,9,-3.4,77.0,1.6,432.0,-6.8,0.12,0.0,0.0,Winter,No Holiday,Yes
2018-01-14,134,10,-2.1,72.0,1.7,489.0,-6.4,0.34,0.0,0.0,Winter,No Holiday,Yes
2018-01-14,174,11,-0.5,64.0,0.7,537.0,-6.4,0.49,0.0,0.0,Winter,No Holiday,Yes
2018-01-14,226,12,1.2,58.0,0.8,550.0,-6.1,0.74,0.0,0.0,Winter,No Holiday,Yes
2018-01-14,272,13,3.0,52.0,1.4,568.0,-5.9,0.9,0.0,0.0,Winter,No Holiday,Yes
2018-01-14,304,14,3.7,53.0,0.6,592.0,-5.0,0.74,0.0,0.0,Winter,No Holiday,Yes
2018-01-14,353,15,4.6,50.0,0.9,824.0,-4.9,0.62,0.0,0.0,Winter,No Holiday,Yes
2018-01-14,366,16,5.3,49.0,1.8,982.0,-4.5,0.43,0.0,0.0,Winter,No Holiday,Yes
2018-01-14,302,17,4.5,51.0,1.1,1244.0,-4.7,0.17,0.0,0.0,Winter,No Holiday,Yes
2018-01-14,250,18,4.1,53.0,1.3,1132.0,-4.6,0.0,0.0,0.0,Winter,No Holiday,Yes
2018-01-14,208,19,3.9,54.0,1.1,1102.0,-4.5,0.0,0.0,0.0,Winter,No Holiday,Yes
2018-01-14,210,20,3.5,55.0,1.0,1100.0,-4.7,0.0,0.0,0.0,Winter,No Holiday,Yes
2018-01-14,213,21,3.1,58.0,0.4,936.0,-4.3,0.0,0.0,0.0,Winter,No Holiday,Yes
2018-01-14,196,22,2.8,60.0,0.6,829.0,-4.2,0.0,0.0,0.0,Winter,No Holiday,Yes
2018-01-14,144,23,2.7,60.0,0.6,794.0,-4.3,0.0,0.0,0.0,Winter,No Holiday,Yes
2018-01-15,171,0,3.0,60.0,0.5,842.0,-4.0,0.0,0.0,0.0,Winter,No Holiday,Yes
2018-01-15,122,1,3.0,62.0,0.9,835.0,-3.5,0.0,0.0,0.0,Winter,No Holiday,Yes
2018-01-15,74,2,3.6,65.0,0.9,959.0,-2.3,0.0,0.0,0.0,Winter,No Holiday,Yes
2018-01-15,58,3,4.4,70.0,1.7,928.0,-0.6,0.0,0.0,0.0,Winter,No Holiday,Yes
2018-01-15,38,4,4.9,73.0,1.8,881.0,0.4,0.0,0.0,0.0,Winter,No Holiday,Yes
2018-01-15,55,5,5.0,76.0,1.9,808.0,1.1,0.0,0.0,0.0,Winter,No Holiday,Yes
2018-01-15,82,6,4.9,83.0,3.0,582.0,2.2,0.0,0.0,0.0,Winter,No Holiday,Yes
2018-01-15,209,7,4.4,87.0,1.0,357.0,2.4,0.0,0.0,0.0,Winter,No Holiday,Yes
2018-01-15,444,8,4.1,85.0,1.1,470.0,1.7,0.0,0.0,0.0,Winter,No Holiday,Yes
2018-01-15,303,9,3.9,86.0,1.7,399.0,1.7,0.11,0.2,0.0,Winter,No Holiday,Yes
2018-01-15,212,10,4.2,82.0,2.2,560.0,1.3,0.22,0.0,0.0,Winter,No Holiday,Yes
2018-01-15,254,11,4.7,75.0,2.3,533.0,0.6,0.54,0.0,0.0,Winter,No Holiday,Yes
2018-01-15,311,12,6.2,64.0,1.9,549.0,-0.1,0.79,0.0,0.0,Winter,No Holiday,Yes
2018-01-15,309,13,6.1,61.0,2.3,534.0,-0.8,0.91,0.0,0.0,Winter,No Holiday,Yes
2018-01-15,306,14,7.1,52.0,2.1,646.0,-2.1,0.76,0.0,0.0,Winter,No Holiday,Yes
2018-01-15,349,15,7.4,38.0,1.7,817.0,-6.0,0.63,0.0,0.0,Winter,No Holiday,Yes
2018-01-15,365,16,7.5,37.0,0.9,813.0,-6.2,0.48,0.0,0.0,Winter,No Holiday,Yes
2018-01-15,455,17,6.5,40.0,0.8,804.0,-6.1,0.23,0.0,0.0,Winter,No Holiday,Yes
2018-01-15,555,18,5.2,44.0,1.3,647.0,-6.0,0.0,0.0,0.0,Winter,No Holiday,Yes
2018-01-15,444,19,4.4,53.0,1.2,538.0,-4.3,0.0,0.0,0.0,Winter,No Holiday,Yes
2018-01-15,321,20,3.7,58.0,1.3,474.0,-3.8,0.0,0.0,0.0,Winter,No Holiday,Yes
2018-01-15,334,21,3.4,59.0,0.8,471.0,-3.8,0.0,0.0,0.0,Winter,No Holiday,Yes
2018-01-15,333,22,3.0,61.0,1.6,460.0,-3.8,0.0,0.0,0.0,Winter,No Holiday,Yes
2018-01-15,230,23,2.4,63.0,0.6,443.0,-3.9,0.0,0.0,0.0,Winter,No Holiday,Yes
2018-01-16,212,0,1.8,67.0,1.2,387.0,-3.6,0.0,0.0,0.0,Winter,No Holiday,Yes
2018-01-16,207,1,1.2,64.0,0.7,455.0,-4.8,0.0,0.0,0.0,Winter,No Holiday,Yes
2018-01-16,141,2,0.5,72.0,0.7,385.0,-3.9,0.0,0.0,0.0,Winter,No Holiday,Yes
2018-01-16,81,3,0.3,70.0,0.6,438.0,-4.5,0.0,0.0,0.0,Winter,No Holiday,Yes
2018-01-16,51,4,0.8,65.0,0.7,502.0,-5.0,0.0,0.0,0.0,Winter,No Holiday,Yes
2018-01-16,58,5,1.1,64.0,0.5,505.0,-4.9,0.0,0.0,0.0,Winter,No Holiday,Yes
2018-01-16,140,6,1.2,69.0,0.6,436.0,-3.8,0.0,0.0,0.0,Winter,No Holiday,Yes
2018-01-16,318,7,1.1,69.0,0.6,418.0,-3.9,0.0,0.0,0.0,Winter,No Holiday,Yes
2018-01-16,650,8,1.2,68.0,0.6,411.0,-4.0,0.0,0.0,0.0,Winter,No Holiday,Yes
2018-01-16,376,9,1.9,65.0,0.8,402.0,-3.9,0.06,0.0,0.0,Winter,No Holiday,Yes
2018-01-16,221,10,2.7,60.0,0.5,392.0,-4.3,0.18,0.0,0.0,Winter,No Holiday,Yes
2018-01-16,256,11,3.9,57.0,0.8,363.0,-3.8,0.28,0.0,0.0,Winter,No Holiday,Yes
2018-01-16,276,12,5.2,52.0,1.2,349.0,-3.8,0.45,0.0,0.0,Winter,No Holiday,Yes
2018-01-16,296,13,5.8,47.0,0.8,382.0,-4.6,0.53,0.0,0.0,Winter,No Holiday,Yes
2018-01-16,276,14,6.5,43.0,0.8,468.0,-5.2,0.52,0.0,0.0,Winter,No Holiday,Yes
2018-01-16,250,15,6.3,40.0,0.3,498.0,-6.3,0.19,0.0,0.0,Winter,No Holiday,Yes
2018-01-16,277,16,5.8,50.0,0.9,547.0,-3.8,0.11,0.0,0.0,Winter,No Holiday,Yes
2018-01-16,381,17,5.2,58.0,0.8,462.0,-2.4,0.08,0.0,0.0,Winter,No Holiday,Yes
2018-01-16,592,18,4.9,59.0,1.4,427.0,-2.4,0.0,0.0,0.0,Winter,No Holiday,Yes
2018-01-16,409,19,4.6,57.0,1.0,432.0,-3.2,0.0,0.0,0.0,Winter,No Holiday,Yes
2018-01-16,332,20,4.5,58.0,0.8,383.0,-3.0,0.0,0.0,0.0,Winter,No Holiday,Yes
2018-01-16,342,21,4.3,56.0,0.7,434.0,-3.7,0.0,0.0,0.0,Winter,No Holiday,Yes
2018-01-16,321,22,4.0,57.0,0.3,430.0,-3.7,0.0,0.0,0.0,Winter,No Holiday,Yes
2018-01-16,242,23,3.9,60.0,0.9,379.0,-3.1,0.0,0.0,0.0,Winter,No Holiday,Yes
2018-01-17,204,0,3.5,62.0,0.4,382.0,-3.1,0.0,0.0,0.0,Winter,No Holiday,Yes
2018-01-17,183,1,3.3,64.0,0.4,339.0,-2.8,0.0,0.0,0.0,Winter,No Holiday,Yes
2018-01-17,140,2,3.1,65.0,0.8,310.0,-2.8,0.0,0.0,0.0,Winter,No Holiday,Yes
2018-01-17,75,3,3.0,67.0,0.8,297.0,-2.5,0.0,0.0,0.0,Winter,No Holiday,Yes
2018-01-17,55,4,3.0,68.0,0.5,322.0,-2.3,0.0,0.0,0.0,Winter,No Holiday,Yes
2018-01-17,72,5,2.9,66.0,0.8,325.0,-2.8,0.0,0.0,0.0,Winter,No Holiday,Yes
2018-01-17,115,6,2.7,71.0,1.1,270.0,-2.0,0.0,0.0,0.0,Winter,No Holiday,Yes
2018-01-17,272,7,2.5,71.0,0.9,289.0,-2.2,0.0,0.0,0.0,Winter,No Holiday,Yes
2018-01-17,537,8,2.6,70.0,0.6,296.0,-2.3,0.0,0.0,0.0,Winter,No Holiday,Yes
2018-01-17,337,9,3.0,66.0,0.7,306.0,-2.7,0.12,0.0,0.0,Winter,No Holiday,Yes
2018-01-17,212,10,4.3,58.0,0.5,401.0,-3.2,0.23,0.0,0.0,Winter,No Holiday,Yes
2018-01-17,270,11,6.0,51.0,1.0,436.0,-3.3,0.55,0.0,0.0,Winter,No Holiday,Yes
2018-01-17,310,12,8.1,51.0,1.4,367.0,-1.4,0.75,0.0,0.0,Winter,No Holiday,Yes
2018-01-17,273,13,8.0,54.0,1.8,435.0,-0.7,0.57,0.0,0.0,Winter,No Holiday,Yes
2018-01-17,258,14,7.7,54.0,2.6,313.0,-1.0,0.58,0.0,0.0,Winter,No Holiday,Yes
2018-01-17,278,15,8.5,49.0,1.3,400.0,-1.6,0.73,0.0,0.0,Winter,No Holiday,Yes
2018-01-17,314,16,8.3,54.0,1.2,330.0,-0.4,0.44,0.0,0.0,Winter,No Holiday,Yes
2018-01-17,380,17,7.2,57.0,3.3,342.0,-0.7,0.19,0.0,0.0,Winter,No Holiday,Yes
2018-01-17,501,18,5.2,62.0,2.9,503.0,-1.5,0.01,0.0,0.0,Winter,No Holiday,Yes
2018-01-17,360,19,4.2,68.0,2.4,446.0,-1.1,0.0,0.0,0.0,Winter,No Holiday,Yes
2018-01-17,286,20,3.5,72.0,1.7,361.0,-1.0,0.0,0.0,0.0,Winter,No Holiday,Yes
2018-01-17,320,21,3.1,74.0,1.1,333.0,-1.0,0.0,0.0,0.0,Winter,No Holiday,Yes
2018-01-17,313,22,2.8,74.0,0.5,309.0,-1.3,0.0,0.0,0.0,Winter,No Holiday,Yes
2018-01-17,227,23,2.7,74.0,0.8,291.0,-1.4,0.0,0.0,0.0,Winter,No Holiday,Yes
2018-01-18,215,0,2.7,73.0,1.0,290.0,-1.6,0.0,0.0,0.0,Winter,No Holiday,Yes
2018-01-18,190,1,3.2,72.0,1.9,306.0,-1.3,0.0,0.0,0.0,Winter,No Holiday,Yes
2018-01-18,137,2,3.3,73.0,1.2,288.0,-1.0,0.0,0.0,0.0,Winter,No Holiday,Yes
2018-01-18,95,3,3.6,74.0,1.7,273.0,-0.6,0.0,0.0,0.0,Winter,No Holiday,Yes
2018-01-18,50,4,3.3,80.0,2.1,232.0,0.1,0.0,0.0,0.0,Winter,No Holiday,Yes
2018-01-18,68,5,2.6,82.0,2.0,229.0,-0.1,0.0,0.0,0.0,Winter,No Holiday,Yes
2018-01-18,107,6,2.2,82.0,2.0,211.0,-0.5,0.0,0.0,0.0,Winter,No Holiday,Yes
2018-01-18,279,7,1.5,86.0,1.1,189.0,-0.5,0.0,0.0,0.0,Winter,No Holiday,Yes
2018-01-18,537,8,1.1,86.0,1.2,197.0,-0.9,0.0,0.0,0.0,Winter,No Holiday,Yes
2018-01-18,305,9,1.2,84.0,2.1,210.0,-1.2,0.07,0.0,0.0,Winter,No Holiday,Yes
2018-01-18,188,10,1.4,81.0,2.1,255.0,-1.5,0.21,0.0,0.0,Winter,No Holiday,Yes
2018-01-18,261,11,1.8,75.0,1.8,301.0,-2.1,0.35,0.0,0.0,Winter,No Holiday,Yes
2018-01-18,267,12,2.5,72.0,2.4,256.0,-2.0,0.0,0.0,0.0,Winter,No Holiday,Yes
2018-01-18,307,13,3.5,54.0,3.2,463.0,-4.9,0.68,0.0,0.0,Winter,No Holiday,Yes
2018-01-18,301,14,4.4,42.0,2.3,719.0,-7.4,0.72,0.0,0.0,Winter,No Holiday,Yes
2018-01-18,269,15,4.2,36.0,2.3,957.0,-9.5,0.57,0.0,0.0,Winter,No Holiday,Yes
2018-01-18,328,16,3.6,42.0,2.4,883.0,-8.1,0.29,0.0,0.0,Winter,No Holiday,Yes
2018-01-18,416,17,2.8,46.0,2.1,858.0,-7.6,0.14,0.0,0.0,Winter,No Holiday,Yes
2018-01-18,506,18,2.0,39.0,2.1,1259.0,-10.5,0.01,0.0,0.0,Winter,No Holiday,Yes
2018-01-18,365,19,1.5,41.0,1.0,1210.0,-10.3,0.0,0.0,0.0,Winter,No Holiday,Yes
2018-01-18,303,20,1.1,44.0,1.2,1171.0,-9.8,0.0,0.0,0.0,Winter,No Holiday,Yes
2018-01-18,339,21,0.8,45.0,1.5,1184.0,-9.8,0.0,0.0,0.0,Winter,No Holiday,Yes
2018-01-18,318,22,0.7,45.0,2.0,1084.0,-9.9,0.0,0.0,0.0,Winter,No Holiday,Yes
2018-01-18,232,23,0.6,47.0,2.3,1046.0,-9.4,0.0,0.0,0.0,Winter,No Holiday,Yes
2018-01-19,211,0,0.3,45.0,1.8,1154.0,-10.2,0.0,0.0,0.0,Winter,No Holiday,Yes
2018-01-19,207,1,0.0,43.0,1.7,1250.0,-11.1,0.0,0.0,0.0,Winter,No Holiday,Yes
2018-01-19,140,2,-0.3,44.0,1.7,1295.0,-11.1,0.0,0.0,0.0,Winter,No Holiday,Yes
2018-01-19,93,3,-0.6,43.0,1.7,1316.0,-11.6,0.0,0.0,0.0,Winter,No Holiday,Yes
2018-01-19,58,4,-0.7,45.0,1.4,1241.0,-11.1,0.0,0.0,0.0,Winter,No Holiday,Yes
2018-01-19,61,5,-1.4,47.0,1.4,1301.0,-11.2,0.0,0.0,0.0,Winter,No Holiday,Yes
2018-01-19,151,6,-1.8,49.0,1.4,1359.0,-11.1,0.0,0.0,0.0,Winter,No Holiday,Yes
2018-01-19,334,7,-2.0,49.0,1.9,1281.0,-11.3,0.0,0.0,0.0,Winter,No Holiday,Yes
2018-01-19,648,8,-2.5,50.0,1.0,1281.0,-11.5,0.0,0.0,0.0,Winter,No Holiday,Yes
2018-01-19,387,9,-2.1,42.0,1.3,1519.0,-13.3,0.17,0.0,0.0,Winter,No Holiday,Yes
2018-01-19,255,10,0.0,29.0,1.3,1592.0,-15.9,0.52,0.0,0.0,Winter,No Holiday,Yes
2018-01-19,283,11,2.2,20.0,0.6,1794.0,-18.5,0.83,0.0,0.0,Winter,No Holiday,Yes
2018-01-19,341,12,4.3,28.0,1.5,1858.0,-12.6,0.98,0.0,0.0,Winter,No Holiday,Yes
2018-01-19,341,13,4.7,26.0,2.6,1370.0,-13.2,1.11,0.0,0.0,Winter,No Holiday,Yes
2018-01-19,349,14,4.7,24.0,3.6,1552.0,-14.2,1.08,0.0,0.0,Winter,No Holiday,Yes
2018-01-19,381,15,5.4,25.0,2.4,1686.0,-13.1,0.9,0.0,0.0,Winter,No Holiday,Yes
2018-01-19,390,16,4.9,27.0,2.8,1648.0,-12.5,0.65,0.0,0.0,Winter,No Holiday,Yes
2018-01-19,468,17,4.1,34.0,3.1,1810.0,-10.3,0.28,0.0,0.0,Winter,No Holiday,Yes
2018-01-19,702,18,2.9,45.0,1.6,1629.0,-7.8,0.04,0.0,0.0,Winter,No Holiday,Yes
2018-01-19,471,19,2.0,48.0,1.8,1519.0,-7.8,0.0,0.0,0.0,Winter,No Holiday,Yes
2018-01-19,342,20,1.2,51.0,0.6,1544.0,-7.8,0.0,0.0,0.0,Winter,No Holiday,Yes
2018-01-19,331,21,0.5,52.0,0.8,1595.0,-8.2,0.0,0.0,0.0,Winter,No Holiday,Yes
2018-01-19,292,22,0.0,56.0,0.8,1544.0,-7.7,0.0,0.0,0.0,Winter,No Holiday,Yes
2018-01-19,236,23,-0.5,59.0,0.9,1487.0,-7.5,0.0,0.0,0.0,Winter,No Holiday,Yes
2018-01-20,228,0,-0.6,60.0,0.6,1433.0,-7.4,0.0,0.0,0.0,Winter,No Holiday,Yes
2018-01-20,258,1,-0.9,64.0,0.4,1273.0,-6.8,0.0,0.0,0.0,Winter,No Holiday,Yes
2018-01-20,216,2,-0.9,65.0,0.6,1369.0,-6.6,0.0,0.0,0.0,Winter,No Holiday,Yes
2018-01-20,118,3,-0.9,65.0,0.2,1359.0,-6.6,0.0,0.0,0.0,Winter,No Holiday,Yes
2018-01-20,89,4,-0.7,65.0,0.6,1226.0,-6.4,0.0,0.0,0.0,Winter,No Holiday,Yes
2018-01-20,56,5,-0.3,62.0,0.6,862.0,-6.7,0.0,0.0,0.0,Winter,No Holiday,Yes
2018-01-20,50,6,-0.1,60.0,0.4,1080.0,-6.9,0.0,0.0,0.0,Winter,No Holiday,Yes
2018-01-20,101,7,0.2,60.0,0.3,1145.0,-6.6,0.0,0.0,0.0,Winter,No Holiday,Yes
2018-01-20,191,8,0.3,63.0,0.4,1140.0,-5.9,0.0,0.0,0.0,Winter,No Holiday,Yes
2018-01-20,234,9,0.9,63.0,0.9,1090.0,-5.3,0.07,0.0,0.0,Winter,No Holiday,Yes
2018-01-20,259,10,2.1,60.0,1.2,1005.0,-4.8,0.3,0.0,0.0,Winter,No Holiday,Yes
2018-01-20,285,11,3.7,59.0,1.8,978.0,-3.5,0.51,0.0,0.0,Winter,No Holiday,Yes
2018-01-20,325,12,5.3,55.0,2.6,904.0,-3.0,0.85,0.0,0.0,Winter,No Holiday,Yes
2018-01-20,356,13,6.3,55.0,3.0,792.0,-2.0,0.85,0.0,0.0,Winter,No Holiday,Yes
2018-01-20,334,14,5.9,61.0,3.2,623.0,-1.0,0.52,0.0,0.0,Winter,No Holiday,Yes
2018-01-20,406,15,6.3,55.0,3.0,355.0,-2.0,0.68,0.0,0.0,Winter,No Holiday,Yes
2018-01-20,352,16,6.6,42.0,3.0,355.0,-5.4,0.48,0.0,0.0,Winter,No Holiday,Yes
2018-01-20,377,17,5.7,53.0,1.8,276.0,-3.1,0.22,0.0,0.0,Winter,No Holiday,Yes
2018-01-20,283,18,4.6,55.0,3.2,232.0,-3.6,0.03,0.0,0.0,Winter,No Holiday,Yes
2018-01-20,223,19,3.5,66.0,1.7,187.0,-2.2,0.0,0.0,0.0,Winter,No Holiday,Yes
2018-01-20,219,20,2.9,66.0,1.2,173.0,-2.8,0.0,0.0,0.0,Winter,No Holiday,Yes
2018-01-20,220,21,2.1,48.0,2.8,346.0,-7.7,0.0,0.0,0.0,Winter,No Holiday,Yes
2018-01-20,232,22,1.5,48.0,2.4,422.0,-8.3,0.0,0.0,0.0,Winter,No Holiday,Yes
2018-01-20,164,23,0.8,53.0,1.7,382.0,-7.7,0.0,0.0,0.0,Winter,No Holiday,Yes
2018-01-21,196,0,-0.3,60.0,1.9,340.0,-7.1,0.0,0.0,0.0,Winter,No Holiday,Yes
2018-01-21,177,1,-0.8,58.0,0.4,400.0,-8.0,0.0,0.0,0.0,Winter,No Holiday,Yes
2018-01-21,107,2,-1.5,63.0,1.0,380.0,-7.6,0.0,0.0,0.0,Winter,No Holiday,Yes
2018-01-21,107,3,-2.0,60.0,0.5,474.0,-8.7,0.0,0.0,0.0,Winter,No Holiday,Yes
2018-01-21,73,4,-2.3,47.0,0.7,984.0,-12.1,0.0,0.0,0.0,Winter,No Holiday,Yes
2018-01-21,32,5,-2.6,49.0,1.1,1065.0,-11.8,0.0,0.0,0.0,Winter,No Holiday,Yes
2018-01-21,36,6,-3.1,54.0,1.4,1037.0,-11.1,0.0,0.0,0.0,Winter,No Holiday,Yes
2018-01-21,61,7,-3.2,54.0,1.2,1113.0,-11.2,0.0,0.0,0.0,Winter,No Holiday,Yes
2018-01-21,115,8,-3.6,53.0,0.5,1227.0,-11.8,0.0,0.0,0.0,Winter,No Holiday,Yes
2018-01-21,152,9,-3.2,46.0,0.8,1091.0,-13.2,0.15,0.0,0.0,Winter,No Holiday,Yes
2018-01-21,189,10,-1.3,37.0,0.8,1070.0,-14.1,0.47,0.0,0.0,Winter,No Holiday,Yes
2018-01-21,216,11,1.9,25.0,1.0,1493.0,-16.1,0.78,0.0,0.0,Winter,No Holiday,Yes
2018-01-21,271,12,3.9,30.0,1.6,1085.0,-12.1,0.91,0.0,0.0,Winter,No Holiday,Yes
2018-01-21,343,13,4.9,22.0,2.0,1446.0,-15.0,1.0,0.0,0.0,Winter,No Holiday,Yes
2018-01-21,340,14,5.4,18.0,1.2,1923.0,-17.0,0.96,0.0,0.0,Winter,No Holiday,Yes
2018-01-21,389,15,5.4,20.0,2.2,1890.0,-15.8,0.8,0.0,0.0,Winter,No Holiday,Yes
2018-01-21,396,16,4.7,17.0,2.1,2000.0,-18.3,0.55,0.0,0.0,Winter,No Holiday,Yes
2018-01-21,383,17,3.8,20.0,1.3,2000.0,-17.1,0.24,0.0,0.0,Winter,No Holiday,Yes
2018-01-21,295,18,2.5,24.0,2.0,2000.0,-16.0,0.02,0.0,0.0,Winter,No Holiday,Yes
2018-01-21,223,19,1.3,25.0,1.3,2000.0,-16.6,0.0,0.0,0.0,Winter,No Holiday,Yes
2018-01-21,258,20,0.3,27.0,0.4,2000.0,-16.5,0.0,0.0,0.0,Winter,No Holiday,Yes
2018-01-21,237,21,-0.1,29.0,0.5,2000.0,-16.0,0.0,0.0,0.0,Winter,No Holiday,Yes
2018-01-21,207,22,-0.3,32.0,0.7,2000.0,-15.0,0.0,0.0,0.0,Winter,No Holiday,Yes
2018-01-21,170,23,-0.4,32.0,0.6,2000.0,-15.1,0.0,0.0,0.0,Winter,No Holiday,Yes
2018-01-22,171,0,-0.2,30.0,0.4,2000.0,-15.7,0.0,0.0,0.0,Winter,No Holiday,Yes
2018-01-22,97,1,-0.2,32.0,0.7,2000.0,-14.9,0.0,0.0,0.0,Winter,No Holiday,Yes
2018-01-22,73,2,-0.2,33.0,1.4,2000.0,-14.5,0.0,0.0,0.0,Winter,No Holiday,Yes
2018-01-22,53,3,-0.3,31.0,0.3,2000.0,-15.4,0.0,0.0,0.0,Winter,No Holiday,Yes
2018-01-22,31,4,0.0,32.0,0.4,2000.0,-14.7,0.0,0.0,0.0,Winter,No Holiday,Yes
2018-01-22,60,5,0.0,32.0,0.7,2000.0,-14.7,0.0,0.0,0.0,Winter,No Holiday,Yes
2018-01-22,165,6,0.0,33.0,0.4,2000.0,-14.3,0.0,0.0,0.0,Winter,No Holiday,Yes
2018-01-22,316,7,-0.4,34.0,1.0,1989.0,-14.3,0.0,0.0,0.0,Winter,No Holiday,Yes
2018-01-22,683,8,-0.7,32.0,0.5,1991.0,-15.3,0.0,0.0,0.0,Winter,No Holiday,Yes
2018-01-22,365,9,0.1,33.0,0.8,1901.0,-14.3,0.06,0.0,0.0,Winter,No Holiday,Yes
2018-01-22,221,10,1.1,31.0,0.7,1898.0,-14.1,0.25,0.0,0.0,Winter,No Holiday,Yes
2018-01-22,277,11,2.4,27.0,0.9,1796.0,-14.7,0.47,0.0,0.0,Winter,No Holiday,Yes
2018-01-22,323,12,3.9,28.0,0.9,1383.0,-12.9,0.6,0.0,0.0,Winter,No Holiday,Yes
2018-01-22,281,13,3.9,33.0,0.6,1249.0,-10.9,0.19,0.0,0.0,Winter,No Holiday,Yes
2018-01-22,249,14,3.3,73.0,0.4,744.0,-1.0,0.11,0.0,0.0,Winter,No Holiday,Yes
2018-01-22,63,15,3.6,69.0,1.8,655.0,-1.5,0.17,0.0,0.0,Winter,No Holiday,Yes
2018-01-22,18,16,2.0,87.0,1.9,140.0,0.0,0.03,0.0,0.0,Winter,No Holiday,Yes
2018-01-22,43,17,1.3,93.0,1.2,81.0,0.2,0.03,0.0,0.2,Winter,No Holiday,Yes
2018-01-22,170,18,1.1,96.0,3.0,187.0,0.5,0.0,3.3,1.0,Winter,No Holiday,Yes
2018-01-22,167,19,-0.1,88.0,3.2,582.0,-1.8,0.0,0.0,1.0,Winter,No Holiday,Yes
2018-01-22,181,20,-0.8,85.0,2.9,836.0,-3.0,0.0,0.0,1.0,Winter,No Holiday,Yes
2018-01-22,187,21,-1.8,85.0,2.9,590.0,-3.9,0.0,0.0,1.0,Winter,No Holiday,Yes
2018-01-22,170,22,-3.2,81.0,3.9,492.0,-6.0,0.0,0.0,1.0,Winter,No Holiday,Yes
2018-01-22,139,23,-4.2,79.0,2.9,554.0,-7.3,0.0,0.0,1.0,Winter,No Holiday,Yes
2018-01-23,96,0,-5.3,77.0,3.8,894.0,-8.7,0.0,0.0,1.0,Winter,No Holiday,Yes
2018-01-23,120,1,-6.0,76.0,3.1,1178.0,-9.5,0.0,0.0,1.0,Winter,No Holiday,Yes
2018-01-23,75,2,-7.5,65.0,3.9,2000.0,-12.9,0.0,0.0,1.0,Winter,No Holiday,Yes
2018-01-23,55,3,-8.6,68.0,3.3,2000.0,-13.4,0.0,0.0,1.0,Winter,No Holiday,Yes
2018-01-23,45,4,-9.5,49.0,4.3,2000.0,-18.2,0.0,0.0,1.0,Winter,No Holiday,Yes
2018-01-23,44,5,-10.5,46.0,3.0,2000.0,-19.9,0.0,0.0,1.0,Winter,No Holiday,Yes
2018-01-23,84,6,-11.5,47.0,3.2,2000.0,-20.5,0.0,0.0,1.0,Winter,No Holiday,Yes
2018-01-23,211,7,-12.5,41.0,4.5,2000.0,-23.0,0.0,0.0,1.0,Winter,No Holiday,Yes
2018-01-23,423,8,-13.0,41.0,4.0,2000.0,-23.5,0.0,0.0,1.0,Winter,No Holiday,Yes
2018-01-23,228,9,-13.3,36.0,3.5,2000.0,-25.2,0.19,0.0,1.0,Winter,No Holiday,Yes
2018-01-23,132,10,-12.1,34.0,3.5,1968.0,-24.8,0.62,0.0,1.0,Winter,No Holiday,Yes
2018-01-23,184,11,-11.7,27.0,4.0,1935.0,-26.9,0.94,0.0,1.0,Winter,No Holiday,Yes
2018-01-23,180,12,-11.3,27.0,3.7,1955.0,-26.6,1.18,0.0,1.0,Winter,No Holiday,Yes
2018-01-23,189,13,-11.0,27.0,4.0,1959.0,-26.3,1.26,0.0,1.0,Winter,No Holiday,Yes
2018-01-23,169,14,-10.4,30.0,4.3,2000.0,-24.6,1.22,0.0,1.0,Winter,No Holiday,Yes
2018-01-23,181,15,-9.7,32.0,3.6,2000.0,-23.3,1.04,0.0,1.0,Winter,No Holiday,Yes
2018-01-23,181,16,-10.1,34.0,4.3,2000.0,-23.0,0.74,0.0,1.0,Winter,No Holiday,Yes
2018-01-23,239,17,-10.6,38.0,3.5,2000.0,-22.2,0.38,0.0,0.9,Winter,No Holiday,Yes
2018-01-23,351,18,-11.5,43.0,2.4,2000.0,-21.6,0.05,0.0,0.9,Winter,No Holiday,Yes
2018-01-23,248,19,-12.0,47.0,3.2,2000.0,-21.0,0.0,0.0,0.9,Winter,No Holiday,Yes
2018-01-23,178,20,-12.5,52.0,3.0,2000.0,-20.3,0.0,0.0,0.9,Winter,No Holiday,Yes
2018-01-23,145,21,-13.2,49.0,4.1,2000.0,-21.6,0.0,0.0,0.9,Winter,No Holiday,Yes
2018-01-23,117,22,-13.9,45.0,4.0,2000.0,-23.2,0.0,0.0,0.9,Winter,No Holiday,Yes
2018-01-23,106,23,-14.3,38.0,4.0,2000.0,-25.5,0.0,0.0,0.9,Winter,No Holiday,Yes
2018-01-24,90,0,-14.6,34.0,3.9,2000.0,-27.0,0.0,0.0,0.9,Winter,No Holiday,Yes
2018-01-24,89,1,-15.0,31.0,2.5,2000.0,-28.3,0.0,0.0,0.9,Winter,No Holiday,Yes
2018-01-24,50,2,-15.2,32.0,3.1,2000.0,-28.2,0.0,0.0,0.9,Winter,No Holiday,Yes
2018-01-24,32,3,-15.2,30.0,3.4,2000.0,-28.9,0.0,0.0,0.9,Winter,No Holiday,Yes
2018-01-24,24,4,-15.4,30.0,2.5,2000.0,-29.1,0.0,0.0,0.9,Winter,No Holiday,Yes
2018-01-24,34,5,-15.6,29.0,3.7,2000.0,-29.6,0.0,0.0,0.9,Winter,No Holiday,Yes
2018-01-24,71,6,-15.7,29.0,2.5,2000.0,-29.7,0.0,0.0,0.9,Winter,No Holiday,Yes
2018-01-24,164,7,-15.9,30.0,3.0,2000.0,-29.5,0.0,0.0,0.9,Winter,No Holiday,Yes
2018-01-24,364,8,-16.2,30.0,1.6,2000.0,-29.8,0.0,0.0,0.9,Winter,No Holiday,Yes
2018-01-24,192,9,-15.8,27.0,3.4,2000.0,-30.5,0.2,0.0,0.9,Winter,No Holiday,Yes
2018-01-24,90,10,-14.5,24.0,4.6,1902.0,-30.6,0.61,0.0,0.9,Winter,No Holiday,Yes
2018-01-24,124,11,-13.1,25.0,3.8,1964.0,-29.0,0.96,0.0,0.9,Winter,No Holiday,Yes
2018-01-24,121,12,-12.2,26.0,4.0,2000.0,-27.8,1.17,0.0,0.9,Winter,No Holiday,Yes
2018-01-24,140,13,-12.0,25.0,6.0,1887.0,-28.0,1.27,0.0,0.9,Winter,No Holiday,Yes
2018-01-24,125,14,-11.1,26.0,3.8,1980.0,-26.8,1.25,0.0,0.8,Winter,No Holiday,Yes
2018-01-24,149,15,-10.8,29.0,3.8,2000.0,-25.4,1.06,0.0,0.7,Winter,No Holiday,Yes
2018-01-24,124,16,-11.2,30.0,4.7,2000.0,-25.3,0.77,0.0,0.7,Winter,No Holiday,Yes
2018-01-24,203,17,-11.8,26.0,3.5,2000.0,-27.4,0.39,0.0,0.7,Winter,No Holiday,Yes
2018-01-24,297,18,-13.0,29.0,3.4,2000.0,-27.3,0.05,0.0,0.7,Winter,No Holiday,Yes
2018-01-24,211,19,-13.8,32.0,2.2,2000.0,-26.9,0.0,0.0,0.7,Winter,No Holiday,Yes
2018-01-24,125,20,-14.3,37.0,1.3,2000.0,-25.8,0.0,0.0,0.7,Winter,No Holiday,Yes
2018-01-24,132,21,-14.7,40.0,3.2,1933.0,-25.3,0.0,0.0,0.7,Winter,No Holiday,Yes
2018-01-24,121,22,-15.2,45.0,4.0,2000.0,-24.4,0.0,0.0,0.7,Winter,No Holiday,Yes
2018-01-24,82,23,-15.7,43.0,3.6,2000.0,-25.4,0.0,0.0,0.7,Winter,No Holiday,Yes
2018-01-25,78,0,-15.9,43.0,3.8,2000.0,-25.6,0.0,0.0,0.7,Winter,No Holiday,Yes
2018-01-25,68,1,-16.1,42.0,2.2,2000.0,-26.0,0.0,0.0,0.7,Winter,No Holiday,Yes
2018-01-25,60,2,-16.0,42.0,1.3,2000.0,-25.9,0.0,0.0,0.7,Winter,No Holiday,Yes
2018-01-25,32,3,-16.0,40.0,1.9,2000.0,-26.5,0.0,0.0,0.7,Winter,No Holiday,Yes
2018-01-25,22,4,-15.9,37.0,2.4,1985.0,-27.2,0.0,0.0,0.7,Winter,No Holiday,Yes
2018-01-25,34,5,-15.8,37.0,2.7,2000.0,-27.1,0.0,0.0,0.7,Winter,No Holiday,Yes
2018-01-25,71,6,-16.1,33.0,3.0,2000.0,-28.7,0.0,0.0,0.7,Winter,No Holiday,Yes
2018-01-25,165,7,-16.2,33.0,2.2,2000.0,-28.7,0.0,0.0,0.7,Winter,No Holiday,Yes
2018-01-25,349,8,-16.4,32.0,3.3,2000.0,-29.2,0.01,0.0,0.6,Winter,No Holiday,Yes
2018-01-25,187,9,-16.2,33.0,2.9,2000.0,-28.7,0.19,0.0,0.6,Winter,No Holiday,Yes
2018-01-25,105,10,-15.3,33.0,2.4,2000.0,-27.9,0.56,0.0,0.6,Winter,No Holiday,Yes
2018-01-25,122,11,-13.8,25.0,3.5,1996.0,-29.6,0.91,0.0,0.6,Winter,No Holiday,Yes
2018-01-25,142,12,-12.8,25.0,3.2,1981.0,-28.7,1.16,0.0,0.6,Winter,No Holiday,Yes
2018-01-25,130,13,-11.4,27.0,3.9,2000.0,-26.7,1.26,0.0,0.6,Winter,No Holiday,Yes
2018-01-25,160,14,-10.4,25.0,2.3,1981.0,-26.7,1.21,0.0,0.5,Winter,No Holiday,Yes
2018-01-25,130,15,-9.7,28.0,3.7,2000.0,-24.8,1.0,0.0,0.5,Winter,No Holiday,Yes
2018-01-25,152,16,-9.6,31.0,2.6,1973.0,-23.6,0.66,0.0,0.5,Winter,No Holiday,Yes
2018-01-25,170,17,-10.9,32.0,4.0,2000.0,-24.4,0.28,0.0,0.5,Winter,No Holiday,Yes
2018-01-25,288,18,-11.8,33.0,4.0,2000.0,-24.8,0.04,0.0,0.5,Winter,No Holiday,Yes
2018-01-25,178,19,-12.7,33.0,3.7,2000.0,-25.6,0.0,0.0,0.5,Winter,No Holiday,Yes
2018-01-25,141,20,-13.5,33.0,2.4,2000.0,-26.3,0.0,0.0,0.5,Winter,No Holiday,Yes
2018-01-25,137,21,-14.1,35.0,2.2,2000.0,-26.2,0.0,0.0,0.5,Winter,No Holiday,Yes
2018-01-25,113,22,-14.6,35.0,2.5,2000.0,-26.7,0.0,0.0,0.5,Winter,No Holiday,Yes
2018-01-25,79,23,-14.9,35.0,2.8,2000.0,-26.9,0.0,0.0,0.5,Winter,No Holiday,Yes
2018-01-26,68,0,-15.1,34.0,1.7,2000.0,-27.4,0.0,0.0,0.5,Winter,No Holiday,Yes
2018-01-26,93,1,-15.3,34.0,1.7,2000.0,-27.6,0.0,0.0,0.5,Winter,No Holiday,Yes
2018-01-26,54,2,-15.6,33.0,2.2,2000.0,-28.2,0.0,0.0,0.5,Winter,No Holiday,Yes
2018-01-26,41,3,-15.9,34.0,2.9,2000.0,-28.2,0.0,0.0,0.5,Winter,No Holiday,Yes
2018-01-26,24,4,-16.4,36.0,1.5,2000.0,-28.0,0.0,0.0,0.5,Winter,No Holiday,Yes
2018-01-26,36,5,-16.9,38.0,2.3,2000.0,-27.9,0.0,0.0,0.5,Winter,No Holiday,Yes
2018-01-26,64,6,-17.4,40.0,1.6,2000.0,-27.7,0.0,0.0,0.5,Winter,No Holiday,Yes
2018-01-26,142,7,-17.5,38.0,3.4,2000.0,-28.4,0.0,0.0,0.5,Winter,No Holiday,Yes
2018-01-26,322,8,-17.8,40.0,2.5,2000.0,-28.1,0.0,0.0,0.5,Winter,No Holiday,Yes
2018-01-26,149,9,-17.5,37.0,3.8,1941.0,-28.7,0.21,0.0,0.5,Winter,No Holiday,Yes
2018-01-26,96,10,-16.5,33.0,3.4,1703.0,-29.0,0.62,0.0,0.5,Winter,No Holiday,Yes
2018-01-26,93,11,-15.6,31.0,3.3,1808.0,-28.9,0.93,0.0,0.5,Winter,No Holiday,Yes
2018-01-26,111,12,-14.4,30.0,2.7,1906.0,-28.2,1.17,0.0,0.5,Winter,No Holiday,Yes
2018-01-26,115,13,-13.3,28.0,2.7,1889.0,-27.9,1.26,0.0,0.5,Winter,No Holiday,Yes
2018-01-26,116,14,-12.1,27.0,2.5,1879.0,-27.3,1.25,0.0,0.4,Winter,No Holiday,Yes
2018-01-26,140,15,-11.4,27.0,3.3,1805.0,-26.7,0.0,0.0,0.4,Winter,No Holiday,Yes
2018-01-26,147,16,-10.8,28.0,2.7,1778.0,-25.8,0.77,0.0,0.4,Winter,No Holiday,Yes
2018-01-26,196,17,-11.5,31.0,3.3,1745.0,-25.2,0.41,0.0,0.3,Winter,No Holiday,Yes
2018-01-26,305,18,-12.7,33.0,2.5,1835.0,-25.6,0.05,0.0,0.3,Winter,No Holiday,Yes
2018-01-26,171,19,-13.2,33.0,2.4,1863.0,-26.1,0.0,0.0,0.3,Winter,No Holiday,Yes
2018-01-26,121,20,-13.7,35.0,1.7,1878.0,-25.9,0.0,0.0,0.3,Winter,No Holiday,Yes
2018-01-26,130,21,-14.1,36.0,1.8,1869.0,-25.9,0.0,0.0,0.3,Winter,No Holiday,Yes
2018-01-26,108,22,-14.6,40.0,1.8,1746.0,-25.2,0.0,0.0,0.3,Winter,No Holiday,Yes
2018-01-26,89,23,-14.4,38.0,2.7,1738.0,-25.6,0.0,0.0,0.3,Winter,No Holiday,Yes
2018-01-27,80,0,-15.0,42.0,1.2,1766.0,-25.0,0.0,0.0,0.3,Winter,No Holiday,Yes
2018-01-27,94,1,-15.1,43.0,0.8,1905.0,-24.9,0.0,0.0,0.3,Winter,No Holiday,Yes
2018-01-27,75,2,-15.3,43.0,0.6,1867.0,-25.0,0.0,0.0,0.3,Winter,No Holiday,Yes
2018-01-27,41,3,-15.3,43.0,0.8,1963.0,-25.0,0.0,0.0,0.3,Winter,No Holiday,Yes
2018-01-27,36,4,-15.3,47.0,0.8,1868.0,-24.0,0.0,0.0,0.3,Winter,No Holiday,Yes
2018-01-27,25,5,-15.4,45.0,0.8,2000.0,-24.6,0.0,0.0,0.3,Winter,No Holiday,Yes
2018-01-27,33,6,-15.3,47.0,0.7,1921.0,-24.0,0.0,0.0,0.3,Winter,No Holiday,Yes
2018-01-27,57,7,-15.7,53.0,1.3,1629.0,-23.1,0.0,0.0,0.3,Winter,No Holiday,Yes
2018-01-27,84,8,-15.9,58.0,0.9,1369.0,-22.2,0.0,0.0,0.3,Winter,No Holiday,Yes
2018-01-27,105,9,-15.1,49.0,1.1,1401.0,-23.4,0.2,0.0,0.3,Winter,No Holiday,Yes
2018-01-27,96,10,-12.3,35.0,0.6,1497.0,-24.6,0.6,0.0,0.3,Winter,No Holiday,Yes
2018-01-27,125,11,-9.6,33.0,1.1,1748.0,-22.9,0.9,0.0,0.3,Winter,No Holiday,Yes
2018-01-27,145,12,-7.7,32.0,2.5,1763.0,-21.5,1.13,0.0,0.3,Winter,No Holiday,Yes
2018-01-27,189,13,-6.6,27.0,2.1,1889.0,-22.5,1.24,0.0,0.3,Winter,No Holiday,Yes
2018-01-27,193,14,-4.1,25.0,2.0,1730.0,-21.2,1.2,0.0,0.2,Winter,No Holiday,Yes
2018-01-27,192,15,-3.7,26.0,2.2,1739.0,-20.4,1.04,0.0,0.0,Winter,No Holiday,Yes
2018-01-27,195,16,-3.7,25.0,2.6,1839.0,-20.9,0.74,0.0,0.0,Winter,No Holiday,Yes
2018-01-27,207,17,-4.6,26.0,1.9,2000.0,-21.2,0.39,0.0,0.0,Winter,No Holiday,Yes
2018-01-27,162,18,-6.6,31.0,3.0,1988.0,-20.9,0.06,0.0,0.0,Winter,No Holiday,Yes
2018-01-27,122,19,-7.1,33.0,2.0,1887.0,-20.6,0.0,0.0,0.0,Winter,No Holiday,Yes
2018-01-27,117,20,-7.6,36.0,1.7,1858.0,-20.1,0.0,0.0,0.0,Winter,No Holiday,Yes
2018-01-27,103,21,-7.9,35.0,2.6,1878.0,-20.7,0.0,0.0,0.0,Winter,No Holiday,Yes
2018-01-27,114,22,-7.8,43.0,2.3,1804.0,-18.2,0.0,0.0,0.0,Winter,No Holiday,Yes
2018-01-27,103,23,-7.6,42.0,1.2,1760.0,-18.3,0.0,0.0,0.0,Winter,No Holiday,Yes
2018-01-28,125,0,-7.5,36.0,2.3,1972.0,-20.0,0.0,0.0,0.0,Winter,No Holiday,Yes
2018-01-28,103,1,-7.5,45.0,2.4,1853.0,-17.4,0.0,0.0,0.0,Winter,No Holiday,Yes
2018-01-28,72,2,-7.8,51.0,1.9,1627.0,-16.1,0.0,0.0,0.0,Winter,No Holiday,Yes
2018-01-28,67,3,-7.7,49.0,1.8,1573.0,-16.5,0.0,0.0,0.0,Winter,No Holiday,Yes
2018-01-28,38,4,-7.6,37.0,1.6,1966.0,-19.8,0.0,0.0,0.0,Winter,No Holiday,Yes
2018-01-28,21,5,-7.5,33.0,1.5,2000.0,-21.0,0.0,0.0,0.0,Winter,No Holiday,Yes
2018-01-28,30,6,-7.8,35.0,1.9,2000.0,-20.6,0.0,0.0,0.0,Winter,No Holiday,Yes
2018-01-28,42,7,-8.0,39.0,1.9,2000.0,-19.5,0.0,0.0,0.0,Winter,No Holiday,Yes
2018-01-28,72,8,-8.1,43.0,1.7,1943.0,-18.5,0.0,0.0,0.0,Winter,No Holiday,Yes
2018-01-28,104,9,-7.8,41.0,1.8,1923.0,-18.7,0.17,0.0,0.0,Winter,No Holiday,Yes
2018-01-28,111,10,-5.9,35.0,1.9,1940.0,-18.9,0.53,0.0,0.0,Winter,No Holiday,Yes
2018-01-28,145,11,-4.6,27.0,2.6,1887.0,-20.8,0.85,0.0,0.0,Winter,No Holiday,Yes
2018-01-28,189,12,-3.5,26.0,2.5,1756.0,-20.2,1.07,0.0,0.0,Winter,No Holiday,Yes
2018-01-28,206,13,-2.4,22.0,2.5,1866.0,-21.2,1.16,0.0,0.0,Winter,No Holiday,Yes
2018-01-28,225,14,-1.5,20.0,3.0,1992.0,-21.6,1.09,0.0,0.0,Winter,No Holiday,Yes
2018-01-28,217,15,-1.9,23.0,4.3,2000.0,-20.3,0.7,0.0,0.0,Winter,No Holiday,Yes
2018-01-28,187,16,-2.1,27.0,4.0,2000.0,-18.6,0.52,0.0,0.0,Winter,No Holiday,Yes
2018-01-28,178,17,-3.8,32.0,5.2,2000.0,-18.1,0.25,0.0,0.0,Winter,No Holiday,Yes
2018-01-28,157,18,-4.9,35.0,3.7,2000.0,-18.0,0.04,0.0,0.0,Winter,No Holiday,Yes
2018-01-28,134,19,-6.0,31.0,3.6,2000.0,-20.4,0.0,0.0,0.0,Winter,No Holiday,Yes
2018-01-28,113,20,-7.0,30.0,2.8,2000.0,-21.6,0.0,0.0,0.0,Winter,No Holiday,Yes
2018-01-28,106,21,-7.3,34.0,3.5,2000.0,-20.5,0.0,0.0,0.0,Winter,No Holiday,Yes
2018-01-28,105,22,-7.9,40.0,2.5,1997.0,-19.1,0.0,0.0,0.0,Winter,No Holiday,Yes
2018-01-28,81,23,-8.7,42.0,2.1,1981.0,-19.3,0.0,0.0,0.0,Winter,No Holiday,Yes
2018-01-29,80,0,-9.3,45.0,0.7,1976.0,-19.0,0.0,0.0,0.0,Winter,No Holiday,Yes
2018-01-29,62,1,-9.8,47.0,1.3,1934.0,-19.0,0.0,0.0,0.0,Winter,No Holiday,Yes
2018-01-29,49,2,-10.2,47.0,0.9,1808.0,-19.3,0.0,0.0,0.0,Winter,No Holiday,Yes
2018-01-29,27,3,-9.8,43.0,2.8,1963.0,-20.0,0.0,0.0,0.0,Winter,No Holiday,Yes
2018-01-29,26,4,-9.9,45.0,2.5,1967.0,-19.6,0.0,0.0,0.0,Winter,No Holiday,Yes
2018-01-29,50,5,-10.4,47.0,1.0,1921.0,-19.5,0.0,0.0,0.0,Winter,No Holiday,Yes
2018-01-29,94,6,-10.9,43.0,1.0,1967.0,-21.0,0.0,0.0,0.0,Winter,No Holiday,Yes
2018-01-29,231,7,-11.1,37.0,1.6,2000.0,-22.9,0.0,0.0,0.0,Winter,No Holiday,Yes
2018-01-29,450,8,-11.5,38.0,1.0,1998.0,-23.0,0.01,0.0,0.0,Winter,No Holiday,Yes
2018-01-29,217,9,-10.8,34.0,2.9,1975.0,-23.6,0.17,0.0,0.0,Winter,No Holiday,Yes
2018-01-29,135,10,-9.5,28.0,3.7,1893.0,-24.6,0.59,0.0,0.0,Winter,No Holiday,Yes
2018-01-29,166,11,-8.1,24.0,3.6,1761.0,-25.1,0.91,0.0,0.0,Winter,No Holiday,Yes
2018-01-29,186,12,-7.3,23.0,3.8,1903.0,-24.9,1.17,0.0,0.0,Winter,No Holiday,Yes
2018-01-29,166,13,-6.9,23.0,4.6,1963.0,-24.6,1.28,0.0,0.0,Winter,No Holiday,Yes
2018-01-29,168,14,-5.7,23.0,4.5,1956.0,-23.5,1.25,0.0,0.0,Winter,No Holiday,Yes
2018-01-29,177,15,-5.2,27.0,4.5,1927.0,-21.3,1.06,0.0,0.0,Winter,No Holiday,Yes
2018-01-29,195,16,-5.5,28.0,4.3,1926.0,-21.1,0.78,0.0,0.0,Winter,No Holiday,Yes
2018-01-29,239,17,-5.7,30.0,3.6,1978.0,-20.5,0.4,0.0,0.0,Winter,No Holiday,Yes
2018-01-29,438,18,-6.6,34.0,2.5,2000.0,-19.8,0.06,0.0,0.0,Winter,No Holiday,Yes
2018-01-29,282,19,-7.1,40.0,3.2,2000.0,-18.4,0.0,0.0,0.0,Winter,No Holiday,Yes
2018-01-29,197,20,-7.4,41.0,3.8,2000.0,-18.4,0.0,0.0,0.0,Winter,No Holiday,Yes
2018-01-29,182,21,-7.7,42.0,2.9,1905.0,-18.4,0.0,0.0,0.0,Winter,No Holiday,Yes
2018-01-29,172,22,-8.8,40.0,3.0,1985.0,-19.9,0.0,0.0,0.0,Winter,No Holiday,Yes
2018-01-29,99,23,-9.4,41.0,1.6,2000.0,-20.2,0.0,0.0,0.0,Winter,No Holiday,Yes
2018-01-30,108,0,-10.0,34.0,1.1,2000.0,-22.9,0.0,0.0,0.0,Winter,No Holiday,Yes
2018-01-30,129,1,-10.4,37.0,0.3,2000.0,-22.3,0.0,0.0,0.0,Winter,No Holiday,Yes
2018-01-30,84,2,-10.6,40.0,1.0,2000.0,-21.6,0.0,0.0,0.0,Winter,No Holiday,Yes
2018-01-30,54,3,-10.7,42.0,1.4,2000.0,-21.1,0.0,0.0,0.0,Winter,No Holiday,Yes
2018-01-30,33,4,-11.1,50.0,1.2,1986.0,-19.4,0.0,0.0,0.0,Winter,No Holiday,Yes
2018-01-30,47,5,-11.3,53.0,1.6,1979.0,-19.0,0.0,0.0,0.0,Winter,No Holiday,Yes
2018-01-30,94,6,-11.2,53.0,0.9,2000.0,-18.9,0.0,0.0,0.0,Winter,No Holiday,Yes
2018-01-30,214,7,-11.3,57.0,0.9,1984.0,-18.1,0.0,0.0,0.0,Winter,No Holiday,Yes
2018-01-30,491,8,-11.1,61.0,0.7,1963.0,-17.1,0.01,0.0,0.0,Winter,No Holiday,Yes
2018-01-30,254,9,-9.9,49.0,0.8,1624.0,-18.6,0.2,0.0,0.0,Winter,No Holiday,Yes
2018-01-30,170,10,-7.5,42.0,0.9,1705.0,-18.2,0.55,0.0,0.0,Winter,No Holiday,Yes
2018-01-30,220,11,-4.5,29.0,1.3,1912.0,-19.8,0.79,0.0,0.0,Winter,No Holiday,Yes
2018-01-30,253,12,-3.2,32.0,2.7,1900.0,-17.5,1.01,0.0,0.0,Winter,No Holiday,Yes
2018-01-30,225,13,-1.3,35.0,2.0,1893.0,-14.8,1.18,0.0,0.0,Winter,No Holiday,Yes
2018-01-30,238,14,-1.1,46.0,2.1,1437.0,-11.2,0.72,0.0,0.0,Winter,No Holiday,Yes
2018-01-30,173,15,-1.6,55.0,2.5,1891.0,-9.4,0.64,0.0,0.0,Winter,No Holiday,Yes
2018-01-30,94,16,-2.2,76.0,1.7,233.0,-5.8,0.25,0.0,0.0,Winter,No Holiday,Yes
2018-01-30,53,17,-2.4,85.0,0.3,174.0,-4.5,0.06,0.0,0.6,Winter,No Holiday,Yes
2018-01-30,100,18,-2.3,91.0,0.4,202.0,-3.5,0.0,1.4,2.0,Winter,No Holiday,Yes
2018-01-30,59,19,-1.7,91.0,1.1,167.0,-2.9,0.0,0.0,3.0,Winter,No Holiday,Yes
2018-01-30,72,20,-1.5,91.0,1.7,270.0,-2.7,0.0,0.0,3.3,Winter,No Holiday,Yes
2018-01-30,60,21,-1.6,91.0,1.3,508.0,-2.8,0.0,1.5,3.5,Winter,No Holiday,Yes
2018-01-30,73,22,-1.7,85.0,1.2,1006.0,-3.8,0.0,0.0,3.5,Winter,No Holiday,Yes
2018-01-30,62,23,-1.7,83.0,1.0,1093.0,-4.2,0.0,0.0,3.5,Winter,No Holiday,Yes
2018-01-31,69,0,-1.7,83.0,0.8,1113.0,-4.2,0.0,0.0,3.5,Winter,No Holiday,Yes
2018-01-31,96,1,-1.6,81.0,1.1,1141.0,-4.4,0.0,0.0,3.5,Winter,No Holiday,Yes
2018-01-31,60,2,-1.6,80.0,1.4,1097.0,-4.6,0.0,0.0,3.5,Winter,No Holiday,Yes
2018-01-31,47,3,-2.2,83.0,1.0,977.0,-4.7,0.0,0.0,3.5,Winter,No Holiday,Yes
2018-01-31,34,4,-2.4,82.0,1.5,877.0,-5.0,0.0,0.0,3.5,Winter,No Holiday,Yes
2018-01-31,34,5,-2.8,83.0,0.6,946.0,-5.2,0.0,0.0,3.5,Winter,No Holiday,Yes
2018-01-31,63,6,-3.1,80.0,0.7,1215.0,-6.0,0.0,0.0,3.5,Winter,No Holiday,Yes
2018-01-31,124,7,-3.5,83.0,1.6,953.0,-5.9,0.0,0.0,3.5,Winter,No Holiday,Yes
2018-01-31,273,8,-3.6,83.0,1.7,915.0,-6.0,0.0,0.0,3.5,Winter,No Holiday,Yes
2018-01-31,137,9,-3.3,77.0,1.2,916.0,-6.7,0.1,0.0,3.4,Winter,No Holiday,Yes
2018-01-31,102,10,-2.3,63.0,1.7,1286.0,-8.4,0.22,0.0,3.2,Winter,No Holiday,Yes
2018-01-31,144,11,-1.5,46.0,2.5,1906.0,-11.6,0.56,0.0,3.0,Winter,No Holiday,Yes
2018-01-31,160,12,-1.0,35.0,2.7,1921.0,-14.5,0.64,0.0,3.0,Winter,No Holiday,Yes
2018-01-31,171,13,-0.8,39.0,2.6,1853.0,-13.0,0.54,0.0,2.8,Winter,No Holiday,Yes
2018-01-31,156,14,-0.7,33.0,2.7,1984.0,-15.0,0.56,0.0,2.5,Winter,No Holiday,Yes
2018-01-31,214,15,-0.5,30.0,2.3,1997.0,-15.9,0.45,0.0,2.2,Winter,No Holiday,Yes
2018-01-31,216,16,-0.1,29.0,1.6,2000.0,-16.0,0.5,0.0,1.8,Winter,No Holiday,Yes
2018-01-31,279,17,-0.9,34.0,2.8,2000.0,-14.8,0.28,0.0,1.8,Winter,No Holiday,Yes
2018-01-31,403,18,-1.8,35.0,2.1,2000.0,-15.2,0.05,0.0,1.6,Winter,No Holiday,Yes
2018-01-31,270,19,-2.2,36.0,2.2,2000.0,-15.2,0.0,0.0,1.6,Winter,No Holiday,Yes
2018-01-31,229,20,-2.6,36.0,3.1,2000.0,-15.6,0.0,0.0,1.6,Winter,No Holiday,Yes
2018-01-31,229,21,-3.4,40.0,0.9,2000.0,-15.0,0.0,0.0,1.6,Winter,No Holiday,Yes
2018-01-31,188,22,-4.2,48.0,1.0,2000.0,-13.5,0.0,0.0,1.6,Winter,No Holiday,Yes
2018-01-31,132,23,-4.7,53.0,1.3,2000.0,-12.8,0.0,0.0,1.6,Winter,No Holiday,Yes
2018-02-01,122,0,-5.2,56.0,1.4,1996.0,-12.6,0.0,0.0,1.6,Winter,No Holiday,Yes
2018-02-01,149,1,-5.4,54.0,1.7,1996.0,-13.2,0.0,0.0,1.6,Winter,No Holiday,Yes
2018-02-01,103,2,-5.5,53.0,2.1,1980.0,-13.5,0.0,0.0,1.6,Winter,No Holiday,Yes
2018-02-01,81,3,-6.2,57.0,1.6,1874.0,-13.3,0.0,0.0,1.6,Winter,No Holiday,Yes
2018-02-01,37,4,-7.1,56.0,1.8,1841.0,-14.4,0.0,0.0,1.6,Winter,No Holiday,Yes
2018-02-01,51,5,-7.8,65.0,2.3,1737.0,-13.2,0.0,0.0,1.6,Winter,No Holiday,Yes
2018-02-01,95,6,-8.1,59.0,0.7,1915.0,-14.7,0.0,0.0,1.6,Winter,No Holiday,Yes
2018-02-01,244,7,-8.7,64.0,0.5,1972.0,-14.2,0.0,0.0,1.6,Winter,No Holiday,Yes
2018-02-01,459,8,-8.6,59.0,1.0,1948.0,-15.1,0.01,0.0,1.6,Winter,No Holiday,Yes
2018-02-01,259,9,-7.9,50.0,0.6,1805.0,-16.5,0.23,0.0,1.6,Winter,No Holiday,Yes
2018-02-01,168,10,-5.0,41.0,0.5,1799.0,-16.2,0.64,0.0,1.5,Winter,No Holiday,Yes
2018-02-01,194,11,-2.6,33.0,1.5,1830.0,-16.6,0.95,0.0,1.4,Winter,No Holiday,Yes
2018-02-01,240,12,-1.1,31.0,1.3,1869.0,-16.1,1.2,0.0,1.3,Winter,No Holiday,Yes
2018-02-01,233,13,0.3,28.0,3.1,1988.0,-16.1,1.3,0.0,1.0,Winter,No Holiday,Yes
2018-02-01,256,14,0.8,23.0,3.2,2000.0,-18.0,1.29,0.0,0.5,Winter,No Holiday,Yes
2018-02-01,293,15,0.7,25.0,3.0,1987.0,-17.1,1.12,0.0,0.0,Winter,No Holiday,Yes
2018-02-01,268,16,1.1,26.0,2.1,1957.0,-16.3,0.82,0.0,0.0,Winter,No Holiday,Yes
2018-02-01,341,17,0.3,26.0,2.4,1977.0,-17.0,0.45,0.0,0.0,Winter,No Holiday,Yes
2018-02-01,542,18,-1.0,28.0,1.9,2000.0,-17.2,0.08,0.0,0.0,Winter,No Holiday,Yes
2018-02-01,344,19,-1.8,32.0,1.5,2000.0,-16.3,0.0,0.0,0.0,Winter,No Holiday,Yes
2018-02-01,263,20,-2.4,36.0,1.0,2000.0,-15.4,0.0,0.0,0.0,Winter,No Holiday,Yes
2018-02-01,257,21,-3.2,47.0,1.8,1917.0,-12.9,0.0,0.0,0.0,Winter,No Holiday,Yes
2018-02-01,235,22,-3.9,52.0,1.2,1871.0,-12.3,0.0,0.0,0.0,Winter,No Holiday,Yes
2018-02-01,143,23,-4.5,55.0,0.4,1908.0,-12.1,0.0,0.0,0.0,Winter,No Holiday,Yes
2018-02-02,138,0,-4.9,56.0,1.1,1982.0,-12.3,0.0,0.0,0.0,Winter,No Holiday,Yes
2018-02-02,159,1,-5.2,56.0,0.9,1973.0,-12.6,0.0,0.0,0.0,Winter,No Holiday,Yes
2018-02-02,102,2,-5.7,59.0,0.3,1951.0,-12.4,0.0,0.0,0.0,Winter,No Holiday,Yes
2018-02-02,65,3,-6.3,63.0,0.9,1425.0,-12.2,0.0,0.0,0.0,Winter,No Holiday,Yes
2018-02-02,47,4,-6.7,65.0,1.1,1705.0,-12.1,0.0,0.0,0.0,Winter,No Holiday,Yes
2018-02-02,48,5,-6.8,61.0,0.2,1724.0,-13.0,0.0,0.0,0.0,Winter,No Holiday,Yes
2018-02-02,115,6,-7.0,62.0,1.3,1830.0,-13.0,0.0,0.0,0.0,Winter,No Holiday,Yes
2018-02-02,267,7,-7.4,62.0,1.5,1909.0,-13.4,0.0,0.0,0.0,Winter,No Holiday,Yes
2018-02-02,558,8,-7.4,58.0,2.2,1882.0,-14.2,0.01,0.0,0.0,Winter,No Holiday,Yes
2018-02-02,280,9,-6.5,54.0,1.2,1541.0,-14.2,0.22,0.0,0.0,Winter,No Holiday,Yes
2018-02-02,187,10,-4.1,43.0,1.2,1187.0,-14.8,0.59,0.0,0.0,Winter,No Holiday,Yes
2018-02-02,234,11,-1.4,37.0,1.0,1317.0,-14.2,0.91,0.0,0.0,Winter,No Holiday,Yes
2018-02-02,303,12,0.9,37.0,1.5,1283.0,-12.1,1.12,0.0,0.0,Winter,No Holiday,Yes
2018-02-02,294,13,1.6,29.0,2.2,1662.0,-14.5,1.2,0.0,0.0,Winter,No Holiday,Yes
2018-02-02,293,14,3.2,26.0,2.2,1499.0,-14.5,1.16,0.0,0.0,Winter,No Holiday,Yes
2018-02-02,310,15,3.6,26.0,2.4,1687.0,-14.1,0.99,0.0,0.0,Winter,No Holiday,Yes
2018-02-02,330,16,2.9,26.0,3.0,1968.0,-14.7,0.69,0.0,0.0,Winter,No Holiday,Yes
2018-02-02,382,17,2.0,25.0,2.3,1998.0,-16.0,0.34,0.0,0.0,Winter,No Holiday,Yes
2018-02-02,592,18,0.5,37.0,3.0,1733.0,-12.5,0.06,0.0,0.0,Winter,No Holiday,Yes
2018-02-02,379,19,-0.5,43.0,2.5,1666.0,-11.5,0.0,0.0,0.0,Winter,No Holiday,Yes
2018-02-02,241,20,-1.3,51.0,2.4,1481.0,-10.1,0.0,0.0,0.0,Winter,No Holiday,Yes
2018-02-02,225,21,-2.0,61.0,1.7,1655.0,-8.5,0.0,0.0,0.0,Winter,No Holiday,Yes
2018-02-02,227,22,-2.4,63.0,1.3,1523.0,-8.4,0.0,0.0,0.0,Winter,No Holiday,Yes
2018-02-02,178,23,-2.6,69.0,2.0,1434.0,-7.5,0.0,0.0,0.0,Winter,No Holiday,Yes
2018-02-03,182,0,-2.5,69.0,2.2,1366.0,-7.4,0.0,0.0,0.0,Winter,No Holiday,Yes
2018-02-03,184,1,-2.3,71.0,3.2,1078.0,-6.8,0.0,0.0,0.0,Winter,No Holiday,Yes
2018-02-03,123,2,-3.4,82.0,4.2,184.0,-6.0,0.0,0.0,0.0,Winter,No Holiday,Yes
2018-02-03,60,3,-4.4,80.0,4.3,346.0,-7.3,0.0,0.1,0.1,Winter,No Holiday,Yes
2018-02-03,35,4,-5.6,74.0,4.0,387.0,-9.5,0.0,0.0,0.2,Winter,No Holiday,Yes
2018-02-03,31,5,-6.3,65.0,3.9,1521.0,-11.8,0.0,0.0,0.3,Winter,No Holiday,Yes
2018-02-03,33,6,-7.8,57.0,4.8,1867.0,-14.8,0.0,0.4,0.3,Winter,No Holiday,Yes
2018-02-03,67,7,-8.8,58.0,4.0,1942.0,-15.5,0.0,0.0,0.3,Winter,No Holiday,Yes
2018-02-03,116,8,-9.5,56.0,3.5,1979.0,-16.6,0.01,0.0,0.3,Winter,No Holiday,Yes
2018-02-03,168,9,-9.4,47.0,3.3,1995.0,-18.6,0.42,0.0,0.3,Winter,No Holiday,Yes
2018-02-03,144,10,-8.5,43.0,4.0,1797.0,-18.8,1.09,0.0,0.2,Winter,No Holiday,Yes
2018-02-03,195,11,-7.7,41.0,4.6,1984.0,-18.7,1.65,0.0,0.2,Winter,No Holiday,Yes
2018-02-03,192,12,-6.0,38.0,3.4,1930.0,-18.0,2.04,0.0,0.0,Winter,No Holiday,Yes
2018-02-03,229,13,-5.8,38.0,3.7,1961.0,-17.8,2.25,0.0,0.0,Winter,No Holiday,Yes
2018-02-03,196,14,-5.0,31.0,4.0,2000.0,-19.5,2.18,0.0,0.0,Winter,No Holiday,Yes
2018-02-03,210,15,-4.5,31.0,4.3,1979.0,-19.1,1.91,0.0,0.0,Winter,No Holiday,Yes
2018-02-03,205,16,-4.2,31.0,3.5,1974.0,-18.8,1.42,0.0,0.0,Winter,No Holiday,Yes
2018-02-03,211,17,-5.6,32.0,4.6,2000.0,-19.7,0.53,0.0,0.0,Winter,No Holiday,Yes
2018-02-03,175,18,-6.6,36.0,4.4,2000.0,-19.2,0.15,0.0,0.0,Winter,No Holiday,Yes
2018-02-03,135,19,-7.6,32.0,4.8,2000.0,-21.4,0.0,0.0,0.0,Winter,No Holiday,Yes
2018-02-03,109,20,-8.5,31.0,4.1,2000.0,-22.6,0.0,0.0,0.0,Winter,No Holiday,Yes
2018-02-03,107,21,-9.1,38.0,2.7,2000.0,-20.8,0.0,0.0,0.0,Winter,No Holiday,Yes
2018-02-03,92,22,-9.7,45.0,3.0,2000.0,-19.4,0.0,0.0,0.0,Winter,No Holiday,Yes
2018-02-03,91,23,-10.0,48.0,2.6,2000.0,-18.9,0.0,0.0,0.0,Winter,No Holiday,Yes
2018-02-04,98,0,-10.4,49.0,2.4,2000.0,-19.0,0.0,0.0,0.0,Winter,No Holiday,Yes
2018-02-04,90,1,-10.5,48.0,3.1,2000.0,-19.4,0.0,0.0,0.0,Winter,No Holiday,Yes
2018-02-04,60,2,-10.5,49.0,2.0,2000.0,-19.1,0.0,0.0,0.0,Winter,No Holiday,Yes
2018-02-04,54,3,-10.6,47.0,3.7,2000.0,-19.7,0.0,0.0,0.0,Winter,No Holiday,Yes
2018-02-04,35,4,-11.2,47.0,2.3,2000.0,-20.3,0.0,0.0,0.0,Winter,No Holiday,Yes
2018-02-04,21,5,-11.5,51.0,3.3,1996.0,-19.6,0.0,0.0,0.0,Winter,No Holiday,Yes
2018-02-04,23,6,-11.8,54.0,2.4,1917.0,-19.2,0.0,0.0,0.0,Winter,No Holiday,Yes
2018-02-04,34,7,-12.4,54.0,2.5,1790.0,-19.8,0.0,0.0,0.0,Winter,No Holiday,Yes
2018-02-04,70,8,-12.8,56.0,2.4,1507.0,-19.7,0.02,0.0,0.0,Winter,No Holiday,Yes
2018-02-04,97,9,-12.4,51.0,3.8,1415.0,-20.4,0.38,0.0,0.0,Winter,No Holiday,Yes
2018-02-04,103,10,-11.2,43.0,3.5,1359.0,-21.3,1.04,0.0,0.0,Winter,No Holiday,Yes
2018-02-04,115,11,-9.7,37.0,2.8,1436.0,-21.6,1.57,0.0,0.0,Winter,No Holiday,Yes
2018-02-04,165,12,-8.3,32.0,1.8,1295.0,-22.1,1.99,0.0,0.0,Winter,No Holiday,Yes
2018-02-04,152,13,-8.3,34.0,4.0,1561.0,-21.4,2.22,0.0,0.0,Winter,No Holiday,Yes
2018-02-04,177,14,-7.4,33.0,4.0,1713.0,-20.9,2.17,0.0,0.0,Winter,No Holiday,Yes
2018-02-04,190,15,-6.4,30.0,4.9,1939.0,-21.1,1.89,0.0,0.0,Winter,No Holiday,Yes
2018-02-04,181,16,-5.4,29.0,3.6,1979.0,-20.6,1.4,0.0,0.0,Winter,No Holiday,Yes
2018-02-04,184,17,-5.9,27.0,3.6,1974.0,-21.9,0.81,0.0,0.0,Winter,No Holiday,Yes
2018-02-04,154,18,-7.0,26.0,4.1,2000.0,-23.3,0.16,0.0,0.0,Winter,No Holiday,Yes
2018-02-04,124,19,-7.7,31.0,3.3,2000.0,-21.9,0.0,0.0,0.0,Winter,No Holiday,Yes
2018-02-04,98,20,-8.2,28.0,3.5,2000.0,-23.5,0.0,0.0,0.0,Winter,No Holiday,Yes
2018-02-04,107,21,-8.9,35.0,3.2,2000.0,-21.6,0.0,0.0,0.0,Winter,No Holiday,Yes
2018-02-04,78,22,-9.7,45.0,1.3,2000.0,-19.4,0.0,0.0,0.0,Winter,No Holiday,Yes
2018-02-04,77,23,-10.3,48.0,2.0,2000.0,-19.2,0.0,0.0,0.0,Winter,No Holiday,Yes
2018-02-05,82,0,-10.5,52.0,2.4,2000.0,-18.4,0.0,0.0,0.0,Winter,No Holiday,Yes
2018-02-05,52,1,-11.2,54.0,1.0,2000.0,-18.6,0.0,0.0,0.0,Winter,No Holiday,Yes
2018-02-05,39,2,-11.2,55.0,1.5,2000.0,-18.4,0.0,0.0,0.0,Winter,No Holiday,Yes
2018-02-05,33,3,-11.3,54.0,0.6,2000.0,-18.7,0.0,0.0,0.0,Winter,No Holiday,Yes
2018-02-05,20,4,-11.7,51.0,1.2,2000.0,-19.8,0.0,0.0,0.0,Winter,No Holiday,Yes
2018-02-05,37,5,-11.6,45.0,2.4,2000.0,-21.1,0.0,0.0,0.0,Winter,No Holiday,Yes
2018-02-05,110,6,-11.5,40.0,2.3,2000.0,-22.4,0.0,0.0,0.0,Winter,No Holiday,Yes
2018-02-05,227,7,-11.6,44.0,1.6,2000.0,-21.4,0.0,0.0,0.0,Winter,No Holiday,Yes
2018-02-05,433,8,-11.5,40.0,2.8,2000.0,-22.4,0.02,0.0,0.0,Winter,No Holiday,Yes
2018-02-05,216,9,-11.1,38.0,2.4,1945.0,-22.6,0.43,0.0,0.0,Winter,No Holiday,Yes
2018-02-05,123,10,-9.6,32.0,3.7,2000.0,-23.2,1.14,0.0,0.0,Winter,No Holiday,Yes
2018-02-05,156,11,-8.5,27.0,4.7,1894.0,-24.2,1.73,0.0,0.0,Winter,No Holiday,Yes
2018-02-05,157,12,-7.8,28.0,4.1,2000.0,-23.1,2.12,0.0,0.0,Winter,No Holiday,Yes
2018-02-05,169,13,-7.0,25.0,4.2,1999.0,-23.7,2.29,0.0,0.0,Winter,No Holiday,Yes
2018-02-05,170,14,-6.4,24.0,4.6,1970.0,-23.7,2.23,0.0,0.0,Winter,No Holiday,Yes
2018-02-05,169,15,-5.7,25.0,4.4,1995.0,-22.6,1.94,0.0,0.0,Winter,No Holiday,Yes
2018-02-05,199,16,-5.4,25.0,3.4,1985.0,-22.3,1.44,0.0,0.0,Winter,No Holiday,Yes
2018-02-05,225,17,-6.4,28.0,4.5,2000.0,-21.9,0.81,0.0,0.0,Winter,No Holiday,Yes
2018-02-05,388,18,-7.6,29.0,3.5,2000.0,-22.6,0.16,0.0,0.0,Winter,No Holiday,Yes
2018-02-05,246,19,-8.3,29.0,4.1,2000.0,-23.2,0.0,0.0,0.0,Winter,No Holiday,Yes
2018-02-05,206,20,-9.1,35.0,3.8,2000.0,-21.7,0.0,0.0,0.0,Winter,No Holiday,Yes
2018-02-05,177,21,-9.8,41.0,3.9,1949.0,-20.6,0.0,0.0,0.0,Winter,No Holiday,Yes
2018-02-05,183,22,-10.3,43.0,3.7,1876.0,-20.5,0.0,0.0,0.0,Winter,No Holiday,Yes
2018-02-05,115,23,-10.5,47.0,2.8,1794.0,-19.6,0.0,0.0,0.0,Winter,No Holiday,Yes
2018-02-06,126,0,-10.6,47.0,3.5,1803.0,-19.7,0.0,0.0,0.0,Winter,No Holiday,Yes
2018-02-06,87,1,-10.9,36.0,3.3,2000.0,-23.0,0.0,0.0,0.0,Winter,No Holiday,Yes
2018-02-06,59,2,-11.2,36.0,2.9,1981.0,-23.3,0.0,0.0,0.0,Winter,No Holiday,Yes
2018-02-06,36,3,-11.6,35.0,3.2,1992.0,-24.0,0.0,0.0,0.0,Winter,No Holiday,Yes
2018-02-06,32,4,-12.0,36.0,2.7,1998.0,-24.0,0.0,0.0,0.0,Winter,No Holiday,Yes
2018-02-06,40,5,-12.3,37.0,2.9,2000.0,-24.0,0.0,0.0,0.0,Winter,No Holiday,Yes
2018-02-06,94,6,-12.5,40.0,3.4,1991.0,-23.3,0.0,0.0,0.0,Winter,No Holiday,Yes
2018-02-06,213,7,-12.7,41.0,3.7,1982.0,-23.2,0.0,0.0,0.0,Winter,No Holiday,Yes
2018-02-06,438,8,-12.7,41.0,3.1,2000.0,-23.2,0.02,0.0,0.0,Winter,No Holiday,Yes
2018-02-06,217,9,-12.3,39.0,3.7,1984.0,-23.4,0.45,0.0,0.0,Winter,No Holiday,Yes
2018-02-06,128,10,-11.3,35.0,4.2,1848.0,-23.7,1.15,0.0,0.0,Winter,No Holiday,Yes
2018-02-06,175,11,-9.9,32.0,3.3,1863.0,-23.5,1.72,0.0,0.0,Winter,No Holiday,Yes
2018-02-06,172,12,-8.2,31.0,2.7,1858.0,-22.3,2.09,0.0,0.0,Winter,No Holiday,Yes
2018-02-06,165,13,-7.5,28.0,4.3,1904.0,-22.9,2.3,0.0,0.0,Winter,No Holiday,Yes
2018-02-06,147,14,-7.0,26.0,4.4,1986.0,-23.3,2.24,0.0,0.0,Winter,No Holiday,Yes
2018-02-06,171,15,-5.9,25.0,3.1,1936.0,-22.8,1.93,0.0,0.0,Winter,No Holiday,Yes
2018-02-06,175,16,-5.9,24.0,3.5,2000.0,-23.2,1.44,0.0,0.0,Winter,No Holiday,Yes
2018-02-06,227,17,-6.6,29.0,2.5,2000.0,-21.7,0.68,0.0,0.0,Winter,No Holiday,Yes
2018-02-06,392,18,-7.6,36.0,3.3,2000.0,-20.1,0.11,0.0,0.0,Winter,No Holiday,Yes
2018-02-06,251,19,-8.4,37.0,4.0,2000.0,-20.5,0.0,0.0,0.0,Winter,No Holiday,Yes
2018-02-06,193,20,-9.6,34.0,2.6,2000.0,-22.5,0.0,0.0,0.0,Winter,No Holiday,Yes
2018-02-06,175,21,-10.6,39.0,3.1,2000.0,-21.9,0.0,0.0,0.0,Winter,No Holiday,Yes
2018-02-06,169,22,-11.1,43.0,1.8,1960.0,-21.2,0.0,0.0,0.0,Winter,No Holiday,Yes
2018-02-06,106,23,-11.8,46.0,1.1,1860.0,-21.1,0.0,0.0,0.0,Winter,No Holiday,Yes
2018-02-07,116,0,-12.3,47.0,0.4,1848.0,-21.3,0.0,0.0,0.0,Winter,No Holiday,Yes
2018-02-07,96,1,-12.3,47.0,1.9,1837.0,-21.3,0.0,0.0,0.0,Winter,No Holiday,Yes
2018-02-07,83,2,-12.5,50.0,1.0,1722.0,-20.8,0.0,0.0,0.0,Winter,No Holiday,Yes
2018-02-07,51,3,-12.5,49.0,1.5,1885.0,-21.0,0.0,0.0,0.0,Winter,No Holiday,Yes
2018-02-07,34,4,-13.1,54.0,0.7,1369.0,-20.4,0.0,0.0,0.0,Winter,No Holiday,Yes
2018-02-07,45,5,-13.0,53.0,0.7,1810.0,-20.5,0.0,0.0,0.0,Winter,No Holiday,Yes
2018-02-07,92,6,-13.2,50.0,0.5,1873.0,-21.4,0.0,0.0,0.0,Winter,No Holiday,Yes
2018-02-07,214,7,-13.2,56.0,0.9,1665.0,-20.1,0.0,0.0,0.0,Winter,No Holiday,Yes
2018-02-07,469,8,-13.3,60.0,0.6,1598.0,-19.4,0.02,0.0,0.0,Winter,No Holiday,Yes
2018-02-07,237,9,-12.0,50.0,1.3,1523.0,-20.3,0.43,0.0,0.0,Winter,No Holiday,Yes
2018-02-07,155,10,-9.6,39.0,0.7,1580.0,-21.0,1.06,0.0,0.0,Winter,No Holiday,Yes
2018-02-07,176,11,-7.0,28.0,3.3,1829.0,-22.4,1.56,0.0,0.0,Winter,No Holiday,Yes
2018-02-07,188,12,-6.0,24.0,2.6,1964.0,-23.3,1.97,0.0,0.0,Winter,No Holiday,Yes
2018-02-07,228,13,-4.5,23.0,2.6,1937.0,-22.5,2.12,0.0,0.0,Winter,No Holiday,Yes
2018-02-07,199,14,-3.5,20.0,1.5,1976.0,-23.2,2.02,0.0,0.0,Winter,No Holiday,Yes
2018-02-07,221,15,-2.1,20.0,2.3,1961.0,-22.1,1.87,0.0,0.0,Winter,No Holiday,Yes
2018-02-07,240,16,-1.7,18.0,2.0,1919.0,-22.9,1.41,0.0,0.0,Winter,No Holiday,Yes
2018-02-07,320,17,-2.3,20.0,2.2,1994.0,-22.2,0.77,0.0,0.0,Winter,No Holiday,Yes
2018-02-07,448,18,-4.0,27.0,2.5,2000.0,-20.2,0.16,0.0,0.0,Winter,No Holiday,Yes
2018-02-07,280,19,-5.2,33.0,2.6,2000.0,-19.0,0.0,0.0,0.0,Winter,No Holiday,Yes
2018-02-07,218,20,-5.8,44.0,2.1,1994.0,-16.1,0.0,0.0,0.0,Winter,No Holiday,Yes
2018-02-07,223,21,-6.3,48.0,2.2,1965.0,-15.5,0.0,0.0,0.0,Winter,No Holiday,Yes
2018-02-07,200,22,-6.8,50.0,1.7,1856.0,-15.5,0.0,0.0,0.0,Winter,No Holiday,Yes
2018-02-07,164,23,-7.6,50.0,1.0,1839.0,-16.2,0.0,0.0,0.0,Winter,No Holiday,Yes
2018-02-08,136,0,-8.2,50.0,1.1,1850.0,-16.8,0.0,0.0,0.0,Winter,No Holiday,Yes
2018-02-08,126,1,-8.5,60.0,1.2,1908.0,-14.8,0.0,0.0,0.0,Winter,No Holiday,Yes
2018-02-08,103,2,-8.3,65.0,0.4,1750.0,-13.7,0.0,0.0,0.0,Winter,No Holiday,Yes
2018-02-08,57,3,-8.6,64.0,0.9,1754.0,-14.1,0.0,0.0,0.0,Winter,No Holiday,Yes
2018-02-08,46,4,-9.0,54.0,0.6,1833.0,-16.6,0.0,0.0,0.0,Winter,No Holiday,Yes
2018-02-08,39,5,-9.0,56.0,0.4,1678.0,-16.1,0.0,0.0,0.0,Winter,No Holiday,Yes
2018-02-08,99,6,-9.3,61.0,0.7,1684.0,-15.4,0.0,0.0,0.0,Winter,No Holiday,Yes
2018-02-08,255,7,-9.6,67.0,1.0,1503.0,-14.5,0.0,0.0,0.0,Winter,No Holiday,Yes
2018-02-08,507,8,-9.7,65.0,0.8,1508.0,-15.0,0.02,0.0,0.0,Winter,No Holiday,Yes
2018-02-08,270,9,-8.5,55.0,1.0,1482.0,-15.9,0.4,0.0,0.0,Winter,No Holiday,Yes
2018-02-08,160,10,-6.3,46.0,1.3,1346.0,-16.0,1.01,0.0,0.0,Winter,No Holiday,Yes
2018-02-08,217,11,-3.1,39.0,1.2,1495.0,-15.1,1.54,0.0,0.0,Winter,No Holiday,Yes
2018-02-08,253,12,-1.5,35.0,1.2,1551.0,-15.0,1.9,0.0,0.0,Winter,No Holiday,Yes
2018-02-08,270,13,0.3,30.0,1.4,1697.0,-15.2,2.11,0.0,0.0,Winter,No Holiday,Yes
2018-02-08,253,14,0.9,25.0,2.4,1730.0,-16.9,2.09,0.0,0.0,Winter,No Holiday,Yes
2018-02-08,286,15,1.4,25.0,2.2,1686.0,-16.5,1.81,0.0,0.0,Winter,No Holiday,Yes
2018-02-08,284,16,2.0,25.0,2.3,1755.0,-16.0,1.3,0.0,0.0,Winter,No Holiday,Yes
2018-02-08,337,17,1.5,24.0,1.9,1788.0,-16.9,0.72,0.0,0.0,Winter,No Holiday,Yes
2018-02-08,564,18,-0.5,26.0,1.7,1999.0,-17.7,0.15,0.0,0.0,Winter,No Holiday,Yes
2018-02-08,378,19,-1.8,35.0,1.4,1558.0,-15.2,0.0,0.0,0.0,Winter,No Holiday,Yes
2018-02-08,277,20,-2.8,40.0,1.5,1593.0,-14.5,0.0,0.0,0.0,Winter,No Holiday,Yes
2018-02-08,268,21,-3.3,42.0,1.1,1596.0,-14.4,0.0,0.0,0.0,Winter,No Holiday,Yes
2018-02-08,233,22,-3.9,41.0,0.4,1462.0,-15.2,0.0,0.0,0.0,Winter,No Holiday,Yes
2018-02-08,195,23,-4.3,44.0,0.7,1247.0,-14.7,0.0,0.0,0.0,Winter,No Holiday,Yes
2018-02-09,178,0,-4.6,38.0,0.1,1551.0,-16.7,0.0,0.0,0.0,Winter,No Holiday,Yes
2018-02-09,159,1,-4.8,44.0,1.1,1432.0,-15.2,0.0,0.0,0.0,Winter,No Holiday,Yes
2018-02-09,107,2,-5.1,47.0,0.9,1460.0,-14.6,0.0,0.0,0.0,Winter,No Holiday,Yes
2018-02-09,78,3,-5.2,48.0,0.7,1309.0,-14.5,0.0,0.0,0.0,Winter,No Holiday,Yes
2018-02-09,46,4,-4.4,47.0,0.9,1343.0,-14.0,0.0,0.0,0.0,Winter,No Holiday,Yes
2018-02-09,36,5,-4.2,44.0,1.1,1196.0,-14.6,0.0,0.0,0.0,Winter,No Holiday,Yes
2018-02-09,117,6,-4.0,41.0,0.8,1242.0,-15.3,0.0,0.0,0.0,Winter,No Holiday,Yes
2018-02-09,273,7,-3.6,42.0,0.9,1258.0,-14.6,0.0,0.0,0.0,Winter,No Holiday,Yes
2018-02-09,589,8,-3.3,39.0,0.9,1279.0,-15.3,0.02,0.0,0.0,Winter,No Holiday,Yes
2018-02-09,308,9,-2.4,36.0,1.2,1276.0,-15.4,0.2,0.0,0.0,Winter,No Holiday,Yes
2018-02-09,199,10,-1.3,34.0,0.5,1192.0,-15.1,0.32,0.0,0.0,Winter,No Holiday,Yes
2018-02-09,238,11,-0.2,31.0,0.8,1269.0,-15.3,0.5,0.0,0.0,Winter,No Holiday,Yes
2018-02-09,260,12,1.6,28.0,0.5,1193.0,-14.9,0.88,0.0,0.0,Winter,No Holiday,Yes
2018-02-09,268,13,2.6,27.0,0.8,1120.0,-14.5,0.82,0.0,0.0,Winter,No Holiday,Yes
2018-02-09,283,14,4.0,25.0,0.9,1009.0,-14.3,1.06,0.0,0.0,Winter,No Holiday,Yes
2018-02-09,315,15,5.0,24.0,1.0,1037.0,-13.9,1.16,0.0,0.0,Winter,No Holiday,Yes
2018-02-09,319,16,6.0,28.0,1.7,1183.0,-11.1,1.03,0.0,0.0,Winter,No Holiday,Yes
2018-02-09,422,17,4.8,38.0,3.0,1582.0,-8.3,0.47,0.0,0.0,Winter,No Holiday,Yes
2018-02-09,659,18,4.1,40.0,2.1,1327.0,-8.3,0.1,0.0,0.0,Winter,No Holiday,Yes
2018-02-09,407,19,3.3,58.0,1.7,1024.0,-4.1,0.0,0.0,0.0,Winter,No Holiday,Yes
2018-02-09,308,20,3.0,61.0,1.9,842.0,-3.8,0.0,0.0,0.0,Winter,No Holiday,Yes
2018-02-09,243,21,2.9,63.0,1.0,786.0,-3.4,0.0,0.0,0.0,Winter,No Holiday,Yes
2018-02-09,263,22,2.5,66.0,1.1,759.0,-3.2,0.0,0.0,0.0,Winter,No Holiday,Yes
2018-02-09,193,23,2.0,70.0,0.7,689.0,-2.9,0.0,0.0,0.0,Winter,No Holiday,Yes
2018-02-10,197,0,1.5,71.0,1.1,590.0,-3.1,0.0,0.0,0.0,Winter,No Holiday,Yes
2018-02-10,237,1,1.7,71.0,1.2,584.0,-3.0,0.0,0.0,0.0,Winter,No Holiday,Yes
2018-02-10,169,2,1.9,71.0,1.5,584.0,-2.8,0.0,0.0,0.0,Winter,No Holiday,Yes
2018-02-10,145,3,2.0,71.0,1.2,534.0,-2.7,0.0,0.0,0.0,Winter,No Holiday,Yes
2018-02-10,79,4,1.9,74.0,1.2,514.0,-2.2,0.0,0.0,0.0,Winter,No Holiday,Yes
2018-02-10,41,5,1.8,75.0,2.0,484.0,-2.1,0.0,0.0,0.0,Winter,No Holiday,Yes
2018-02-10,48,6,1.6,78.0,1.6,448.0,-1.8,0.0,0.0,0.0,Winter,No Holiday,Yes
2018-02-10,97,7,1.6,81.0,1.4,393.0,-1.3,0.0,0.0,0.0,Winter,No Holiday,Yes
2018-02-10,188,8,1.6,82.0,1.3,349.0,-1.1,0.01,0.0,0.0,Winter,No Holiday,Yes
2018-02-10,222,9,1.6,78.0,2.0,260.0,-1.8,0.17,0.0,0.0,Winter,No Holiday,Yes
2018-02-10,223,10,1.8,73.0,2.8,270.0,-2.5,0.69,0.0,0.0,Winter,No Holiday,Yes
2018-02-10,235,11,2.6,62.0,2.9,294.0,-3.9,1.12,0.0,0.0,Winter,No Holiday,Yes
2018-02-10,248,12,2.9,53.0,4.7,354.0,-5.7,1.37,0.0,0.0,Winter,No Holiday,Yes
2018-02-10,296,13,2.8,31.0,4.0,967.0,-12.6,1.42,0.0,0.0,Winter,No Holiday,Yes
2018-02-10,286,14,2.2,24.0,4.5,1700.0,-16.3,1.66,0.0,0.0,Winter,No Holiday,Yes
2018-02-10,277,15,2.0,20.0,4.1,1942.0,-18.6,1.49,0.0,0.0,Winter,No Holiday,Yes
2018-02-10,291,16,0.3,17.0,4.9,2000.0,-21.9,0.87,0.0,0.0,Winter,No Holiday,Yes
2018-02-10,277,17,-0.9,19.0,5.0,2000.0,-21.6,0.48,0.0,0.0,Winter,No Holiday,Yes
2018-02-10,216,18,-2.0,15.0,5.6,2000.0,-25.2,0.13,0.0,0.0,Winter,No Holiday,Yes
2018-02-10,151,19,-3.1,14.0,5.1,2000.0,-26.9,0.0,0.0,0.0,Winter,No Holiday,Yes
2018-02-10,132,20,-4.4,19.0,5.8,2000.0,-24.6,0.0,0.0,0.0,Winter,No Holiday,Yes
2018-02-10,124,21,-5.6,28.0,4.1,2000.0,-21.2,0.0,0.0,0.0,Winter,No Holiday,Yes
2018-02-10,128,22,-6.2,32.0,3.5,2000.0,-20.2,0.0,0.0,0.0,Winter,No Holiday,Yes
2018-02-10,118,23,-6.7,35.0,2.1,2000.0,-19.6,0.0,0.0,0.0,Winter,No Holiday,Yes
2018-02-11,112,0,-6.9,36.0,2.1,2000.0,-19.5,0.0,0.0,0.0,Winter,No Holiday,Yes
2018-02-11,95,1,-7.0,38.0,2.6,2000.0,-18.9,0.0,0.0,0.0,Winter,No Holiday,Yes
2018-02-11,93,2,-7.0,42.0,1.6,2000.0,-17.7,0.0,0.0,0.0,Winter,No Holiday,Yes
2018-02-11,58,3,-7.2,43.0,2.0,2000.0,-17.6,0.0,0.0,0.0,Winter,No Holiday,Yes
2018-02-11,34,4,-7.5,42.0,2.4,1998.0,-18.2,0.0,0.0,0.0,Winter,No Holiday,Yes
2018-02-11,19,5,-7.8,39.0,2.8,2000.0,-19.3,0.0,0.0,0.0,Winter,No Holiday,Yes
2018-02-11,39,6,-8.4,33.0,1.4,1963.0,-21.8,0.0,0.0,0.0,Winter,No Holiday,Yes
2018-02-11,40,7,-9.2,34.0,2.0,1945.0,-22.2,0.0,0.0,0.0,Winter,No Holiday,Yes
2018-02-11,81,8,-9.4,29.0,1.9,1967.0,-24.1,0.03,0.0,0.0,Winter,No Holiday,Yes
2018-02-11,126,9,-8.6,28.0,1.5,1786.0,-23.8,0.49,0.0,0.0,Winter,No Holiday,Yes
2018-02-11,130,10,-6.9,21.0,3.4,1827.0,-25.6,1.16,0.0,0.0,Winter,No Holiday,Yes
2018-02-11,155,11,-5.0,25.0,3.2,1853.0,-22.0,1.75,0.0,0.0,Winter,No Holiday,Yes
2018-02-11,174,12,-3.9,28.0,2.9,1921.0,-19.7,2.12,0.0,0.0,Winter,No Holiday,Yes
2018-02-11,212,13,-2.4,28.0,3.0,1953.0,-18.4,2.35,0.0,0.0,Winter,No Holiday,Yes
2018-02-11,191,14,-2.2,29.0,4.1,1983.0,-17.8,1.93,0.0,0.0,Winter,No Holiday,Yes
2018-02-11,181,15,-2.6,31.0,2.7,1987.0,-17.4,1.36,0.0,0.0,Winter,No Holiday,Yes
2018-02-11,175,16,-3.6,36.0,4.4,2000.0,-16.5,0.67,0.0,0.0,Winter,No Holiday,Yes
2018-02-11,198,17,-4.2,47.0,2.7,2000.0,-13.8,0.31,0.0,0.0,Winter,No Holiday,Yes
2018-02-11,150,18,-4.6,56.0,3.6,2000.0,-12.0,0.09,0.0,0.0,Winter,No Holiday,Yes
2018-02-11,147,19,-5.2,66.0,3.1,2000.0,-10.5,0.0,0.0,0.0,Winter,No Holiday,Yes
2018-02-11,127,20,-5.7,67.0,2.6,2000.0,-10.8,0.0,0.0,0.0,Winter,No Holiday,Yes
2018-02-11,119,21,-5.6,69.0,2.2,1984.0,-10.3,0.0,0.0,0.0,Winter,No Holiday,Yes
2018-02-11,103,22,-5.8,57.0,3.2,1980.0,-12.9,0.0,0.0,0.0,Winter,No Holiday,Yes
2018-02-11,91,23,-7.0,49.0,3.4,1984.0,-15.9,0.0,0.0,0.0,Winter,No Holiday,Yes
2018-02-12,103,0,-7.7,52.0,3.2,1982.0,-15.8,0.0,0.0,0.0,Winter,No Holiday,Yes
2018-02-12,69,1,-7.9,52.0,3.7,1961.0,-16.0,0.0,0.0,0.0,Winter,No Holiday,Yes
2018-02-12,45,2,-8.3,49.0,2.7,2000.0,-17.1,0.0,0.0,0.0,Winter,No Holiday,Yes
2018-02-12,21,3,-8.5,35.0,2.7,2000.0,-21.2,0.0,0.0,0.0,Winter,No Holiday,Yes
2018-02-12,33,4,-8.6,31.0,3.5,2000.0,-22.7,0.0,0.0,0.0,Winter,No Holiday,Yes
2018-02-12,30,5,-9.2,37.0,1.1,2000.0,-21.2,0.0,0.0,0.0,Winter,No Holiday,Yes
2018-02-12,109,6,-9.5,36.0,1.5,2000.0,-21.8,0.0,0.0,0.0,Winter,No Holiday,Yes
2018-02-12,236,7,-9.5,35.0,1.1,2000.0,-22.1,0.0,0.0,0.0,Winter,No Holiday,Yes
2018-02-12,517,8,-9.1,33.0,2.1,1998.0,-22.4,0.03,0.0,0.0,Winter,No Holiday,Yes
2018-02-12,262,9,-8.4,28.0,2.2,1947.0,-23.7,0.49,0.0,0.0,Winter,No Holiday,Yes
2018-02-12,161,10,-6.7,23.0,2.4,1938.0,-24.4,1.25,0.0,0.0,Winter,No Holiday,Yes
2018-02-12,190,11,-6.1,25.0,2.8,1976.0,-22.9,1.28,0.0,0.0,Winter,No Holiday,Yes
2018-02-12,202,12,-4.6,32.0,4.2,1874.0,-18.8,1.43,0.0,0.0,Winter,No Holiday,Yes
2018-02-12,246,13,-2.7,29.0,2.9,1961.0,-18.3,2.29,0.0,0.0,Winter,No Holiday,Yes
2018-02-12,182,14,-2.4,30.0,3.4,1824.0,-17.6,2.08,0.0,0.0,Winter,No Holiday,Yes
2018-02-12,228,15,-2.1,30.0,3.9,1933.0,-17.3,2.22,0.0,0.0,Winter,No Holiday,Yes
2018-02-12,239,16,-2.4,33.0,4.5,1815.0,-16.5,1.55,0.0,0.0,Winter,No Holiday,Yes
2018-02-12,288,17,-3.1,36.0,4.4,1988.0,-16.0,0.89,0.0,0.0,Winter,No Holiday,Yes
2018-02-12,475,18,-4.4,46.0,3.5,2000.0,-14.3,0.23,0.0,0.0,Winter,No Holiday,Yes
2018-02-12,340,19,-4.9,52.0,2.0,2000.0,-13.2,0.0,0.0,0.0,Winter,No Holiday,Yes
2018-02-12,244,20,-4.7,55.0,1.7,2000.0,-12.3,0.0,0.0,0.0,Winter,No Holiday,Yes
2018-02-12,253,21,-4.3,59.0,3.0,1239.0,-11.1,0.0,0.0,0.0,Winter,No Holiday,Yes
2018-02-12,200,22,-4.2,57.0,1.7,2000.0,-11.4,0.0,0.0,0.0,Winter,No Holiday,Yes
2018-02-12,140,23,-4.4,58.0,2.4,2000.0,-11.4,0.0,0.0,0.0,Winter,No Holiday,Yes
2018-02-13,158,0,-5.0,60.0,1.8,1995.0,-11.5,0.0,0.0,0.0,Winter,No Holiday,Yes
2018-02-13,146,1,-5.5,60.0,1.3,1994.0,-12.0,0.0,0.0,0.0,Winter,No Holiday,Yes
2018-02-13,106,2,-6.0,58.0,2.0,2000.0,-12.9,0.0,0.0,0.0,Winter,No Holiday,Yes
2018-02-13,70,3,-6.2,61.0,1.3,1992.0,-12.5,0.0,0.0,0.0,Winter,No Holiday,Yes
2018-02-13,46,4,-6.4,62.0,1.8,1978.0,-12.4,0.0,0.0,0.0,Winter,No Holiday,Yes
2018-02-13,51,5,-6.7,64.0,1.6,1981.0,-12.3,0.0,0.0,0.0,Winter,No Holiday,Yes
2018-02-13,96,6,-7.1,70.0,1.0,1977.0,-11.6,0.0,0.0,0.0,Winter,No Holiday,Yes
2018-02-13,294,7,-7.2,70.0,1.9,1946.0,-11.7,0.0,0.0,0.0,Winter,No Holiday,Yes
2018-02-13,568,8,-7.1,68.0,0.6,1931.0,-12.0,0.03,0.0,0.0,Winter,No Holiday,Yes
2018-02-13,285,9,-5.9,52.0,1.4,1935.0,-14.1,0.53,0.0,0.0,Winter,No Holiday,Yes
2018-02-13,200,10,-2.4,41.0,1.5,1905.0,-13.8,1.19,0.0,0.0,Winter,No Holiday,Yes
2018-02-13,252,11,-0.3,40.0,3.4,1728.0,-12.2,1.73,0.0,0.0,Winter,No Holiday,Yes
2018-02-13,281,12,1.0,41.0,3.3,1794.0,-10.8,2.11,0.0,0.0,Winter,No Holiday,Yes
2018-02-13,256,13,2.6,40.0,3.5,1854.0,-9.6,2.28,0.0,0.0,Winter,No Holiday,Yes
2018-02-13,300,14,3.7,39.0,3.8,1908.0,-9.0,2.19,0.0,0.0,Winter,No Holiday,Yes
2018-02-13,295,15,3.7,40.0,5.3,1950.0,-8.6,1.96,0.0,0.0,Winter,No Holiday,Yes
2018-02-13,328,16,3.9,41.0,4.0,1973.0,-8.1,1.24,0.0,0.0,Winter,No Holiday,Yes
2018-02-13,410,17,3.5,46.0,3.1,1992.0,-7.0,0.39,0.0,0.0,Winter,No Holiday,Yes
2018-02-13,604,18,3.1,50.0,3.7,2000.0,-6.3,0.07,0.0,0.0,Winter,No Holiday,Yes
2018-02-13,406,19,2.4,57.0,3.2,1995.0,-5.2,0.0,0.0,0.0,Winter,No Holiday,Yes
2018-02-13,323,20,2.3,59.0,3.8,1981.0,-4.9,0.0,0.0,0.0,Winter,No Holiday,Yes
2018-02-13,290,21,2.6,57.0,3.8,2000.0,-5.0,0.0,0.0,0.0,Winter,No Holiday,Yes
2018-02-13,291,22,2.6,57.0,3.1,2000.0,-5.0,0.0,0.0,0.0,Winter,No Holiday,Yes
2018-02-13,211,23,2.4,59.0,3.2,2000.0,-4.8,0.0,0.0,0.0,Winter,No Holiday,Yes
2018-02-14,178,0,2.0,65.0,2.2,1885.0,-3.9,0.0,0.0,0.0,Winter,No Holiday,Yes
2018-02-14,213,1,1.3,67.0,1.2,1738.0,-4.1,0.0,0.0,0.0,Winter,No Holiday,Yes
2018-02-14,129,2,1.2,64.0,0.9,1680.0,-4.8,0.0,0.0,0.0,Winter,No Holiday,Yes
2018-02-14,101,3,1.1,65.0,1.0,1596.0,-4.7,0.0,0.0,0.0,Winter,No Holiday,Yes
2018-02-14,51,4,1.1,67.0,1.7,1506.0,-4.3,0.0,0.0,0.0,Winter,No Holiday,Yes
2018-02-14,56,5,1.0,68.0,0.6,1519.0,-4.2,0.0,0.0,0.0,Winter,No Holiday,Yes
2018-02-14,108,6,1.1,66.0,0.9,1550.0,-4.5,0.0,0.0,0.0,Winter,No Holiday,Yes
2018-02-14,292,7,1.3,66.0,1.1,1534.0,-4.3,0.0,0.0,0.0,Winter,No Holiday,Yes
2018-02-14,606,8,2.1,65.0,1.1,1559.0,-3.8,0.01,0.0,0.0,Winter,No Holiday,Yes
2018-02-14,326,9,3.9,64.0,2.9,1483.0,-2.3,0.18,0.0,0.0,Winter,No Holiday,Yes
2018-02-14,241,10,5.2,65.0,3.9,1313.0,-0.8,0.56,0.0,0.0,Winter,No Holiday,Yes
2018-02-14,288,11,6.3,67.0,3.5,1179.0,0.6,0.52,0.0,0.0,Winter,No Holiday,Yes
2018-02-14,312,12,6.9,67.0,3.9,986.0,1.1,0.42,0.0,0.0,Winter,No Holiday,Yes
2018-02-14,349,13,7.2,65.0,3.8,773.0,1.0,0.61,0.0,0.0,Winter,No Holiday,Yes
2018-02-14,398,14,7.8,57.0,3.5,675.0,-0.2,1.34,0.0,0.0,Winter,No Holiday,Yes
2018-02-14,461,15,8.7,48.0,4.1,767.0,-1.7,1.68,0.0,0.0,Winter,No Holiday,Yes
2018-02-14,447,16,8.0,36.0,3.5,1013.0,-6.1,1.09,0.0,0.0,Winter,No Holiday,Yes
2018-02-14,484,17,6.6,34.0,2.8,1300.0,-8.1,0.42,0.0,0.0,Winter,No Holiday,Yes
2018-02-14,559,18,5.1,34.0,2.3,1440.0,-9.5,0.09,0.0,0.0,Winter,No Holiday,Yes
2018-02-14,316,19,3.9,37.0,1.4,1417.0,-9.4,0.0,0.0,0.0,Winter,No Holiday,Yes
2018-02-14,262,20,2.8,29.0,2.8,1473.0,-13.5,0.0,0.0,0.0,Winter,No Holiday,Yes
2018-02-14,216,21,1.7,27.0,3.1,1734.0,-15.3,0.0,0.0,0.0,Winter,No Holiday,Yes
2018-02-14,218,22,0.3,33.0,4.0,1436.0,-14.1,0.0,0.0,0.0,Winter,No Holiday,Yes
2018-02-14,160,23,-0.3,35.0,2.1,1577.0,-13.9,0.0,0.0,0.0,Winter,No Holiday,Yes
2018-02-15,126,0,-0.7,37.0,3.5,1716.0,-13.6,0.0,0.0,0.0,Winter,Holiday,Yes
2018-02-15,123,1,-1.1,38.0,2.8,1999.0,-13.6,0.0,0.0,0.0,Winter,Holiday,Yes
2018-02-15,112,2,-1.2,35.0,2.2,2000.0,-14.7,0.0,0.0,0.0,Winter,Holiday,Yes
2018-02-15,74,3,-1.4,34.0,2.1,2000.0,-15.2,0.0,0.0,0.0,Winter,Holiday,Yes
2018-02-15,58,4,-1.9,34.0,3.0,2000.0,-15.7,0.0,0.0,0.0,Winter,Holiday,Yes
2018-02-15,32,5,-2.4,33.0,3.1,2000.0,-16.5,0.0,0.0,0.0,Winter,Holiday,Yes
2018-02-15,39,6,-2.6,38.0,1.0,2000.0,-15.0,0.0,0.0,0.0,Winter,Holiday,Yes
2018-02-15,55,7,-3.0,40.0,0.9,2000.0,-14.7,0.0,0.0,0.0,Winter,Holiday,Yes
2018-02-15,112,8,-3.0,38.0,1.0,2000.0,-15.4,0.0,0.0,0.0,Winter,Holiday,Yes
2018-02-15,112,9,-3.5,30.0,1.5,1980.0,-18.6,0.0,0.0,0.0,Winter,Holiday,Yes
2018-02-15,127,10,-1.6,26.0,1.9,1980.0,-18.6,1.29,0.0,0.0,Winter,Holiday,Yes
2018-02-15,170,11,0.1,22.0,2.0,2000.0,-19.1,1.84,0.0,0.0,Winter,Holiday,Yes
2018-02-15,174,12,1.7,20.0,3.0,1983.0,-18.9,2.28,0.0,0.0,Winter,Holiday,Yes
2018-02-15,240,13,2.2,18.0,3.4,1942.0,-19.7,2.3,0.0,0.0,Winter,Holiday,Yes
2018-02-15,270,14,2.9,14.0,4.3,2000.0,-22.0,2.29,0.0,0.0,Winter,Holiday,Yes
2018-02-15,276,15,3.8,17.0,3.2,2000.0,-19.0,1.97,0.0,0.0,Winter,Holiday,Yes
2018-02-15,273,16,3.2,16.0,3.0,2000.0,-20.2,1.45,0.0,0.0,Winter,Holiday,Yes
2018-02-15,236,17,2.4,17.0,3.1,1990.0,-20.2,0.78,0.0,0.0,Winter,Holiday,Yes
2018-02-15,190,18,1.1,18.0,2.5,2000.0,-20.6,0.2,0.0,0.0,Winter,Holiday,Yes
2018-02-15,166,19,0.1,21.0,2.9,2000.0,-19.7,0.0,0.0,0.0,Winter,Holiday,Yes
2018-02-15,148,20,-0.4,27.0,2.2,2000.0,-17.1,0.0,0.0,0.0,Winter,Holiday,Yes
2018-02-15,134,21,-1.1,32.0,2.4,2000.0,-15.7,0.0,0.0,0.0,Winter,Holiday,Yes
2018-02-15,145,22,-1.9,30.0,0.8,2000.0,-17.2,0.0,0.0,0.0,Winter,Holiday,Yes
2018-02-15,92,23,-2.5,31.0,1.4,1996.0,-17.3,0.0,0.0,0.0,Winter,Holiday,Yes
2018-02-16,105,0,-3.3,35.0,1.8,1977.0,-16.6,0.0,0.0,0.0,Winter,Holiday,Yes
2018-02-16,77,1,-3.6,35.0,2.0,1943.0,-16.8,0.0,0.0,0.0,Winter,Holiday,Yes
2018-02-16,47,2,-4.1,38.0,1.2,1996.0,-16.3,0.0,0.0,0.0,Winter,Holiday,Yes
2018-02-16,36,3,-4.4,37.0,1.7,1989.0,-16.9,0.0,0.0,0.0,Winter,Holiday,Yes
2018-02-16,35,4,-4.5,42.0,1.4,1944.0,-15.5,0.0,0.0,0.0,Winter,Holiday,Yes
2018-02-16,28,5,-5.0,44.0,0.9,1976.0,-15.3,0.0,0.0,0.0,Winter,Holiday,Yes
2018-02-16,30,6,-5.2,42.0,0.7,1980.0,-16.1,0.0,0.0,0.0,Winter,Holiday,Yes
2018-02-16,49,7,-5.4,41.0,0.3,2000.0,-16.6,0.0,0.0,0.0,Winter,Holiday,Yes
2018-02-16,68,8,-5.4,38.0,0.7,2000.0,-17.5,0.04,0.0,0.0,Winter,Holiday,Yes
2018-02-16,48,9,-4.3,33.0,0.7,1923.0,-18.2,0.6,0.0,0.0,Winter,Holiday,Yes
2018-02-16,78,10,-1.3,32.0,1.5,1933.0,-15.9,1.24,0.0,0.0,Winter,Holiday,Yes
2018-02-16,93,11,1.0,25.0,1.4,1782.0,-16.8,1.7,0.0,0.0,Winter,Holiday,Yes
2018-02-16,137,12,2.2,19.0,1.4,1946.0,-19.1,2.01,0.0,0.0,Winter,Holiday,Yes
2018-02-16,169,13,3.5,17.0,3.2,1971.0,-19.3,2.2,0.0,0.0,Winter,Holiday,Yes
2018-02-16,196,14,4.2,18.0,3.3,1976.0,-18.0,2.25,0.0,0.0,Winter,Holiday,Yes
2018-02-16,243,15,4.0,26.0,3.5,2000.0,-13.8,1.75,0.0,0.0,Winter,Holiday,Yes
2018-02-16,189,16,3.3,38.0,3.8,1921.0,-9.6,1.33,0.0,0.0,Winter,Holiday,Yes
2018-02-16,210,17,2.5,48.0,4.2,1979.0,-7.4,0.76,0.0,0.0,Winter,Holiday,Yes
2018-02-16,165,18,1.4,56.0,3.2,1932.0,-6.4,0.22,0.0,0.0,Winter,Holiday,Yes
2018-02-16,126,19,0.6,59.0,2.3,1939.0,-6.5,0.0,0.0,0.0,Winter,Holiday,Yes
2018-02-16,150,20,0.2,61.0,1.9,1956.0,-6.4,0.0,0.0,0.0,Winter,Holiday,Yes
2018-02-16,114,21,0.1,67.0,2.5,1451.0,-5.3,0.0,0.0,0.0,Winter,Holiday,Yes
2018-02-16,116,22,-0.6,70.0,3.4,1204.0,-5.4,0.0,0.0,0.0,Winter,Holiday,Yes
2018-02-16,84,23,-2.0,51.0,3.2,1336.0,-10.8,0.0,0.0,0.0,Winter,Holiday,Yes
2018-02-17,79,0,-2.7,41.0,3.2,1695.0,-14.1,0.0,0.0,0.0,Winter,Holiday,Yes
2018-02-17,71,1,-3.1,36.0,3.5,2000.0,-16.0,0.0,0.0,0.0,Winter,Holiday,Yes
2018-02-17,56,2,-3.8,30.0,3.9,2000.0,-18.8,0.0,0.0,0.0,Winter,Holiday,Yes
2018-02-17,34,3,-4.5,28.0,3.0,2000.0,-20.3,0.0,0.0,0.0,Winter,Holiday,Yes
2018-02-17,20,4,-5.2,28.0,2.5,2000.0,-20.9,0.0,0.0,0.0,Winter,Holiday,Yes
2018-02-17,14,5,-5.7,31.0,2.3,1999.0,-20.1,0.0,0.0,0.0,Winter,Holiday,Yes
2018-02-17,39,6,-6.2,32.0,2.5,2000.0,-20.2,0.0,0.0,0.0,Winter,Holiday,Yes
2018-02-17,35,7,-6.8,32.0,1.6,2000.0,-20.7,0.0,0.0,0.0,Winter,Holiday,Yes
2018-02-17,80,8,-7.1,30.0,1.7,1991.0,-21.7,0.04,0.0,0.0,Winter,Holiday,Yes
2018-02-17,98,9,-6.5,26.0,2.4,1874.0,-22.8,0.64,0.0,0.0,Winter,Holiday,Yes
2018-02-17,103,10,-4.3,21.0,1.4,1908.0,-23.4,1.34,0.0,0.0,Winter,Holiday,Yes
2018-02-17,155,11,-2.8,19.0,2.6,1957.0,-23.2,1.91,0.0,0.0,Winter,Holiday,Yes
2018-02-17,183,12,-1.3,17.0,1.5,1998.0,-23.2,2.28,0.0,0.0,Winter,Holiday,Yes
2018-02-17,193,13,-0.4,15.0,2.4,1938.0,-23.9,2.46,0.0,0.0,Winter,Holiday,Yes
2018-02-17,258,14,-0.1,15.0,4.0,2000.0,-23.7,2.39,0.0,0.0,Winter,Holiday,Yes
2018-02-17,273,15,1.0,14.0,4.6,2000.0,-23.5,2.12,0.0,0.0,Winter,Holiday,Yes
2018-02-17,267,16,1.3,15.0,4.2,2000.0,-22.5,1.63,0.0,0.0,Winter,Holiday,Yes
2018-02-17,250,17,0.6,17.0,3.3,2000.0,-21.7,0.79,0.0,0.0,Winter,Holiday,Yes
2018-02-17,223,18,-0.3,17.0,1.9,2000.0,-22.4,0.2,0.0,0.0,Winter,Holiday,Yes
2018-02-17,169,19,-1.5,32.0,2.5,2000.0,-16.0,0.0,0.0,0.0,Winter,Holiday,Yes
2018-02-17,145,20,-2.1,38.0,2.0,2000.0,-14.5,0.0,0.0,0.0,Winter,Holiday,Yes
2018-02-17,133,21,-2.3,38.0,2.3,2000.0,-14.7,0.0,0.0,0.0,Winter,Holiday,Yes
2018-02-17,123,22,-2.7,42.0,2.2,2000.0,-13.8,0.0,0.0,0.0,Winter,Holiday,Yes
2018-02-17,117,23,-2.9,31.0,3.8,2000.0,-17.7,0.0,0.0,0.0,Winter,Holiday,Yes
2018-02-18,99,0,-3.6,33.0,1.7,2000.0,-17.5,0.0,0.0,0.0,Winter,No Holiday,Yes
2018-02-18,103,1,-4.4,33.0,1.4,2000.0,-18.2,0.0,0.0,0.0,Winter,No Holiday,Yes
2018-02-18,86,2,-4.7,33.0,0.1,2000.0,-18.5,0.0,0.0,0.0,Winter,No Holiday,Yes
2018-02-18,56,3,-4.5,26.0,0.0,2000.0,-21.1,0.0,0.0,0.0,Winter,No Holiday,Yes
2018-02-18,37,4,-4.1,27.0,0.6,2000.0,-20.3,0.0,0.0,0.0,Winter,No Holiday,Yes
2018-02-18,22,5,-4.0,28.0,0.5,2000.0,-19.8,0.0,0.0,0.0,Winter,No Holiday,Yes
2018-02-18,38,6,-4.1,30.0,1.1,2000.0,-19.1,0.0,0.0,0.0,Winter,No Holiday,Yes
2018-02-18,52,7,-4.6,31.0,1.2,2000.0,-19.2,0.0,0.0,0.0,Winter,No Holiday,Yes
2018-02-18,92,8,-4.8,31.0,0.8,2000.0,-19.3,0.02,0.0,0.0,Winter,No Holiday,Yes
2018-02-18,137,9,-4.1,30.0,0.5,2000.0,-19.1,0.28,0.0,0.0,Winter,No Holiday,Yes
2018-02-18,156,10,-1.8,23.0,0.6,2000.0,-20.2,0.8,0.0,0.0,Winter,No Holiday,Yes
2018-02-18,183,11,0.0,20.0,0.8,1975.0,-20.3,1.05,0.0,0.0,Winter,No Holiday,Yes
2018-02-18,263,12,2.2,17.0,1.0,1979.0,-20.4,1.75,0.0,0.0,Winter,No Holiday,Yes
2018-02-18,337,13,3.7,17.0,1.4,2000.0,-19.1,1.98,0.0,0.0,Winter,No Holiday,Yes
2018-02-18,372,14,4.1,17.0,1.8,1996.0,-18.8,1.87,0.0,0.0,Winter,No Holiday,Yes
2018-02-18,440,15,5.0,16.0,2.0,1970.0,-18.8,1.42,0.0,0.0,Winter,No Holiday,Yes
2018-02-18,404,16,5.1,16.0,1.8,1998.0,-18.7,1.17,0.0,0.0,Winter,No Holiday,Yes
2018-02-18,354,17,4.2,17.0,2.5,1990.0,-18.7,0.66,0.0,0.0,Winter,No Holiday,Yes
2018-02-18,310,18,2.8,25.0,3.0,2000.0,-15.3,0.22,0.0,0.0,Winter,No Holiday,Yes
2018-02-18,238,19,1.5,30.0,2.6,2000.0,-14.2,0.0,0.0,0.0,Winter,No Holiday,Yes
2018-02-18,213,20,0.6,33.0,1.9,2000.0,-13.8,0.0,0.0,0.0,Winter,No Holiday,Yes
2018-02-18,226,21,0.2,32.0,1.1,1951.0,-14.5,0.0,0.0,0.0,Winter,No Holiday,Yes
2018-02-18,191,22,-0.3,34.0,1.6,1981.0,-14.2,0.0,0.0,0.0,Winter,No Holiday,Yes
2018-02-18,153,23,-0.7,37.0,0.9,1814.0,-13.6,0.0,0.0,0.0,Winter,No Holiday,Yes
2018-02-19,148,0,-1.1,39.0,1.7,1832.0,-13.3,0.0,0.0,0.0,Winter,No Holiday,Yes
2018-02-19,101,1,-1.4,42.0,1.1,1805.0,-12.6,0.0,0.0,0.0,Winter,No Holiday,Yes
2018-02-19,59,2,-1.4,41.0,1.1,1582.0,-12.9,0.0,0.0,0.0,Winter,No Holiday,Yes
2018-02-19,42,3,-1.4,41.0,1.6,1870.0,-12.9,0.0,0.0,0.0,Winter,No Holiday,Yes
2018-02-19,50,4,-1.9,44.0,0.7,1907.0,-12.5,0.0,0.0,0.0,Winter,No Holiday,Yes
2018-02-19,59,5,-1.8,44.0,0.5,1862.0,-12.4,0.0,0.0,0.0,Winter,No Holiday,Yes
2018-02-19,139,6,-1.4,46.0,0.3,1651.0,-11.5,0.0,0.0,0.0,Winter,No Holiday,Yes
2018-02-19,349,7,-0.9,45.0,0.9,1820.0,-11.3,0.0,0.0,0.0,Winter,No Holiday,Yes
2018-02-19,646,8,-1.2,51.0,0.8,1800.0,-10.0,0.05,0.0,0.0,Winter,No Holiday,Yes
2018-02-19,347,9,-0.6,43.0,0.5,1596.0,-11.6,0.52,0.0,0.0,Winter,No Holiday,Yes
2018-02-19,235,10,2.6,45.0,1.2,1230.0,-8.1,1.17,0.0,0.0,Winter,No Holiday,Yes
2018-02-19,314,11,4.3,44.0,2.3,1091.0,-6.9,1.77,0.0,0.0,Winter,No Holiday,Yes
2018-02-19,361,12,4.7,43.0,2.1,1131.0,-6.8,1.38,0.0,0.0,Winter,No Holiday,Yes
2018-02-19,332,13,5.1,41.0,1.8,1097.0,-7.0,1.03,0.0,0.0,Winter,No Holiday,Yes
2018-02-19,373,14,5.6,38.0,1.6,1087.0,-7.6,1.1,0.0,0.0,Winter,No Holiday,Yes
2018-02-19,392,15,6.3,35.0,2.6,991.0,-8.0,1.2,0.0,0.0,Winter,No Holiday,Yes
2018-02-19,403,16,6.3,35.0,2.9,1117.0,-8.0,1.1,0.0,0.0,Winter,No Holiday,Yes
2018-02-19,522,17,5.7,36.0,3.0,1073.0,-8.2,0.57,0.0,0.0,Winter,No Holiday,Yes
2018-02-19,819,18,4.7,43.0,2.4,938.0,-6.8,0.19,0.0,0.0,Winter,No Holiday,Yes
2018-02-19,533,19,3.6,55.0,1.6,728.0,-4.6,0.0,0.0,0.0,Winter,No Holiday,Yes
2018-02-19,417,20,2.4,60.0,1.9,661.0,-4.5,0.0,0.0,0.0,Winter,No Holiday,Yes
2018-02-19,388,21,1.8,63.0,1.2,604.0,-4.5,0.0,0.0,0.0,Winter,No Holiday,Yes
2018-02-19,357,22,1.0,69.0,0.7,525.0,-4.0,0.0,0.0,0.0,Winter,No Holiday,Yes
2018-02-19,218,23,0.5,73.0,1.5,465.0,-3.7,0.0,0.0,0.0,Winter,No Holiday,Yes
2018-02-20,177,0,0.0,75.0,2.3,394.0,-3.9,0.0,0.0,0.0,Winter,No Holiday,Yes
2018-02-20,172,1,-0.5,76.0,1.6,402.0,-4.2,0.0,0.0,0.0,Winter,No Holiday,Yes
2018-02-20,115,2,-0.8,76.0,0.8,421.0,-4.5,0.0,0.0,0.0,Winter,No Holiday,Yes
2018-02-20,63,3,-1.3,80.0,0.7,392.0,-4.3,0.0,0.0,0.0,Winter,No Holiday,Yes
2018-02-20,64,4,-1.6,83.0,0.6,368.0,-4.1,0.0,0.0,0.0,Winter,No Holiday,Yes
2018-02-20,79,5,-1.8,82.0,1.3,375.0,-4.4,0.0,0.0,0.0,Winter,No Holiday,Yes
2018-02-20,164,6,-2.1,82.0,1.8,381.0,-4.7,0.0,0.0,0.0,Winter,No Holiday,Yes
2018-02-20,404,7,-2.2,76.0,1.9,527.0,-5.8,0.0,0.0,0.0,Winter,No Holiday,Yes
2018-02-20,727,8,-2.1,71.0,1.7,610.0,-6.6,0.06,0.0,0.0,Winter,No Holiday,Yes
2018-02-20,384,9,-1.4,56.0,1.4,709.0,-9.0,0.54,0.0,0.0,Winter,No Holiday,Yes
2018-02-20,265,10,1.1,38.0,3.1,1184.0,-11.6,1.13,0.0,0.0,Winter,No Holiday,Yes
2018-02-20,322,11,2.8,35.0,3.9,1265.0,-11.1,1.71,0.0,0.0,Winter,No Holiday,Yes
2018-02-20,356,12,4.0,23.0,3.5,1785.0,-15.3,2.03,0.0,0.0,Winter,No Holiday,Yes
2018-02-20,370,13,4.2,22.0,3.9,1812.0,-15.6,2.21,0.0,0.0,Winter,No Holiday,Yes
2018-02-20,335,14,5.0,20.0,3.7,1866.0,-16.1,2.12,0.0,0.0,Winter,No Holiday,Yes
2018-02-20,431,15,5.4,18.0,3.7,1940.0,-17.0,1.82,0.0,0.0,Winter,No Holiday,Yes
2018-02-20,393,16,5.1,17.0,3.4,2000.0,-18.0,1.2,0.0,0.0,Winter,No Holiday,Yes
2018-02-20,514,17,3.9,19.0,3.6,2000.0,-17.6,0.58,0.0,0.0,Winter,No Holiday,Yes
2018-02-20,764,18,3.2,20.0,2.9,2000.0,-17.6,0.16,0.0,0.0,Winter,No Holiday,Yes
2018-02-20,522,19,2.5,21.0,2.2,2000.0,-17.6,0.0,0.0,0.0,Winter,No Holiday,Yes
2018-02-20,358,20,1.8,19.0,3.1,2000.0,-19.4,0.0,0.0,0.0,Winter,No Holiday,Yes
2018-02-20,415,21,1.1,21.0,1.6,2000.0,-18.8,0.0,0.0,0.0,Winter,No Holiday,Yes
2018-02-20,319,22,0.5,22.0,2.9,2000.0,-18.8,0.0,0.0,0.0,Winter,No Holiday,Yes
2018-02-20,242,23,-0.5,26.0,3.3,2000.0,-17.7,0.0,0.0,0.0,Winter,No Holiday,Yes
2018-02-21,171,0,-1.4,28.0,3.4,1990.0,-17.6,0.0,0.0,0.0,Winter,No Holiday,Yes
2018-02-21,162,1,-2.2,31.0,1.1,1970.0,-17.0,0.0,0.0,0.0,Winter,No Holiday,Yes
2018-02-21,105,2,-2.9,31.0,1.6,1931.0,-17.7,0.0,0.0,0.0,Winter,No Holiday,Yes
2018-02-21,59,3,-3.4,32.0,0.9,1977.0,-17.7,0.0,0.0,0.0,Winter,No Holiday,Yes
2018-02-21,50,4,-3.8,32.0,1.1,2000.0,-18.1,0.0,0.0,0.0,Winter,No Holiday,Yes
2018-02-21,63,5,-4.0,35.0,1.8,2000.0,-17.2,0.0,0.0,0.0,Winter,No Holiday,Yes
2018-02-21,159,6,-4.0,34.0,3.4,2000.0,-17.5,0.0,0.0,0.0,Winter,No Holiday,Yes
2018-02-21,385,7,-4.1,35.0,3.5,1980.0,-17.3,0.0,0.0,0.0,Winter,No Holiday,Yes
2018-02-21,718,8,-4.3,36.0,1.9,1955.0,-17.1,0.06,0.0,0.0,Winter,No Holiday,Yes
2018-02-21,373,9,-3.8,28.0,1.7,1904.0,-19.6,0.63,0.0,0.0,Winter,No Holiday,Yes
2018-02-21,244,10,-1.8,25.0,2.6,1913.0,-19.2,1.17,0.0,0.0,Winter,No Holiday,Yes
2018-02-21,276,11,0.2,22.0,2.2,1907.0,-19.0,1.57,0.0,0.0,Winter,No Holiday,Yes
2018-02-21,351,12,2.2,17.0,2.0,1824.0,-20.4,1.99,0.0,0.0,Winter,No Holiday,Yes
2018-02-21,299,13,2.9,14.0,3.3,2000.0,-22.0,2.14,0.0,0.0,Winter,No Holiday,Yes
2018-02-21,365,14,3.3,14.0,2.9,1985.0,-21.7,2.49,0.0,0.0,Winter,No Holiday,Yes
2018-02-21,366,15,4.2,15.0,2.7,1995.0,-20.2,2.21,0.0,0.0,Winter,No Holiday,Yes
2018-02-21,409,16,3.7,14.0,3.9,2000.0,-21.4,1.71,0.0,0.0,Winter,No Holiday,Yes
2018-02-21,469,17,3.1,14.0,3.7,2000.0,-21.9,1.0,0.0,0.0,Winter,No Holiday,Yes
2018-02-21,784,18,1.8,16.0,3.4,2000.0,-21.4,0.31,0.0,0.0,Winter,No Holiday,Yes
2018-02-21,460,19,-0.1,39.0,2.8,2000.0,-12.4,0.0,0.0,0.0,Winter,No Holiday,Yes
2018-02-21,356,20,-1.1,43.0,1.5,2000.0,-12.1,0.0,0.0,0.0,Winter,No Holiday,Yes
2018-02-21,345,21,-1.6,52.0,2.2,2000.0,-10.1,0.0,0.0,0.0,Winter,No Holiday,Yes
2018-02-21,299,22,-2.2,55.0,1.4,2000.0,-10.0,0.0,0.0,0.0,Winter,No Holiday,Yes
2018-02-21,223,23,-2.7,58.0,1.1,2000.0,-9.8,0.0,0.0,0.0,Winter,No Holiday,Yes
2018-02-22,195,0,-2.7,58.0,1.7,2000.0,-9.8,0.0,0.0,0.0,Winter,No Holiday,Yes
2018-02-22,190,1,-2.2,58.0,1.0,2000.0,-9.3,0.0,0.0,0.0,Winter,No Holiday,Yes
2018-02-22,116,2,-2.9,57.0,0.0,1985.0,-10.2,0.0,0.0,0.0,Winter,No Holiday,Yes
2018-02-22,71,3,-2.8,57.0,0.5,1995.0,-10.1,0.0,0.0,0.0,Winter,No Holiday,Yes
2018-02-22,66,4,-2.4,58.0,0.3,2000.0,-9.5,0.0,0.0,0.0,Winter,No Holiday,Yes
2018-02-22,75,5,-2.4,59.0,1.1,1984.0,-9.3,0.0,0.0,0.0,Winter,No Holiday,Yes
2018-02-22,151,6,-3.0,62.0,0.8,1996.0,-9.2,0.0,0.0,0.0,Winter,No Holiday,Yes
2018-02-22,373,7,-3.7,64.0,0.7,1891.0,-9.5,0.0,0.0,0.0,Winter,No Holiday,Yes
2018-02-22,783,8,-3.6,63.0,0.9,1473.0,-9.6,0.07,0.0,0.0,Winter,No Holiday,Yes
2018-02-22,383,9,-1.9,51.0,0.9,1654.0,-10.7,0.58,0.0,0.0,Winter,No Holiday,Yes
2018-02-22,259,10,0.9,44.0,1.1,1826.0,-10.0,1.16,0.0,0.0,Winter,No Holiday,Yes
2018-02-22,308,11,2.7,44.0,0.9,1761.0,-8.3,1.45,0.0,0.0,Winter,No Holiday,Yes
2018-02-22,352,12,4.8,47.0,2.6,1373.0,-5.5,1.72,0.0,0.0,Winter,No Holiday,Yes
2018-02-22,316,13,4.5,51.0,3.8,1108.0,-4.7,1.08,0.0,0.0,Winter,No Holiday,Yes
2018-02-22,331,14,4.8,50.0,4.3,1168.0,-4.7,1.01,0.0,0.0,Winter,No Holiday,Yes
2018-02-22,356,15,5.0,49.0,4.4,1138.0,-4.8,0.96,0.0,0.0,Winter,No Holiday,Yes
2018-02-22,404,16,5.0,50.0,4.3,1121.0,-4.5,0.74,0.0,0.0,Winter,No Holiday,Yes
2018-02-22,465,17,4.6,52.0,3.9,1059.0,-4.4,0.5,0.0,0.0,Winter,No Holiday,Yes
2018-02-22,730,18,3.9,56.0,4.0,1004.0,-4.0,0.18,0.0,0.0,Winter,No Holiday,Yes
2018-02-22,499,19,3.5,60.0,2.7,936.0,-3.5,0.0,0.0,0.0,Winter,No Holiday,Yes
2018-02-22,348,20,3.0,62.0,2.4,975.0,-3.5,0.0,0.0,0.0,Winter,No Holiday,Yes
2018-02-22,393,21,2.9,64.0,2.5,1154.0,-3.2,0.0,0.0,0.0,Winter,No Holiday,Yes
2018-02-22,346,22,2.9,65.0,2.3,1150.0,-3.0,0.0,0.0,0.0,Winter,No Holiday,Yes
2018-02-22,202,23,2.9,63.0,2.6,1253.0,-3.4,0.0,0.0,0.0,Winter,No Holiday,Yes
2018-02-23,42,0,1.7,86.0,2.7,54.0,-0.3,0.0,0.4,0.4,Winter,No Holiday,Yes
2018-02-23,55,1,0.6,96.0,2.1,118.0,0.0,0.0,0.0,4.0,Winter,No Holiday,Yes
2018-02-23,62,2,0.7,97.0,1.4,197.0,0.2,0.0,0.0,4.1,Winter,No Holiday,Yes
2018-02-23,32,3,0.9,97.0,1.2,243.0,0.4,0.0,3.7,4.1,Winter,No Holiday,Yes
2018-02-23,36,4,1.1,96.0,2.5,241.0,0.5,0.0,0.0,3.9,Winter,No Holiday,Yes
2018-02-23,39,5,1.0,91.0,0.7,257.0,-0.3,0.0,0.0,3.8,Winter,No Holiday,Yes
2018-02-23,63,6,0.4,95.0,0.3,197.0,-0.3,0.0,0.0,3.8,Winter,No Holiday,Yes
2018-02-23,174,7,-0.1,97.0,0.5,179.0,-0.5,0.0,0.0,3.8,Winter,No Holiday,Yes
2018-02-23,391,8,-0.2,97.0,0.4,197.0,-0.6,0.05,0.0,3.7,Winter,No Holiday,Yes
2018-02-23,214,9,0.5,94.0,0.6,199.0,-0.3,0.37,0.0,3.7,Winter,No Holiday,Yes
2018-02-23,184,10,2.2,83.0,0.8,221.0,-0.3,0.92,0.0,3.7,Winter,No Holiday,Yes
2018-02-23,230,11,3.8,72.0,0.9,236.0,-0.7,1.1,0.0,3.4,Winter,No Holiday,Yes
2018-02-23,283,12,5.3,70.0,0.9,226.0,0.2,1.73,0.0,1.7,Winter,No Holiday,Yes
2018-02-23,304,13,6.7,64.0,2.0,241.0,0.3,1.94,0.0,0.6,Winter,No Holiday,Yes
2018-02-23,312,14,7.8,57.0,2.1,277.0,-0.2,1.39,0.0,0.0,Winter,No Holiday,Yes
2018-02-23,312,15,8.2,62.0,0.6,291.0,1.3,1.22,0.0,0.0,Winter,No Holiday,Yes
2018-02-23,354,16,8.3,60.0,2.7,354.0,0.9,0.36,0.0,0.0,Winter,No Holiday,Yes
2018-02-23,470,17,7.9,68.0,4.2,352.0,2.3,0.27,0.0,0.0,Winter,No Holiday,Yes
2018-02-23,669,18,7.5,70.0,5.0,374.0,2.3,0.08,0.0,0.0,Winter,No Holiday,Yes
2018-02-23,421,19,6.9,73.0,3.7,369.0,2.3,0.0,0.0,0.0,Winter,No Holiday,Yes
2018-02-23,295,20,6.4,77.0,2.8,316.0,2.6,0.0,0.0,0.0,Winter,No Holiday,Yes
2018-02-23,321,21,6.0,79.0,2.7,306.0,2.6,0.0,0.0,0.0,Winter,No Holiday,Yes
2018-02-23,291,22,5.7,81.0,2.5,292.0,2.6,0.0,0.0,0.0,Winter,No Holiday,Yes
2018-02-23,243,23,5.5,80.0,2.7,258.0,2.3,0.0,0.0,0.0,Winter,No Holiday,Yes
2018-02-24,226,0,4.6,82.0,3.0,240.0,1.7,0.0,0.0,0.0,Winter,No Holiday,Yes
2018-02-24,263,1,4.0,83.0,1.7,235.0,1.3,0.0,0.0,0.0,Winter,No Holiday,Yes
2018-02-24,197,2,3.7,82.0,1.6,229.0,0.9,0.0,0.0,0.0,Winter,No Holiday,Yes
2018-02-24,133,3,3.5,82.0,2.9,217.0,0.7,0.0,0.0,0.0,Winter,No Holiday,Yes
2018-02-24,63,4,2.7,82.0,2.8,222.0,0.0,0.0,0.0,0.0,Winter,No Holiday,Yes
2018-02-24,58,5,1.8,84.0,2.7,214.0,-0.6,0.0,0.0,0.0,Winter,No Holiday,Yes
2018-02-24,72,6,1.2,83.0,2.5,245.0,-1.3,0.0,0.0,0.0,Winter,No Holiday,Yes
2018-02-24,108,7,0.6,86.0,1.6,211.0,-1.4,0.0,0.0,0.0,Winter,No Holiday,Yes
2018-02-24,203,8,0.0,77.0,2.8,289.0,-3.5,0.06,0.0,0.0,Winter,No Holiday,Yes
2018-02-24,253,9,0.6,64.0,3.8,430.0,-5.4,0.65,0.0,0.0,Winter,No Holiday,Yes
2018-02-24,259,10,0.8,60.0,2.9,497.0,-6.0,0.71,0.0,0.0,Winter,No Holiday,Yes
2018-02-24,298,11,2.2,50.0,2.4,608.0,-7.1,1.1,0.0,0.0,Winter,No Holiday,Yes
2018-02-24,363,12,4.0,37.0,1.4,763.0,-9.4,1.75,0.0,0.0,Winter,No Holiday,Yes
2018-02-24,412,13,5.3,29.0,2.1,1007.0,-11.3,2.08,0.0,0.0,Winter,No Holiday,Yes
2018-02-24,454,14,6.9,19.0,1.9,1843.0,-15.1,2.36,0.0,0.0,Winter,No Holiday,Yes
2018-02-24,467,15,6.7,24.0,2.7,1536.0,-12.4,1.95,0.0,0.0,Winter,No Holiday,Yes
2018-02-24,509,16,5.9,21.0,3.0,1864.0,-14.8,1.34,0.0,0.0,Winter,No Holiday,Yes
2018-02-24,462,17,4.9,28.0,3.1,1477.0,-12.1,0.77,0.0,0.0,Winter,No Holiday,Yes
2018-02-24,379,18,3.5,30.0,2.9,1726.0,-12.4,0.31,0.0,0.0,Winter,No Holiday,Yes
2018-02-24,306,19,2.1,27.0,2.8,1883.0,-15.0,0.01,0.0,0.0,Winter,No Holiday,Yes
2018-02-24,233,20,1.1,32.0,1.4,1785.0,-13.8,0.0,0.0,0.0,Winter,No Holiday,Yes
2018-02-24,232,21,0.7,31.0,1.3,1923.0,-14.5,0.0,0.0,0.0,Winter,No Holiday,Yes
2018-02-24,219,22,0.1,32.0,0.9,1937.0,-14.6,0.0,0.0,0.0,Winter,No Holiday,Yes
2018-02-24,187,23,-0.6,39.0,1.3,1731.0,-12.8,0.0,0.0,0.0,Winter,No Holiday,Yes
2018-02-25,182,0,-1.1,44.0,1.2,1741.0,-11.8,0.0,0.0,0.0,Winter,No Holiday,Yes
2018-02-25,189,1,-1.4,43.0,0.6,1791.0,-12.3,0.0,0.0,0.0,Winter,No Holiday,Yes
2018-02-25,124,2,-1.5,46.0,1.1,1744.0,-11.6,0.0,0.0,0.0,Winter,No Holiday,Yes
2018-02-25,103,3,-1.3,42.0,0.8,1648.0,-12.5,0.0,0.0,0.0,Winter,No Holiday,Yes
2018-02-25,52,4,-1.1,43.0,0.7,1558.0,-12.1,0.0,0.0,0.0,Winter,No Holiday,Yes
2018-02-25,37,5,-0.7,41.0,0.9,1442.0,-12.3,0.0,0.0,0.0,Winter,No Holiday,Yes
2018-02-25,54,6,-0.8,44.0,0.6,1541.0,-11.5,0.0,0.0,0.0,Winter,No Holiday,Yes
2018-02-25,77,7,-1.0,47.0,0.9,1552.0,-10.9,0.0,0.0,0.0,Winter,No Holiday,Yes
2018-02-25,158,8,-1.3,54.0,0.6,1597.0,-9.4,0.06,0.0,0.0,Winter,No Holiday,Yes
2018-02-25,173,9,-0.3,48.0,1.1,1394.0,-10.0,0.43,0.0,0.0,Winter,No Holiday,Yes
2018-02-25,195,10,2.1,42.0,1.1,1564.0,-9.5,1.12,0.0,0.0,Winter,No Holiday,Yes
2018-02-25,244,11,4.3,29.0,2.6,1293.0,-12.2,1.87,0.0,0.0,Winter,No Holiday,Yes
2018-02-25,396,12,5.5,25.0,3.1,1652.0,-13.0,2.28,0.0,0.0,Winter,No Holiday,Yes
2018-02-25,482,13,6.1,22.0,2.4,1710.0,-14.0,2.5,0.0,0.0,Winter,No Holiday,Yes
2018-02-25,572,14,7.0,23.0,2.4,1645.0,-12.7,2.52,0.0,0.0,Winter,No Holiday,Yes
2018-02-25,612,15,7.5,21.0,2.7,1900.0,-13.4,2.22,0.0,0.0,Winter,No Holiday,Yes
2018-02-25,688,16,7.6,18.0,3.2,1930.0,-15.2,1.73,0.0,0.0,Winter,No Holiday,Yes
2018-02-25,589,17,6.9,25.0,2.9,1795.0,-11.8,1.07,0.0,0.0,Winter,No Holiday,Yes
2018-02-25,402,18,5.2,30.0,2.8,1877.0,-11.0,0.36,0.0,0.0,Winter,No Holiday,Yes
2018-02-25,297,19,3.1,40.0,2.6,1804.0,-9.2,0.01,0.0,0.0,Winter,No Holiday,Yes
2018-02-25,232,20,1.3,49.0,2.8,1683.0,-8.2,0.0,0.0,0.0,Winter,No Holiday,Yes
2018-02-25,239,21,0.2,55.0,2.5,1942.0,-7.7,0.0,0.0,0.0,Winter,No Holiday,Yes
2018-02-25,230,22,0.0,54.0,2.5,1929.0,-8.2,0.0,0.0,0.0,Winter,No Holiday,Yes
2018-02-25,173,23,-0.3,58.0,1.0,1945.0,-7.5,0.0,0.0,0.0,Winter,No Holiday,Yes
2018-02-26,135,0,-0.9,60.0,0.7,1844.0,-7.7,0.0,0.0,0.0,Winter,No Holiday,Yes
2018-02-26,122,1,-1.2,63.0,0.9,1846.0,-7.3,0.0,0.0,0.0,Winter,No Holiday,Yes
2018-02-26,80,2,-1.7,66.0,0.8,1631.0,-7.2,0.0,0.0,0.0,Winter,No Holiday,Yes
2018-02-26,46,3,-1.9,67.0,1.0,1575.0,-7.2,0.0,0.0,0.0,Winter,No Holiday,Yes
2018-02-26,46,4,-2.3,69.0,1.1,1411.0,-7.2,0.0,0.0,0.0,Winter,No Holiday,Yes
2018-02-26,65,5,-2.5,73.0,0.8,1134.0,-6.6,0.0,0.0,0.0,Winter,No Holiday,Yes
2018-02-26,161,6,-2.7,72.0,0.5,1253.0,-7.0,0.0,0.0,0.0,Winter,No Holiday,Yes
2018-02-26,402,7,-3.1,68.0,0.8,1417.0,-8.1,0.0,0.0,0.0,Winter,No Holiday,Yes
2018-02-26,786,8,-2.9,63.0,0.7,1386.0,-8.9,0.11,0.0,0.0,Winter,No Holiday,Yes
2018-02-26,416,9,-1.1,53.0,0.9,1308.0,-9.4,0.72,0.0,0.0,Winter,No Holiday,Yes
2018-02-26,289,10,1.9,46.0,1.1,1233.0,-8.5,1.39,0.0,0.0,Winter,No Holiday,Yes
2018-02-26,356,11,4.6,37.0,1.6,1309.0,-8.8,1.95,0.0,0.0,Winter,No Holiday,Yes
2018-02-26,428,12,6.9,28.0,1.1,1301.0,-10.3,2.35,0.0,0.0,Winter,No Holiday,Yes
2018-02-26,444,13,8.1,26.0,1.2,1422.0,-10.2,2.48,0.0,0.0,Winter,No Holiday,Yes
2018-02-26,455,14,9.9,25.0,1.5,1401.0,-9.2,2.43,0.0,0.0,Winter,No Holiday,Yes
2018-02-26,521,15,10.3,23.0,2.1,1317.0,-9.9,2.09,0.0,0.0,Winter,No Holiday,Yes
2018-02-26,555,16,9.5,31.0,3.1,973.0,-6.8,1.54,0.0,0.0,Winter,No Holiday,Yes
2018-02-26,646,17,8.7,30.0,3.1,1117.0,-7.9,0.96,0.0,0.0,Winter,No Holiday,Yes
2018-02-26,929,18,7.2,26.0,2.3,1398.0,-11.0,0.33,0.0,0.0,Winter,No Holiday,Yes
2018-02-26,619,19,5.5,30.0,2.7,1150.0,-10.7,0.01,0.0,0.0,Winter,No Holiday,Yes
2018-02-26,483,20,4.3,32.0,1.7,1101.0,-10.9,0.0,0.0,0.0,Winter,No Holiday,Yes
2018-02-26,512,21,3.3,36.0,1.4,1110.0,-10.3,0.0,0.0,0.0,Winter,No Holiday,Yes
2018-02-26,443,22,2.7,40.0,1.0,1089.0,-9.5,0.0,0.0,0.0,Winter,No Holiday,Yes
2018-02-26,308,23,2.8,39.0,0.7,1065.0,-9.8,0.0,0.0,0.0,Winter,No Holiday,Yes
2018-02-27,236,0,2.6,40.0,1.8,1095.0,-9.6,0.0,0.0,0.0,Winter,No Holiday,Yes
2018-02-27,213,1,2.1,44.0,0.9,1107.0,-8.9,0.0,0.0,0.0,Winter,No Holiday,Yes
2018-02-27,145,2,1.5,44.0,1.2,1079.0,-9.4,0.0,0.0,0.0,Winter,No Holiday,Yes
2018-02-27,102,3,1.1,44.0,1.0,1128.0,-9.8,0.0,0.0,0.0,Winter,No Holiday,Yes
2018-02-27,62,4,0.9,46.0,0.8,1140.0,-9.4,0.0,0.0,0.0,Winter,No Holiday,Yes
2018-02-27,72,5,0.6,50.0,0.1,1026.0,-8.6,0.0,0.0,0.0,Winter,No Holiday,Yes
2018-02-27,183,6,0.6,50.0,0.4,985.0,-8.6,0.0,0.0,0.0,Winter,No Holiday,Yes
2018-02-27,443,7,1.3,47.0,0.7,1084.0,-8.7,0.0,0.0,0.0,Winter,No Holiday,Yes
2018-02-27,767,8,2.0,51.0,0.7,990.0,-7.0,0.0,0.0,0.0,Winter,No Holiday,Yes
2018-02-27,455,9,2.5,51.0,1.0,866.0,-6.6,0.07,0.0,0.0,Winter,No Holiday,Yes
2018-02-27,261,10,3.3,47.0,0.7,818.0,-6.9,0.22,0.0,0.0,Winter,No Holiday,Yes
2018-02-27,342,11,4.8,41.0,0.8,792.0,-7.3,0.53,0.0,0.0,Winter,No Holiday,Yes
2018-02-27,353,12,5.4,37.0,0.7,815.0,-8.1,0.43,0.0,0.0,Winter,No Holiday,Yes
2018-02-27,335,13,5.8,39.0,0.6,931.0,-7.1,0.35,0.0,0.0,Winter,No Holiday,Yes
2018-02-27,357,14,6.3,40.0,0.8,943.0,-6.3,0.34,0.0,0.0,Winter,No Holiday,Yes
2018-02-27,402,15,6.7,48.0,0.8,817.0,-3.5,0.39,0.0,0.0,Winter,No Holiday,Yes
2018-02-27,411,16,6.9,54.0,1.1,692.0,-1.7,0.32,0.0,0.0,Winter,No Holiday,Yes
2018-02-27,529,17,6.8,57.0,1.0,623.0,-1.1,0.16,0.0,0.0,Winter,No Holiday,Yes
2018-02-27,897,18,6.6,62.0,0.8,522.0,-0.1,0.05,0.0,0.0,Winter,No Holiday,Yes
2018-02-27,616,19,6.1,44.0,1.0,750.0,-5.2,0.0,0.0,0.0,Winter,No Holiday,Yes
2018-02-27,461,20,5.9,44.0,1.3,733.0,-5.4,0.0,0.0,0.0,Winter,No Holiday,Yes
2018-02-27,449,21,5.7,46.0,0.8,727.0,-5.0,0.0,0.0,0.0,Winter,No Holiday,Yes
2018-02-27,461,22,5.4,49.0,1.1,687.0,-4.4,0.0,0.0,0.0,Winter,No Holiday,Yes
2018-02-27,310,23,5.3,53.0,1.5,582.0,-3.5,0.0,0.0,0.0,Winter,No Holiday,Yes
2018-02-28,266,0,5.1,52.0,1.1,614.0,-3.9,0.0,0.0,0.0,Winter,No Holiday,Yes
2018-02-28,229,1,5.0,53.0,1.4,557.0,-3.8,0.0,0.0,0.0,Winter,No Holiday,Yes
2018-02-28,174,2,5.2,54.0,1.3,516.0,-3.3,0.0,0.0,0.0,Winter,No Holiday,Yes
2018-02-28,116,3,5.3,55.0,1.7,488.0,-3.0,0.0,0.0,0.0,Winter,No Holiday,Yes
2018-02-28,72,4,5.4,56.0,1.7,472.0,-2.6,0.0,0.0,0.0,Winter,No Holiday,Yes
2018-02-28,62,5,5.2,59.0,1.7,437.0,-2.1,0.0,0.0,0.0,Winter,No Holiday,Yes
2018-02-28,165,6,5.2,60.0,1.9,430.0,-1.9,0.0,0.0,0.0,Winter,No Holiday,Yes
2018-02-28,426,7,5.5,59.0,2.8,448.0,-1.8,0.0,0.0,0.0,Winter,No Holiday,Yes
2018-02-28,816,8,5.7,57.0,2.5,458.0,-2.1,0.04,0.0,0.0,Winter,No Holiday,Yes
2018-02-28,419,9,6.2,55.0,2.4,478.0,-2.1,0.13,0.0,0.0,Winter,No Holiday,Yes
2018-02-28,285,10,6.5,53.0,2.0,518.0,-2.4,0.21,0.0,0.0,Winter,No Holiday,Yes
2018-02-28,332,11,7.1,50.0,2.2,534.0,-2.6,0.33,0.0,0.0,Winter,No Holiday,Yes
2018-02-28,305,12,7.6,48.0,2.6,600.0,-2.7,0.39,0.0,0.0,Winter,No Holiday,Yes
2018-02-28,28,13,7.6,57.0,2.3,554.0,-0.3,0.33,0.0,0.0,Winter,No Holiday,Yes
2018-02-28,17,14,5.7,80.0,3.7,348.0,2.5,0.13,0.0,0.0,Winter,No Holiday,Yes
2018-02-28,7,15,4.8,87.0,2.9,312.0,2.8,0.08,4.5,0.0,Winter,No Holiday,Yes
2018-02-28,9,16,4.2,89.0,2.5,479.0,2.5,0.07,0.0,0.0,Winter,No Holiday,Yes
2018-02-28,8,17,3.8,90.0,2.7,654.0,2.3,0.0,0.0,0.0,Winter,No Holiday,Yes
2018-02-28,11,18,3.6,90.0,2.1,845.0,2.1,0.0,9.5,0.0,Winter,No Holiday,Yes
2018-02-28,19,19,2.5,95.0,1.9,838.0,1.7,0.0,0.0,0.0,Winter,No Holiday,Yes
2018-02-28,8,20,2.7,96.0,1.5,1479.0,2.1,0.0,0.0,0.0,Winter,No Holiday,Yes
2018-02-28,10,21,2.4,95.0,2.5,1349.0,1.6,0.0,9.0,0.0,Winter,No Holiday,Yes
2018-02-28,13,22,2.3,96.0,1.9,1207.0,1.7,0.0,0.0,0.0,Winter,No Holiday,Yes
2018-02-28,23,23,1.8,96.0,1.2,745.0,1.2,0.0,0.0,0.0,Winter,No Holiday,Yes
2018-03-01,71,0,2.0,96.0,1.3,1894.0,1.4,0.0,2.0,0.0,Spring,Holiday,Yes
2018-03-01,147,1,2.1,97.0,0.2,859.0,1.6,0.0,0.0,0.0,Spring,Holiday,Yes
2018-03-01,180,2,2.0,97.0,1.0,580.0,1.5,0.0,0.0,0.0,Spring,Holiday,Yes
2018-03-01,92,3,1.6,97.0,2.3,469.0,1.1,0.0,0.1,0.0,Spring,Holiday,Yes
2018-03-01,28,4,1.6,97.0,1.1,636.0,1.1,0.0,0.0,0.0,Spring,Holiday,Yes
2018-03-01,11,5,2.2,97.0,2.9,362.0,1.7,0.0,0.0,0.0,Spring,Holiday,Yes
2018-03-01,33,6,3.0,96.0,2.7,303.0,2.4,0.0,0.4,0.0,Spring,Holiday,Yes
2018-03-01,61,7,2.6,89.0,4.3,320.0,0.9,0.0,0.0,0.0,Spring,Holiday,Yes
2018-03-01,148,8,1.5,80.0,3.2,1246.0,-1.5,0.04,0.0,0.0,Spring,Holiday,Yes
2018-03-01,160,9,0.1,78.0,4.9,615.0,-3.2,0.09,0.0,0.0,Spring,Holiday,Yes
2018-03-01,191,10,0.1,53.0,5.3,1022.0,-8.3,1.12,0.0,0.0,Spring,Holiday,Yes
2018-03-01,239,11,0.8,52.0,4.6,1035.0,-7.9,2.2,0.0,0.0,Spring,Holiday,Yes
2018-03-01,311,12,0.5,46.0,4.7,1172.0,-9.8,2.49,0.0,0.0,Spring,Holiday,Yes
2018-03-01,358,13,1.4,37.0,4.0,1681.0,-11.7,2.95,0.0,0.0,Spring,Holiday,Yes
2018-03-01,375,14,1.2,36.0,6.0,1430.0,-12.2,2.86,0.0,0.0,Spring,Holiday,Yes
2018-03-01,458,15,1.6,35.0,4.5,1567.0,-12.2,2.54,0.0,0.0,Spring,Holiday,Yes
2018-03-01,460,16,1.4,33.0,4.8,1480.0,-13.1,1.98,0.0,0.0,Spring,Holiday,Yes
2018-03-01,423,17,0.4,37.0,5.2,1366.0,-12.6,1.23,0.0,0.0,Spring,Holiday,Yes
2018-03-01,317,18,-0.8,40.0,4.7,1429.0,-12.7,0.43,0.0,0.0,Spring,Holiday,Yes
2018-03-01,231,19,-1.7,45.0,3.3,1375.0,-12.1,0.01,0.0,0.0,Spring,Holiday,Yes
2018-03-01,246,20,-2.2,49.0,3.5,1325.0,-11.4,0.0,0.0,0.0,Spring,Holiday,Yes
2018-03-01,212,21,-3.0,50.0,3.7,1301.0,-11.9,0.0,0.0,0.0,Spring,Holiday,Yes
2018-03-01,190,22,-3.6,52.0,3.7,1277.0,-12.0,0.0,0.0,0.0,Spring,Holiday,Yes
2018-03-01,190,23,-4.0,52.0,3.4,1272.0,-12.4,0.0,0.0,0.0,Spring,Holiday,Yes
2018-03-02,156,0,-4.3,53.0,2.6,1334.0,-12.4,0.0,0.0,0.0,Spring,No Holiday,Yes
2018-03-02,108,1,-4.6,52.0,2.1,1372.0,-12.9,0.0,0.0,0.0,Spring,No Holiday,Yes
2018-03-02,71,2,-5.3,52.0,1.2,1434.0,-13.6,0.0,0.0,0.0,Spring,No Holiday,Yes
2018-03-02,49,3,-5.7,50.0,1.7,1559.0,-14.4,0.0,0.0,0.0,Spring,No Holiday,Yes
2018-03-02,47,4,-5.8,48.0,1.5,1552.0,-15.0,0.0,0.0,0.0,Spring,No Holiday,Yes
2018-03-02,65,5,-6.1,49.0,1.0,1621.0,-15.1,0.0,0.0,0.0,Spring,No Holiday,Yes
2018-03-02,135,6,-6.4,50.0,1.5,1593.0,-15.1,0.0,0.0,0.0,Spring,No Holiday,Yes
2018-03-02,401,7,-6.6,52.0,0.5,1555.0,-14.8,0.0,0.0,0.0,Spring,No Holiday,Yes
2018-03-02,617,8,-6.2,45.0,0.4,1600.0,-16.2,0.17,0.0,0.0,Spring,No Holiday,Yes
2018-03-02,343,9,-4.6,34.0,1.2,1583.0,-18.1,0.87,0.0,0.0,Spring,No Holiday,Yes
2018-03-02,274,10,-1.8,30.0,2.1,1608.0,-17.1,1.59,0.0,0.0,Spring,No Holiday,Yes
2018-03-02,343,11,0.1,30.0,1.8,1640.0,-15.4,2.19,0.0,0.0,Spring,No Holiday,Yes
2018-03-02,388,12,1.8,26.0,2.2,1556.0,-15.7,2.61,0.0,0.0,Spring,No Holiday,Yes
2018-03-02,375,13,2.3,22.0,3.1,1627.0,-17.2,2.83,0.0,0.0,Spring,No Holiday,Yes
2018-03-02,450,14,3.4,23.0,2.4,1545.0,-15.8,2.74,0.0,0.0,Spring,No Holiday,Yes
2018-03-02,463,15,4.3,22.0,1.3,1837.0,-15.6,2.48,0.0,0.0,Spring,No Holiday,Yes
2018-03-02,574,16,5.2,21.0,2.1,1721.0,-15.4,1.97,0.0,0.0,Spring,No Holiday,Yes
2018-03-02,631,17,4.3,21.0,2.5,1961.0,-16.1,1.13,0.0,0.0,Spring,No Holiday,Yes
2018-03-02,854,18,3.5,22.0,0.9,1961.0,-16.2,0.43,0.0,0.0,Spring,No Holiday,Yes
2018-03-02,568,19,2.0,26.0,2.3,1985.0,-15.5,0.02,0.0,0.0,Spring,No Holiday,Yes
2018-03-02,427,20,1.2,35.0,2.5,1977.0,-12.6,0.0,0.0,0.0,Spring,No Holiday,Yes
2018-03-02,396,21,1.0,34.0,1.4,1880.0,-13.1,0.0,0.0,0.0,Spring,No Holiday,Yes
2018-03-02,414,22,0.5,38.0,0.9,1907.0,-12.2,0.0,0.0,0.0,Spring,No Holiday,Yes
2018-03-02,284,23,0.3,38.0,0.2,1895.0,-12.3,0.0,0.0,0.0,Spring,No Holiday,Yes
2018-03-03,218,0,0.5,34.0,0.4,1889.0,-13.5,0.0,0.0,0.0,Spring,No Holiday,Yes
2018-03-03,229,1,0.6,36.0,0.4,1933.0,-12.7,0.0,0.0,0.0,Spring,No Holiday,Yes
2018-03-03,176,2,0.9,35.0,0.5,1856.0,-12.8,0.0,0.0,0.0,Spring,No Holiday,Yes
2018-03-03,149,3,0.8,38.0,0.8,1594.0,-11.9,0.0,0.0,0.0,Spring,No Holiday,Yes
2018-03-03,93,4,0.6,43.0,0.9,1599.0,-10.5,0.0,0.0,0.0,Spring,No Holiday,Yes
2018-03-03,55,5,0.8,39.0,1.0,1463.0,-11.6,0.0,0.0,0.0,Spring,No Holiday,Yes
2018-03-03,71,6,0.5,42.0,0.9,1543.0,-10.9,0.0,0.0,0.0,Spring,No Holiday,Yes
2018-03-03,159,7,0.1,43.0,1.4,1502.0,-11.0,0.0,0.0,0.0,Spring,No Holiday,Yes
2018-03-03,306,8,0.4,38.0,1.8,1564.0,-12.3,0.16,0.0,0.0,Spring,No Holiday,Yes
2018-03-03,329,9,2.2,30.0,1.5,1513.0,-13.6,0.81,0.0,0.0,Spring,No Holiday,Yes
2018-03-03,354,10,5.1,27.0,1.2,1563.0,-12.4,1.54,0.0,0.0,Spring,No Holiday,Yes
2018-03-03,431,11,8.1,21.0,2.1,1738.0,-12.9,2.15,0.0,0.0,Spring,No Holiday,Yes
2018-03-03,605,12,10.7,16.0,1.7,1657.0,-14.1,2.56,0.0,0.0,Spring,No Holiday,Yes
2018-03-03,771,13,12.2,14.0,1.6,1896.0,-14.5,2.75,0.0,0.0,Spring,No Holiday,Yes
2018-03-03,1025,14,14.4,14.0,1.4,1833.0,-12.8,2.66,0.0,0.0,Spring,No Holiday,Yes
2018-03-03,1238,15,16.0,14.0,2.2,1828.0,-11.5,2.33,0.0,0.0,Spring,No Holiday,Yes
2018-03-03,1285,16,15.8,15.0,2.6,1867.0,-10.8,1.7,0.0,0.0,Spring,No Holiday,Yes
2018-03-03,1197,17,15.0,22.0,2.5,1946.0,-6.5,0.96,0.0,0.0,Spring,No Holiday,Yes
2018-03-03,920,18,13.9,26.0,1.9,1995.0,-5.3,0.41,0.0,0.0,Spring,No Holiday,Yes
2018-03-03,630,19,12.7,32.0,2.3,2000.0,-3.6,0.01,0.0,0.0,Spring,No Holiday,Yes
2018-03-03,631,20,11.1,51.0,3.7,1957.0,1.3,0.0,0.0,0.0,Spring,No Holiday,Yes
2018-03-03,588,21,10.3,52.0,2.2,1843.0,0.8,0.0,0.0,0.0,Spring,No Holiday,Yes
2018-03-03,516,22,10.2,49.0,1.7,1972.0,0.0,0.0,0.0,0.0,Spring,No Holiday,Yes
2018-03-03,215,23,9.4,74.0,1.6,559.0,4.9,0.0,0.0,0.0,Spring,No Holiday,Yes
2018-03-04,161,0,8.5,87.0,0.9,303.0,6.4,0.0,0.0,0.0,Spring,No Holiday,Yes
2018-03-04,118,1,8.3,91.0,0.1,282.0,6.9,0.0,0.0,0.0,Spring,No Holiday,Yes
2018-03-04,95,2,8.3,95.0,0.3,243.0,7.5,0.0,0.0,0.0,Spring,No Holiday,Yes
2018-03-04,90,3,8.5,96.0,0.4,238.0,7.8,0.0,0.1,0.0,Spring,No Holiday,Yes
2018-03-04,34,4,8.8,95.0,0.2,218.0,8.0,0.0,0.0,0.0,Spring,No Holiday,Yes
2018-03-04,15,5,8.8,96.0,1.2,196.0,8.1,0.0,0.0,0.0,Spring,No Holiday,Yes
2018-03-04,20,6,8.6,96.0,0.7,224.0,7.9,0.0,0.2,0.0,Spring,No Holiday,Yes
2018-03-04,23,7,8.4,97.0,2.6,122.0,7.9,0.0,0.0,0.0,Spring,No Holiday,Yes
2018-03-04,70,8,8.3,97.0,0.6,152.0,7.8,0.01,0.0,0.0,Spring,No Holiday,Yes
2018-03-04,157,9,8.8,97.0,1.3,196.0,8.3,0.2,0.2,0.0,Spring,No Holiday,Yes
2018-03-04,239,10,9.8,90.0,0.8,335.0,8.2,0.64,0.0,0.0,Spring,No Holiday,Yes
2018-03-04,273,11,10.1,88.0,0.7,453.0,8.1,0.34,0.0,0.0,Spring,No Holiday,Yes
2018-03-04,358,12,10.7,85.0,0.9,393.0,8.2,0.52,0.0,0.0,Spring,No Holiday,Yes
2018-03-04,429,13,10.8,84.0,1.2,400.0,8.1,0.44,0.0,0.0,Spring,No Holiday,Yes
2018-03-04,475,14,11.2,83.0,1.1,518.0,8.4,0.45,0.0,0.0,Spring,No Holiday,Yes
2018-03-04,468,15,11.7,81.0,1.2,616.0,8.5,0.53,0.0,0.0,Spring,No Holiday,Yes
2018-03-04,396,16,11.7,82.0,1.1,753.0,8.7,0.32,0.0,0.0,Spring,No Holiday,Yes
2018-03-04,492,17,11.8,82.0,1.7,990.0,8.8,0.4,0.0,0.0,Spring,No Holiday,Yes
2018-03-04,436,18,11.5,81.0,1.5,1475.0,8.3,0.07,0.0,0.0,Spring,No Holiday,Yes
2018-03-04,289,19,11.2,81.0,2.3,1614.0,8.0,0.0,0.0,0.0,Spring,No Holiday,Yes
2018-03-04,26,20,11.3,80.0,1.2,1978.0,7.9,0.0,0.0,0.0,Spring,No Holiday,Yes
2018-03-04,7,21,10.6,89.0,2.1,606.0,8.8,0.0,2.0,0.0,Spring,No Holiday,Yes
2018-03-04,8,22,9.6,92.0,2.5,721.0,8.3,0.0,0.0,0.0,Spring,No Holiday,Yes
2018-03-04,9,23,8.7,91.0,2.9,957.0,7.3,0.0,0.0,0.0,Spring,No Holiday,Yes
2018-03-05,22,0,7.6,88.0,2.5,1974.0,5.7,0.0,9.0,0.0,Spring,No Holiday,Yes
2018-03-05,23,1,7.0,88.0,2.5,2000.0,5.1,0.0,0.0,0.0,Spring,No Holiday,Yes
2018-03-05,9,2,6.3,89.0,2.2,1456.0,4.6,0.0,0.0,0.0,Spring,No Holiday,Yes
2018-03-05,2,3,5.7,92.0,2.0,458.0,4.4,0.0,1.5,0.0,Spring,No Holiday,Yes
2018-03-05,4,4,5.1,90.0,2.6,1005.0,3.5,0.0,0.0,0.0,Spring,No Holiday,Yes
2018-03-05,22,5,4.7,89.0,2.3,1242.0,3.0,0.0,0.0,0.0,Spring,No Holiday,Yes
2018-03-05,20,6,4.2,87.0,2.0,1979.0,2.2,0.0,2.0,0.0,Spring,No Holiday,Yes
2018-03-05,85,7,3.8,87.0,2.2,2000.0,1.8,0.0,0.0,0.0,Spring,No Holiday,Yes
2018-03-05,184,8,3.6,88.0,2.3,2000.0,1.7,0.03,0.0,0.0,Spring,No Holiday,Yes
2018-03-05,211,9,3.7,85.0,1.8,2000.0,1.4,0.17,0.0,0.0,Spring,No Holiday,Yes
2018-03-05,232,10,4.4,80.0,1.8,2000.0,1.2,0.56,0.0,0.0,Spring,No Holiday,Yes
2018-03-05,322,11,6.1,66.0,1.9,2000.0,0.2,1.42,0.0,0.0,Spring,No Holiday,Yes
2018-03-05,438,12,7.6,58.0,2.4,2000.0,-0.1,1.85,0.0,0.0,Spring,No Holiday,Yes
2018-03-05,465,13,8.3,51.0,2.0,2000.0,-1.2,1.42,0.0,0.0,Spring,No Holiday,Yes
2018-03-05,550,14,10.0,44.0,1.9,2000.0,-1.7,2.46,0.0,0.0,Spring,No Holiday,Yes
2018-03-05,637,15,10.3,43.0,2.5,2000.0,-1.7,2.45,0.0,0.0,Spring,No Holiday,Yes
2018-03-05,718,16,11.0,39.0,1.2,2000.0,-2.4,1.96,0.0,0.0,Spring,No Holiday,Yes
2018-03-05,865,17,10.0,43.0,1.4,2000.0,-2.0,1.12,0.0,0.0,Spring,No Holiday,Yes
2018-03-05,1155,18,8.1,47.0,1.7,2000.0,-2.5,0.34,0.0,0.0,Spring,No Holiday,Yes
2018-03-05,782,19,5.8,53.0,1.7,2000.0,-3.0,0.02,0.0,0.0,Spring,No Holiday,Yes
2018-03-05,578,20,4.3,57.0,1.3,2000.0,-3.4,0.0,0.0,0.0,Spring,No Holiday,Yes
2018-03-05,533,21,3.1,59.0,1.5,2000.0,-4.1,0.0,0.0,0.0,Spring,No Holiday,Yes
2018-03-05,466,22,2.3,63.0,1.0,2000.0,-4.0,0.0,0.0,0.0,Spring,No Holiday,Yes
2018-03-05,274,23,1.9,60.0,1.3,2000.0,-5.0,0.0,0.0,0.0,Spring,No Holiday,Yes
2018-03-06,224,0,1.3,69.0,0.8,2000.0,-3.7,0.0,0.0,0.0,Spring,No Holiday,Yes
2018-03-06,188,1,0.8,67.0,0.8,2000.0,-4.6,0.0,0.0,0.0,Spring,No Holiday,Yes
2018-03-06,122,2,0.3,71.0,0.9,1999.0,-4.3,0.0,0.0,0.0,Spring,No Holiday,Yes
2018-03-06,82,3,0.1,71.0,0.4,2000.0,-4.5,0.0,0.0,0.0,Spring,No Holiday,Yes
2018-03-06,79,4,-0.5,75.0,0.6,1967.0,-4.3,0.0,0.0,0.0,Spring,No Holiday,Yes
2018-03-06,80,5,-0.9,78.0,0.6,1687.0,-4.2,0.0,0.0,0.0,Spring,No Holiday,Yes
2018-03-06,214,6,-1.0,77.0,0.4,1578.0,-4.5,0.0,0.0,0.0,Spring,No Holiday,Yes
2018-03-06,583,7,-1.0,78.0,0.6,1484.0,-4.3,0.0,0.0,0.0,Spring,No Holiday,Yes
2018-03-06,997,8,-0.7,76.0,1.0,1461.0,-4.4,0.2,0.0,0.0,Spring,No Holiday,Yes
2018-03-06,556,9,1.2,62.0,0.8,1338.0,-5.2,0.85,0.0,0.0,Spring,No Holiday,Yes
2018-03-06,380,10,3.7,51.0,1.3,1596.0,-5.5,1.56,0.0,0.0,Spring,No Holiday,Yes
2018-03-06,475,11,6.3,41.0,1.3,1519.0,-6.0,2.12,0.0,0.0,Spring,No Holiday,Yes
2018-03-06,504,12,8.5,34.0,1.9,1876.0,-6.4,2.55,0.0,0.0,Spring,No Holiday,Yes
2018-03-06,528,13,9.3,27.0,2.2,1816.0,-8.7,2.65,0.0,0.0,Spring,No Holiday,Yes
2018-03-06,567,14,9.2,27.0,2.9,1880.0,-8.8,2.32,0.0,0.0,Spring,No Holiday,Yes
2018-03-06,616,15,10.1,24.0,1.8,1839.0,-9.6,2.12,0.0,0.0,Spring,No Holiday,Yes
2018-03-06,680,16,10.6,26.0,1.9,1955.0,-8.1,1.75,0.0,0.0,Spring,No Holiday,Yes
2018-03-06,883,17,10.2,27.0,2.8,1826.0,-8.0,1.22,0.0,0.0,Spring,No Holiday,Yes
2018-03-06,1246,18,8.7,28.0,3.2,2000.0,-8.8,0.49,0.0,0.0,Spring,No Holiday,Yes
2018-03-06,833,19,7.1,30.0,2.7,2000.0,-9.3,0.02,0.0,0.0,Spring,No Holiday,Yes
2018-03-06,666,20,6.1,31.0,2.8,2000.0,-9.8,0.0,0.0,0.0,Spring,No Holiday,Yes
2018-03-06,625,21,5.5,33.0,3.2,1995.0,-9.5,0.0,0.0,0.0,Spring,No Holiday,Yes
2018-03-06,514,22,4.5,40.0,1.3,1871.0,-7.9,0.0,0.0,0.0,Spring,No Holiday,Yes
2018-03-06,361,23,3.5,44.0,0.9,1905.0,-7.6,0.0,0.0,0.0,Spring,No Holiday,Yes
2018-03-07,289,0,2.8,45.0,1.7,1493.0,-7.9,0.0,0.0,0.0,Spring,No Holiday,Yes
2018-03-07,194,1,2.8,46.0,2.0,1709.0,-7.6,0.0,0.0,0.0,Spring,No Holiday,Yes
2018-03-07,134,2,2.6,50.0,1.3,1962.0,-6.8,0.0,0.0,0.0,Spring,No Holiday,Yes
2018-03-07,92,3,2.7,55.0,1.5,1989.0,-5.4,0.0,0.0,0.0,Spring,No Holiday,Yes
2018-03-07,49,4,2.6,61.0,1.7,1998.0,-4.1,0.0,0.0,0.0,Spring,No Holiday,Yes
2018-03-07,97,5,2.5,63.0,1.3,1987.0,-3.8,0.0,0.0,0.0,Spring,No Holiday,Yes
2018-03-07,232,6,2.4,65.0,1.8,1989.0,-3.5,0.0,0.0,0.0,Spring,No Holiday,Yes
2018-03-07,598,7,2.2,65.0,1.9,2000.0,-3.7,0.0,0.0,0.0,Spring,No Holiday,Yes
2018-03-07,1032,8,2.6,63.0,1.6,1857.0,-3.7,0.14,0.0,0.0,Spring,No Holiday,Yes
2018-03-07,566,9,3.8,58.0,2.0,1785.0,-3.7,0.49,0.0,0.0,Spring,No Holiday,Yes
2018-03-07,410,10,5.2,52.0,1.5,1808.0,-3.8,0.74,0.0,0.0,Spring,No Holiday,Yes
2018-03-07,441,11,8.0,43.0,1.7,1909.0,-3.8,1.74,0.0,0.0,Spring,No Holiday,Yes
2018-03-07,550,12,9.6,39.0,1.8,1982.0,-3.7,2.09,0.0,0.0,Spring,No Holiday,Yes
2018-03-07,509,13,9.9,39.0,1.9,1911.0,-3.4,1.61,0.0,0.0,Spring,No Holiday,Yes
2018-03-07,505,14,9.8,38.0,0.9,1908.0,-3.8,0.93,0.0,0.0,Spring,No Holiday,Yes
2018-03-07,620,15,10.2,34.0,2.3,1919.0,-4.9,1.19,0.0,0.0,Spring,No Holiday,Yes
2018-03-07,646,16,10.4,36.0,3.2,1963.0,-4.0,1.02,0.0,0.0,Spring,No Holiday,Yes
2018-03-07,849,17,10.4,37.0,1.0,2000.0,-3.6,0.67,0.0,0.0,Spring,No Holiday,Yes
2018-03-07,1365,18,9.6,42.0,2.0,2000.0,-2.7,0.14,0.0,0.0,Spring,No Holiday,Yes
2018-03-07,799,19,8.9,44.0,2.3,2000.0,-2.7,0.0,0.0,0.0,Spring,No Holiday,Yes
2018-03-07,587,20,8.5,46.0,1.0,1977.0,-2.4,0.0,0.0,0.0,Spring,No Holiday,Yes
2018-03-07,411,21,7.9,56.0,1.4,1975.0,-0.3,0.0,0.0,0.0,Spring,No Holiday,Yes
2018-03-07,147,22,7.2,60.0,1.4,1928.0,0.0,0.0,0.0,0.0,Spring,No Holiday,Yes
2018-03-07,48,23,6.0,79.0,2.0,918.0,2.6,0.0,0.0,0.0,Spring,No Holiday,Yes
2018-03-08,49,0,5.2,83.0,1.5,733.0,2.5,0.0,0.5,0.0,Spring,No Holiday,Yes
2018-03-08,23,1,4.7,86.0,0.7,717.0,2.5,0.0,0.0,0.0,Spring,No Holiday,Yes
2018-03-08,19,2,4.2,88.0,0.9,553.0,2.3,0.0,0.0,0.0,Spring,No Holiday,Yes
2018-03-08,12,3,3.8,90.0,0.8,448.0,2.3,0.0,2.0,0.0,Spring,No Holiday,Yes
2018-03-08,8,4,3.3,90.0,1.3,682.0,1.8,0.0,0.0,0.0,Spring,No Holiday,Yes
2018-03-08,17,5,3.1,90.0,1.2,974.0,1.6,0.0,0.0,0.0,Spring,No Holiday,Yes
2018-03-08,32,6,3.1,89.0,0.2,903.0,1.4,0.0,1.5,0.0,Spring,No Holiday,Yes
2018-03-08,64,7,3.0,90.0,0.7,578.0,1.5,0.0,0.0,0.0,Spring,No Holiday,Yes
2018-03-08,88,8,3.0,94.0,0.3,444.0,2.1,0.01,0.0,0.0,Spring,No Holiday,Yes
2018-03-08,100,9,3.4,90.0,1.5,386.0,1.9,0.21,0.5,0.0,Spring,No Holiday,Yes
2018-03-08,165,10,3.6,88.0,2.6,681.0,1.7,0.44,0.0,0.0,Spring,No Holiday,Yes
2018-03-08,290,11,4.5,82.0,2.0,1226.0,1.6,0.73,0.0,0.0,Spring,No Holiday,Yes
2018-03-08,375,12,5.6,72.0,3.0,1700.0,0.9,0.89,0.0,0.0,Spring,No Holiday,Yes
2018-03-08,405,13,6.7,65.0,3.2,1651.0,0.5,1.76,0.0,0.0,Spring,No Holiday,Yes
2018-03-08,452,14,7.7,62.0,2.4,1758.0,0.8,1.64,0.0,0.0,Spring,No Holiday,Yes
2018-03-08,555,15,9.2,53.0,3.3,1896.0,0.1,2.23,0.0,0.0,Spring,No Holiday,Yes
2018-03-08,594,16,9.5,56.0,3.1,994.0,1.1,1.1,0.0,0.0,Spring,No Holiday,Yes
2018-03-08,757,17,7.5,64.0,4.3,538.0,1.1,0.88,0.0,0.0,Spring,No Holiday,Yes
2018-03-08,1091,18,5.9,68.0,3.4,543.0,0.4,0.38,0.0,0.0,Spring,No Holiday,Yes
2018-03-08,683,19,4.5,72.0,2.7,529.0,-0.1,0.03,0.0,0.0,Spring,No Holiday,Yes
2018-03-08,586,20,3.3,74.0,2.6,494.0,-0.8,0.0,0.0,0.0,Spring,No Holiday,Yes
2018-03-08,533,21,3.1,74.0,3.2,465.0,-1.0,0.0,0.0,0.0,Spring,No Holiday,Yes
2018-03-08,498,22,2.8,74.0,2.1,469.0,-1.3,0.0,0.0,0.0,Spring,No Holiday,Yes
2018-03-08,315,23,2.8,73.0,1.8,468.0,-1.5,0.0,0.0,0.0,Spring,No Holiday,Yes
2018-03-09,272,0,3.0,72.0,2.3,473.0,-1.5,0.0,0.0,0.0,Spring,No Holiday,Yes
2018-03-09,228,1,2.8,73.0,2.6,413.0,-1.5,0.0,0.0,0.0,Spring,No Holiday,Yes
2018-03-09,155,2,2.8,74.0,1.2,415.0,-1.3,0.0,0.0,0.0,Spring,No Holiday,Yes
2018-03-09,105,3,2.7,75.0,0.7,417.0,-1.2,0.0,0.0,0.0,Spring,No Holiday,Yes
2018-03-09,66,4,2.5,76.0,1.0,403.0,-1.3,0.0,0.0,0.0,Spring,No Holiday,Yes
2018-03-09,88,5,2.5,76.0,0.7,544.0,-1.3,0.0,0.0,0.0,Spring,No Holiday,Yes
2018-03-09,195,6,2.5,71.0,1.1,1055.0,-2.2,0.0,0.0,0.0,Spring,No Holiday,Yes
2018-03-09,574,7,1.6,76.0,0.7,1024.0,-2.1,0.0,0.0,0.0,Spring,No Holiday,Yes
2018-03-09,1041,8,1.8,67.0,0.7,1917.0,-3.6,0.19,0.0,0.0,Spring,No Holiday,Yes
2018-03-09,570,9,3.5,60.0,1.3,1969.0,-3.5,0.71,0.0,0.0,Spring,No Holiday,Yes
2018-03-09,361,10,4.8,54.0,1.3,1921.0,-3.7,0.78,0.0,0.0,Spring,No Holiday,Yes
2018-03-09,444,11,5.9,51.0,0.7,1866.0,-3.4,0.91,0.0,0.0,Spring,No Holiday,Yes
2018-03-09,510,12,6.8,51.0,1.0,1617.0,-2.6,1.13,0.0,0.0,Spring,No Holiday,Yes
2018-03-09,509,13,7.5,44.0,2.0,1526.0,-3.9,1.24,0.0,0.0,Spring,No Holiday,Yes
2018-03-09,542,14,8.0,42.0,1.5,1690.0,-4.1,1.24,0.0,0.0,Spring,No Holiday,Yes
2018-03-09,611,15,7.7,51.0,2.9,670.0,-1.8,0.94,0.0,0.0,Spring,No Holiday,Yes
2018-03-09,686,16,9.6,38.0,1.7,1052.0,-4.0,1.71,0.0,0.0,Spring,No Holiday,Yes
2018-03-09,834,17,8.9,46.0,1.8,789.0,-2.1,1.0,0.0,0.0,Spring,No Holiday,Yes
2018-03-09,1231,18,7.0,55.0,2.0,705.0,-1.4,0.35,0.0,0.0,Spring,No Holiday,Yes
2018-03-09,718,19,5.4,60.0,3.9,990.0,-1.7,0.02,0.0,0.0,Spring,No Holiday,Yes
2018-03-09,535,20,4.3,67.0,1.1,1125.0,-1.2,0.0,0.0,0.0,Spring,No Holiday,Yes
2018-03-09,537,21,3.5,69.0,1.4,1177.0,-1.6,0.0,0.0,0.0,Spring,No Holiday,Yes
2018-03-09,521,22,2.9,69.0,1.2,1179.0,-2.2,0.0,0.0,0.0,Spring,No Holiday,Yes
2018-03-09,309,23,2.5,72.0,1.5,1071.0,-2.0,0.0,0.0,0.0,Spring,No Holiday,Yes
2018-03-10,328,0,2.1,74.0,1.4,970.0,-2.0,0.0,0.0,0.0,Spring,No Holiday,Yes
2018-03-10,305,1,2.0,75.0,1.0,658.0,-1.9,0.0,0.0,0.0,Spring,No Holiday,Yes
2018-03-10,241,2,1.6,79.0,0.9,685.0,-1.6,0.0,0.0,0.0,Spring,No Holiday,Yes
2018-03-10,139,3,1.3,80.0,0.6,705.0,-1.7,0.0,0.0,0.0,Spring,No Holiday,Yes
2018-03-10,91,4,0.9,81.0,0.6,620.0,-1.9,0.0,0.0,0.0,Spring,No Holiday,Yes
2018-03-10,79,5,0.8,80.0,0.3,565.0,-2.2,0.0,0.0,0.0,Spring,No Holiday,Yes
2018-03-10,74,6,1.1,78.0,1.1,538.0,-2.3,0.0,0.0,0.0,Spring,No Holiday,Yes
2018-03-10,208,7,0.9,78.0,1.1,535.0,-2.5,0.0,0.0,0.0,Spring,No Holiday,Yes
2018-03-10,340,8,1.5,73.0,1.2,466.0,-2.8,0.11,0.0,0.0,Spring,No Holiday,Yes
2018-03-10,381,9,2.7,71.0,1.3,418.0,-2.0,0.3,0.0,0.0,Spring,No Holiday,Yes
2018-03-10,416,10,3.5,65.0,2.4,539.0,-2.4,0.87,0.0,0.0,Spring,No Holiday,Yes
2018-03-10,497,11,5.7,58.0,2.3,700.0,-1.9,2.08,0.0,0.0,Spring,No Holiday,Yes
2018-03-10,650,12,7.1,50.0,2.2,909.0,-2.6,2.47,0.0,0.0,Spring,No Holiday,Yes
2018-03-10,757,13,8.2,42.0,3.1,1261.0,-3.9,2.66,0.0,0.0,Spring,No Holiday,Yes
2018-03-10,906,14,9.2,38.0,2.6,1377.0,-4.4,2.53,0.0,0.0,Spring,No Holiday,Yes
2018-03-10,931,15,8.1,36.0,4.7,1964.0,-6.1,2.23,0.0,0.0,Spring,No Holiday,Yes
2018-03-10,972,16,8.3,37.0,3.8,1867.0,-5.5,1.73,0.0,0.0,Spring,No Holiday,Yes
2018-03-10,829,17,7.7,46.0,2.8,1635.0,-3.2,1.05,0.0,0.0,Spring,No Holiday,Yes
2018-03-10,664,18,6.2,61.0,3.2,1411.0,-0.7,0.4,0.0,0.0,Spring,No Holiday,Yes
2018-03-10,573,19,5.3,67.0,2.6,1314.0,-0.3,0.02,0.0,0.0,Spring,No Holiday,Yes
2018-03-10,447,20,5.2,69.0,1.8,1196.0,0.0,0.0,0.0,0.0,Spring,No Holiday,Yes
2018-03-10,470,21,5.0,73.0,2.2,1173.0,0.5,0.0,0.0,0.0,Spring,No Holiday,Yes
2018-03-10,421,22,5.0,75.0,2.2,1084.0,0.9,0.0,0.0,0.0,Spring,No Holiday,Yes
2018-03-10,345,23,5.1,75.0,1.4,950.0,1.0,0.0,0.0,0.0,Spring,No Holiday,Yes
2018-03-11,376,0,5.1,77.0,1.9,718.0,1.3,0.0,0.0,0.0,Spring,No Holiday,Yes
2018-03-11,222,1,4.8,80.0,1.3,583.0,1.6,0.0,0.0,0.0,Spring,No Holiday,Yes
2018-03-11,171,2,4.7,78.0,1.5,466.0,1.1,0.0,0.0,0.0,Spring,No Holiday,Yes
2018-03-11,115,3,4.4,80.0,1.6,393.0,1.2,0.0,0.0,0.0,Spring,No Holiday,Yes
2018-03-11,80,4,4.2,81.0,1.3,333.0,1.2,0.0,0.0,0.0,Spring,No Holiday,Yes
2018-03-11,45,5,3.9,85.0,1.6,264.0,1.6,0.0,0.0,0.0,Spring,No Holiday,Yes
2018-03-11,63,6,3.4,85.0,1.5,234.0,1.1,0.0,0.0,0.0,Spring,No Holiday,Yes
2018-03-11,119,7,2.9,84.0,1.9,241.0,0.4,0.0,0.0,0.0,Spring,No Holiday,Yes
2018-03-11,212,8,2.8,82.0,1.2,240.0,0.0,0.19,0.0,0.0,Spring,No Holiday,Yes
2018-03-11,289,9,3.9,77.0,2.0,263.0,0.2,0.65,0.0,0.0,Spring,No Holiday,Yes
2018-03-11,394,10,5.9,69.0,2.6,330.0,0.6,1.43,0.0,0.0,Spring,No Holiday,Yes
2018-03-11,425,11,7.6,54.0,1.6,430.0,-1.1,2.06,0.0,0.0,Spring,No Holiday,Yes
2018-03-11,666,12,9.2,40.0,2.6,592.0,-3.7,2.47,0.0,0.0,Spring,No Holiday,Yes
2018-03-11,843,13,10.3,31.0,2.1,885.0,-6.1,2.67,0.0,0.0,Spring,No Holiday,Yes
2018-03-11,1154,14,11.6,20.0,2.7,1647.0,-10.6,2.69,0.0,0.0,Spring,No Holiday,Yes
2018-03-11,1294,15,11.9,26.0,2.8,1338.0,-7.0,2.34,0.0,0.0,Spring,No Holiday,Yes
2018-03-11,1205,16,11.9,25.0,2.7,1424.0,-7.5,1.83,0.0,0.0,Spring,No Holiday,Yes
2018-03-11,1028,17,11.1,25.0,2.0,1765.0,-8.2,1.19,0.0,0.0,Spring,No Holiday,Yes
2018-03-11,776,18,9.4,22.0,2.9,1995.0,-11.2,0.55,0.0,0.0,Spring,No Holiday,Yes
2018-03-11,596,19,7.8,28.0,1.9,1982.0,-9.6,0.04,0.0,0.0,Spring,No Holiday,Yes
2018-03-11,530,20,6.7,32.0,1.9,1722.0,-8.8,0.0,0.0,0.0,Spring,No Holiday,Yes
2018-03-11,533,21,5.7,34.0,1.0,1520.0,-8.9,0.0,0.0,0.0,Spring,No Holiday,Yes
2018-03-11,419,22,5.3,31.0,2.3,1842.0,-10.5,0.0,0.0,0.0,Spring,No Holiday,Yes
2018-03-11,288,23,4.2,34.0,1.7,1476.0,-10.3,0.0,0.0,0.0,Spring,No Holiday,Yes
2018-03-12,222,0,3.5,46.0,1.1,1040.0,-7.0,0.0,0.0,0.0,Spring,No Holiday,Yes
2018-03-12,163,1,2.9,51.0,0.8,1119.0,-6.2,0.0,0.0,0.0,Spring,No Holiday,Yes
2018-03-12,95,2,2.7,46.0,0.4,1363.0,-7.7,0.0,0.0,0.0,Spring,No Holiday,Yes
2018-03-12,60,3,2.3,48.0,0.8,1448.0,-7.6,0.0,0.0,0.0,Spring,No Holiday,Yes
2018-03-12,47,4,2.8,52.0,0.6,1249.0,-6.1,0.0,0.0,0.0,Spring,No Holiday,Yes
2018-03-12,106,5,3.3,53.0,0.4,1208.0,-5.3,0.0,0.0,0.0,Spring,No Holiday,Yes
2018-03-12,261,6,2.8,57.0,0.7,920.0,-4.8,0.0,0.0,0.0,Spring,No Holiday,Yes
2018-03-12,662,7,3.0,53.0,0.5,1094.0,-5.6,0.0,0.0,0.0,Spring,No Holiday,Yes
2018-03-12,1066,8,3.8,47.0,0.8,1229.0,-6.5,0.06,0.0,0.0,Spring,No Holiday,Yes
2018-03-12,604,9,4.8,43.0,1.0,1200.0,-6.7,0.18,0.0,0.0,Spring,No Holiday,Yes
2018-03-12,406,10,6.6,40.0,1.0,1061.0,-6.0,0.65,0.0,0.0,Spring,No Holiday,Yes
2018-03-12,463,11,9.2,33.0,1.1,892.0,-6.2,1.54,0.0,0.0,Spring,No Holiday,Yes
2018-03-12,581,12,11.7,32.0,1.6,690.0,-4.4,1.99,0.0,0.0,Spring,No Holiday,Yes
2018-03-12,588,13,13.6,34.0,1.8,458.0,-1.9,2.23,0.0,0.0,Spring,No Holiday,Yes
2018-03-12,603,14,14.9,34.0,2.8,403.0,-0.8,2.22,0.0,0.0,Spring,No Holiday,Yes
2018-03-12,694,15,15.3,32.0,2.9,458.0,-1.3,2.02,0.0,0.0,Spring,No Holiday,Yes
2018-03-12,752,16,14.5,34.0,3.1,471.0,-1.2,1.59,0.0,0.0,Spring,No Holiday,Yes
2018-03-12,931,17,13.7,38.0,2.6,436.0,-0.3,1.0,0.0,0.0,Spring,No Holiday,Yes
2018-03-12,1425,18,12.2,43.0,2.8,463.0,0.0,0.41,0.0,0.0,Spring,No Holiday,Yes
2018-03-12,946,19,10.6,47.0,2.0,425.0,-0.2,0.03,0.0,0.0,Spring,No Holiday,Yes
2018-03-12,801,20,9.4,50.0,2.1,391.0,-0.5,0.0,0.0,0.0,Spring,No Holiday,Yes
2018-03-12,771,21,8.7,49.0,1.7,464.0,-1.4,0.0,0.0,0.0,Spring,No Holiday,Yes
2018-03-12,695,22,7.8,49.0,0.1,528.0,-2.2,0.0,0.0,0.0,Spring,No Holiday,Yes
2018-03-12,397,23,6.8,56.0,0.9,497.0,-1.3,0.0,0.0,0.0,Spring,No Holiday,Yes
2018-03-13,309,0,6.4,62.0,0.7,506.0,-0.3,0.0,0.0,0.0,Spring,No Holiday,Yes
2018-03-13,231,1,5.9,65.0,1.0,596.0,-0.1,0.0,0.0,0.0,Spring,No Holiday,Yes
2018-03-13,161,2,5.4,66.0,0.6,623.0,-0.4,0.0,0.0,0.0,Spring,No Holiday,Yes
2018-03-13,103,3,5.5,62.0,0.6,722.0,-1.2,0.0,0.0,0.0,Spring,No Holiday,Yes
2018-03-13,88,4,6.2,59.0,0.8,493.0,-1.2,0.0,0.0,0.0,Spring,No Holiday,Yes
2018-03-13,97,5,6.8,56.0,0.9,570.0,-1.3,0.0,0.0,0.0,Spring,No Holiday,Yes
2018-03-13,252,6,7.0,58.0,0.7,537.0,-0.7,0.0,0.0,0.0,Spring,No Holiday,Yes
2018-03-13,668,7,7.2,56.0,0.5,545.0,-1.0,0.0,0.0,0.0,Spring,No Holiday,Yes
2018-03-13,1215,8,8.0,48.0,0.4,711.0,-2.3,0.12,0.0,0.0,Spring,No Holiday,Yes
2018-03-13,616,9,9.4,44.0,0.3,743.0,-2.2,0.33,0.0,0.0,Spring,No Holiday,Yes
2018-03-13,428,10,10.9,40.0,0.5,714.0,-2.1,0.55,0.0,0.0,Spring,No Holiday,Yes
2018-03-13,571,11,12.6,49.0,1.4,988.0,2.1,0.84,0.0,0.0,Spring,No Holiday,Yes
2018-03-13,626,12,15.5,47.0,3.3,1303.0,4.2,2.44,0.0,0.0,Spring,No Holiday,Yes
2018-03-13,678,13,17.1,42.0,3.2,1305.0,4.0,2.6,0.0,0.0,Spring,No Holiday,Yes
2018-03-13,705,14,18.3,43.0,2.2,1509.0,5.4,2.43,0.0,0.0,Spring,No Holiday,Yes
2018-03-13,815,15,18.6,47.0,3.3,1560.0,7.0,2.08,0.0,0.0,Spring,No Holiday,Yes
2018-03-13,890,16,17.6,53.0,3.7,1735.0,7.8,1.4,0.0,0.0,Spring,No Holiday,Yes
2018-03-13,1085,17,16.9,62.0,3.1,1562.0,9.5,0.95,0.0,0.0,Spring,No Holiday,Yes
2018-03-13,1749,18,15.7,68.0,3.3,1473.0,9.8,0.39,0.0,0.0,Spring,No Holiday,Yes
2018-03-13,1224,19,14.1,77.0,2.0,1240.0,10.1,0.04,0.0,0.0,Spring,No Holiday,Yes
2018-03-13,986,20,13.9,77.0,1.5,1010.0,9.9,0.0,0.0,0.0,Spring,No Holiday,Yes
2018-03-13,982,21,13.7,79.0,2.0,1035.0,10.1,0.0,0.0,0.0,Spring,No Holiday,Yes
2018-03-13,912,22,13.5,81.0,2.8,933.0,10.2,0.0,0.0,0.0,Spring,No Holiday,Yes
2018-03-13,572,23,13.4,81.0,2.6,958.0,10.1,0.0,0.0,0.0,Spring,No Holiday,Yes
2018-03-14,412,0,13.6,79.0,2.2,862.0,10.0,0.0,0.0,0.0,Spring,No Holiday,Yes
2018-03-14,309,1,13.7,73.0,2.2,1182.0,8.9,0.0,0.0,0.0,Spring,No Holiday,Yes
2018-03-14,226,2,13.8,70.0,1.3,1363.0,8.4,0.0,0.0,0.0,Spring,No Holiday,Yes
2018-03-14,142,3,14.0,67.0,2.3,1733.0,7.9,0.0,0.0,0.0,Spring,No Holiday,Yes
2018-03-14,82,4,14.0,70.0,1.5,1648.0,8.6,0.0,0.0,0.0,Spring,No Holiday,Yes
2018-03-14,123,5,14.1,69.0,1.3,1923.0,8.4,0.0,0.0,0.0,Spring,No Holiday,Yes
2018-03-14,290,6,14.1,69.0,1.6,1882.0,8.4,0.0,0.0,0.0,Spring,No Holiday,Yes
2018-03-14,786,7,14.1,69.0,1.1,1692.0,8.4,0.0,0.0,0.0,Spring,No Holiday,Yes
2018-03-14,1371,8,14.2,67.0,0.9,1812.0,8.1,0.06,0.0,0.0,Spring,No Holiday,Yes
2018-03-14,761,9,14.6,62.0,1.2,1768.0,7.3,0.19,0.0,0.0,Spring,No Holiday,Yes
2018-03-14,552,10,15.7,58.0,1.3,1980.0,7.4,0.69,0.0,0.0,Spring,No Holiday,Yes
2018-03-14,643,11,17.5,55.0,2.1,1892.0,8.3,1.35,0.0,0.0,Spring,No Holiday,Yes
2018-03-14,813,12,19.9,44.0,2.7,1874.0,7.2,2.22,0.0,0.0,Spring,No Holiday,Yes
2018-03-14,789,13,20.9,44.0,4.7,1795.0,8.1,2.66,0.0,0.0,Spring,No Holiday,Yes
2018-03-14,878,14,21.1,42.0,4.3,2000.0,7.6,2.49,0.0,0.0,Spring,No Holiday,Yes
2018-03-14,1025,15,21.7,39.0,3.3,1979.0,7.1,2.09,0.0,0.0,Spring,No Holiday,Yes
2018-03-14,1049,16,21.7,41.0,3.2,2000.0,7.8,1.91,0.0,0.0,Spring,No Holiday,Yes
2018-03-14,1325,17,20.5,49.0,3.5,2000.0,9.4,1.18,0.0,0.0,Spring,No Holiday,Yes
2018-03-14,2100,18,19.2,53.0,2.4,2000.0,9.3,0.58,0.0,0.0,Spring,No Holiday,Yes
2018-03-14,1478,19,17.9,54.0,2.9,2000.0,8.4,0.04,0.0,0.0,Spring,No Holiday,Yes
2018-03-14,1275,20,17.2,60.0,2.5,1993.0,9.3,0.0,0.0,0.0,Spring,No Holiday,Yes
2018-03-14,1181,21,16.8,67.0,2.0,1775.0,10.6,0.0,0.0,0.0,Spring,No Holiday,Yes
2018-03-14,983,22,16.2,71.0,2.0,1780.0,10.9,0.0,0.0,0.0,Spring,No Holiday,Yes
2018-03-14,587,23,16.1,69.0,1.8,1666.0,10.4,0.0,0.0,0.0,Spring,No Holiday,Yes
2018-03-15,466,0,16.0,69.0,2.4,1863.0,10.3,0.0,0.0,0.0,Spring,No Holiday,Yes
2018-03-15,355,1,16.3,68.0,2.1,1859.0,10.3,0.0,0.0,0.0,Spring,No Holiday,Yes
2018-03-15,203,2,16.5,68.0,1.3,1724.0,10.5,0.0,0.0,0.0,Spring,No Holiday,Yes
2018-03-15,51,3,16.5,69.0,2.4,1659.0,10.7,0.0,0.0,0.0,Spring,No Holiday,Yes
2018-03-15,9,4,15.1,86.0,2.1,877.0,12.7,0.0,0.0,0.0,Spring,No Holiday,Yes
2018-03-15,8,5,14.5,94.0,2.0,487.0,13.5,0.0,0.0,0.0,Spring,No Holiday,Yes
2018-03-15,10,6,14.4,96.0,0.7,453.0,13.7,0.0,8.0,0.0,Spring,No Holiday,Yes
2018-03-15,15,7,14.3,97.0,0.3,189.0,13.8,0.0,0.0,0.0,Spring,No Holiday,Yes
2018-03-15,39,8,14.1,97.0,1.1,342.0,13.6,0.0,0.0,0.0,Spring,No Holiday,Yes
2018-03-15,32,9,14.1,98.0,1.1,253.0,13.7,0.06,17.0,0.0,Spring,No Holiday,Yes
2018-03-15,27,10,14.2,98.0,1.2,299.0,13.8,0.14,0.0,0.0,Spring,No Holiday,Yes
2018-03-15,65,11,13.9,98.0,1.4,296.0,13.5,0.13,0.0,0.0,Spring,No Holiday,Yes
2018-03-15,204,12,13.3,97.0,2.9,771.0,12.8,0.19,2.0,0.0,Spring,No Holiday,Yes
2018-03-15,269,13,12.7,97.0,2.6,467.0,12.2,0.23,0.0,0.0,Spring,No Holiday,Yes
2018-03-15,289,14,12.1,97.0,2.0,177.0,11.6,0.2,0.0,0.0,Spring,No Holiday,Yes
2018-03-15,329,15,11.6,97.0,3.4,117.0,11.1,0.26,0.0,0.0,Spring,No Holiday,Yes
2018-03-15,214,16,10.7,98.0,1.2,196.0,10.3,0.14,0.0,0.0,Spring,No Holiday,Yes
2018-03-15,411,17,10.9,98.0,1.3,222.0,10.5,0.09,0.0,0.0,Spring,No Holiday,Yes
2018-03-15,676,18,10.4,98.0,2.5,116.0,10.0,0.03,0.0,0.0,Spring,No Holiday,Yes
2018-03-15,606,19,10.4,98.0,2.0,391.0,10.0,0.0,0.0,0.0,Spring,No Holiday,Yes
2018-03-15,533,20,10.5,97.0,1.8,372.0,10.0,0.0,0.0,0.0,Spring,No Holiday,Yes
2018-03-15,567,21,10.4,96.0,2.7,499.0,9.7,0.0,0.0,0.0,Spring,No Holiday,Yes
2018-03-15,506,22,9.8,90.0,3.7,493.0,8.2,0.0,0.0,0.0,Spring,No Holiday,Yes
2018-03-15,343,23,9.3,90.0,4.1,609.0,7.7,0.0,0.0,0.0,Spring,No Holiday,Yes
2018-03-16,287,0,8.4,86.0,2.2,2000.0,6.1,0.0,0.0,0.0,Spring,No Holiday,Yes
2018-03-16,278,1,7.2,83.0,2.1,2000.0,4.4,0.0,0.0,0.0,Spring,No Holiday,Yes
2018-03-16,178,2,6.7,72.0,2.1,2000.0,1.9,0.0,0.0,0.0,Spring,No Holiday,Yes
2018-03-16,102,3,6.1,67.0,2.6,2000.0,0.4,0.0,0.0,0.0,Spring,No Holiday,Yes
2018-03-16,85,4,5.7,62.0,2.4,2000.0,-1.0,0.0,0.0,0.0,Spring,No Holiday,Yes
2018-03-16,85,5,5.2,60.0,2.0,2000.0,-1.9,0.0,0.0,0.0,Spring,No Holiday,Yes
2018-03-16,222,6,4.4,61.0,1.7,2000.0,-2.4,0.0,0.0,0.0,Spring,No Holiday,Yes
2018-03-16,652,7,3.7,59.0,2.9,2000.0,-3.5,0.0,0.0,0.0,Spring,No Holiday,Yes
2018-03-16,1176,8,3.8,56.0,2.4,2000.0,-4.1,0.32,0.0,0.0,Spring,No Holiday,Yes
2018-03-16,683,9,5.2,51.0,1.7,2000.0,-4.1,1.08,0.0,0.0,Spring,No Holiday,Yes
2018-03-16,507,10,6.7,46.0,2.2,1936.0,-4.1,1.79,0.0,0.0,Spring,No Holiday,Yes
2018-03-16,557,11,8.2,45.0,2.4,1992.0,-3.0,2.38,0.0,0.0,Spring,No Holiday,Yes
2018-03-16,705,12,9.4,40.0,2.6,1913.0,-3.5,2.78,0.0,0.0,Spring,No Holiday,Yes
2018-03-16,715,13,10.4,38.0,2.4,1959.0,-3.3,2.99,0.0,0.0,Spring,No Holiday,Yes
2018-03-16,772,14,11.0,36.0,1.8,1973.0,-3.5,2.91,0.0,0.0,Spring,No Holiday,Yes
2018-03-16,923,15,11.9,32.0,1.9,1976.0,-4.3,2.62,0.0,0.0,Spring,No Holiday,Yes
2018-03-16,976,16,11.6,31.0,1.4,1999.0,-4.9,2.11,0.0,0.0,Spring,No Holiday,Yes
2018-03-16,1160,17,11.2,30.0,1.5,2000.0,-5.7,1.44,0.0,0.0,Spring,No Holiday,Yes
2018-03-16,1641,18,10.0,33.0,1.2,2000.0,-5.5,0.68,0.0,0.0,Spring,No Holiday,Yes
2018-03-16,974,19,8.1,36.0,1.2,2000.0,-6.1,0.06,0.0,0.0,Spring,No Holiday,Yes
2018-03-16,774,20,6.7,41.0,1.0,2000.0,-5.6,0.0,0.0,0.0,Spring,No Holiday,Yes
2018-03-16,710,21,5.8,43.0,1.8,2000.0,-5.8,0.0,0.0,0.0,Spring,No Holiday,Yes
2018-03-16,660,22,4.9,46.0,0.8,2000.0,-5.7,0.0,0.0,0.0,Spring,No Holiday,Yes
2018-03-16,455,23,4.2,47.0,1.3,2000.0,-6.1,0.0,0.0,0.0,Spring,No Holiday,Yes
2018-03-17,414,0,3.7,48.0,1.6,2000.0,-6.3,0.0,0.0,0.0,Spring,No Holiday,Yes
2018-03-17,366,1,3.0,52.0,0.7,2000.0,-5.9,0.0,0.0,0.0,Spring,No Holiday,Yes
2018-03-17,268,2,2.3,56.0,0.6,2000.0,-5.5,0.0,0.0,0.0,Spring,No Holiday,Yes
2018-03-17,157,3,1.8,59.0,0.7,2000.0,-5.3,0.0,0.0,0.0,Spring,No Holiday,Yes
2018-03-17,103,4,1.3,61.0,0.7,2000.0,-5.4,0.0,0.0,0.0,Spring,No Holiday,Yes
2018-03-17,60,5,1.0,62.0,0.9,2000.0,-5.4,0.0,0.0,0.0,Spring,No Holiday,Yes
2018-03-17,109,6,0.8,63.0,1.0,2000.0,-5.4,0.0,0.0,0.0,Spring,No Holiday,Yes
2018-03-17,193,7,0.5,64.0,0.8,2000.0,-5.5,0.01,0.0,0.0,Spring,No Holiday,Yes
2018-03-17,384,8,1.3,57.0,1.0,1974.0,-6.2,0.32,0.0,0.0,Spring,No Holiday,Yes
2018-03-17,520,9,3.4,49.0,1.6,1950.0,-6.3,1.03,0.0,0.0,Spring,No Holiday,Yes
2018-03-17,561,10,6.0,43.0,1.0,1829.0,-5.6,1.69,0.0,0.0,Spring,No Holiday,Yes
2018-03-17,742,11,8.0,39.0,1.2,1783.0,-5.1,2.26,0.0,0.0,Spring,No Holiday,Yes
2018-03-17,933,12,10.0,38.0,1.5,1677.0,-3.6,2.51,0.0,0.0,Spring,No Holiday,Yes
2018-03-17,1111,13,10.9,32.0,1.2,1772.0,-5.1,2.22,0.0,0.0,Spring,No Holiday,Yes
2018-03-17,1294,14,12.1,29.0,2.3,1734.0,-5.4,2.26,0.0,0.0,Spring,No Holiday,Yes
2018-03-17,1514,15,13.2,23.0,2.8,1696.0,-7.5,2.52,0.0,0.0,Spring,No Holiday,Yes
2018-03-17,1440,16,13.7,28.0,2.1,1499.0,-4.5,1.88,0.0,0.0,Spring,No Holiday,Yes
2018-03-17,1272,17,12.1,34.0,2.5,1240.0,-3.3,0.81,0.0,0.0,Spring,No Holiday,Yes
2018-03-17,934,18,10.6,42.0,2.8,1307.0,-1.8,0.31,0.0,0.0,Spring,No Holiday,Yes
2018-03-17,718,19,8.8,49.0,3.2,1207.0,-1.3,0.05,0.0,0.0,Spring,No Holiday,Yes
2018-03-17,688,20,7.9,54.0,2.3,1005.0,-0.8,0.0,0.0,0.0,Spring,No Holiday,Yes
2018-03-17,624,21,7.4,54.0,2.0,1142.0,-1.3,0.0,0.0,0.0,Spring,No Holiday,Yes
2018-03-17,562,22,7.0,55.0,2.7,1041.0,-1.4,0.0,0.0,0.0,Spring,No Holiday,Yes
2018-03-17,422,23,6.4,59.0,1.1,961.0,-1.0,0.0,0.0,0.0,Spring,No Holiday,Yes
2018-03-18,407,0,5.9,56.0,1.1,1019.0,-2.2,0.0,0.0,0.0,Spring,No Holiday,Yes
2018-03-18,309,1,5.7,55.0,1.4,1043.0,-2.6,0.0,0.0,0.0,Spring,No Holiday,Yes
2018-03-18,226,2,5.5,56.0,1.2,1067.0,-2.5,0.0,0.0,0.0,Spring,No Holiday,Yes
2018-03-18,174,3,5.5,57.0,1.1,1079.0,-2.3,0.0,0.0,0.0,Spring,No Holiday,Yes
2018-03-18,106,4,5.6,55.0,0.4,1115.0,-2.7,0.0,0.0,0.0,Spring,No Holiday,Yes
2018-03-18,67,5,5.6,55.0,1.2,1008.0,-2.7,0.0,0.0,0.0,Spring,No Holiday,Yes
2018-03-18,73,6,5.7,54.0,1.7,1208.0,-2.9,0.0,0.0,0.0,Spring,No Holiday,Yes
2018-03-18,152,7,5.5,58.0,1.0,937.0,-2.1,0.0,0.0,0.0,Spring,No Holiday,Yes
2018-03-18,293,8,5.9,58.0,1.8,861.0,-1.7,0.11,0.0,0.0,Spring,No Holiday,Yes
2018-03-18,398,9,6.3,53.0,0.5,849.0,-2.5,0.34,0.0,0.0,Spring,No Holiday,Yes
2018-03-18,460,10,7.2,53.0,1.6,709.0,-1.7,0.45,0.0,0.0,Spring,No Holiday,Yes
2018-03-18,587,11,8.5,49.0,0.7,718.0,-1.6,0.76,0.0,0.0,Spring,No Holiday,Yes
2018-03-18,751,12,9.8,46.0,1.2,710.0,-1.2,1.13,0.0,0.0,Spring,No Holiday,Yes
2018-03-18,881,13,10.6,43.0,1.3,705.0,-1.4,1.07,0.0,0.0,Spring,No Holiday,Yes
2018-03-18,993,14,11.0,41.0,1.1,763.0,-1.7,0.81,0.0,0.0,Spring,No Holiday,Yes
2018-03-18,1128,15,12.0,37.0,0.8,879.0,-2.2,1.09,0.0,0.0,Spring,No Holiday,Yes
2018-03-18,1059,16,12.3,30.0,1.6,1263.0,-4.8,0.94,0.0,0.0,Spring,No Holiday,Yes
2018-03-18,603,17,11.1,42.0,2.2,765.0,-1.3,0.34,0.0,0.0,Spring,No Holiday,Yes
2018-03-18,365,18,10.4,47.0,0.4,824.0,-0.4,0.14,0.0,0.0,Spring,No Holiday,Yes
2018-03-18,237,19,10.0,53.0,1.7,796.0,0.8,0.01,0.0,0.0,Spring,No Holiday,Yes
2018-03-18,146,20,9.2,66.0,1.1,513.0,3.1,0.0,0.0,0.0,Spring,No Holiday,Yes
2018-03-18,71,21,8.8,72.0,0.9,501.0,4.0,0.0,0.0,0.0,Spring,No Holiday,Yes
2018-03-18,70,22,8.1,76.0,0.8,492.0,4.1,0.0,0.0,0.0,Spring,No Holiday,Yes
2018-03-18,53,23,7.4,80.0,1.3,471.0,4.1,0.0,0.0,0.0,Spring,No Holiday,Yes
2018-03-19,67,0,7.0,81.0,1.1,421.0,3.9,0.0,0.5,0.0,Spring,No Holiday,Yes
2018-03-19,38,1,6.7,84.0,0.8,320.0,4.1,0.0,0.0,0.0,Spring,No Holiday,Yes
2018-03-19,28,2,6.6,86.0,0.6,416.0,4.4,0.0,0.0,0.0,Spring,No Holiday,Yes
2018-03-19,12,3,6.5,88.0,0.9,276.0,4.6,0.0,0.3,0.0,Spring,No Holiday,Yes
2018-03-19,9,4,6.3,90.0,1.0,240.0,4.7,0.0,0.0,0.0,Spring,No Holiday,Yes
2018-03-19,27,5,6.2,89.0,1.5,338.0,4.5,0.0,0.0,0.0,Spring,No Holiday,Yes
2018-03-19,91,6,6.5,88.0,1.2,417.0,4.6,0.0,0.2,0.0,Spring,No Holiday,Yes
2018-03-19,370,7,6.5,88.0,1.4,515.0,4.6,0.0,0.0,0.0,Spring,No Holiday,Yes
2018-03-19,592,8,7.3,84.0,2.2,813.0,4.7,0.05,0.0,0.0,Spring,No Holiday,Yes
2018-03-19,387,9,8.2,81.0,2.7,1273.0,5.1,0.2,0.5,0.0,Spring,No Holiday,Yes
2018-03-19,292,10,9.1,77.0,2.7,1587.0,5.2,0.27,0.0,0.0,Spring,No Holiday,Yes
2018-03-19,393,11,10.2,65.0,3.3,2000.0,3.9,0.57,0.0,0.0,Spring,No Holiday,Yes
2018-03-19,403,12,10.2,58.0,3.5,2000.0,2.2,0.32,0.0,0.0,Spring,No Holiday,Yes
2018-03-19,387,13,10.1,61.0,3.7,1504.0,2.9,0.38,0.0,0.0,Spring,No Holiday,Yes
2018-03-19,326,14,10.1,59.0,3.3,2000.0,2.4,0.57,0.0,0.0,Spring,No Holiday,Yes
2018-03-19,263,15,9.8,57.0,3.0,2000.0,1.6,0.43,0.0,0.0,Spring,No Holiday,Yes
2018-03-19,271,16,8.9,63.0,3.0,1614.0,2.2,0.28,0.0,0.0,Spring,No Holiday,Yes
2018-03-19,605,17,8.5,59.0,2.7,1927.0,0.9,0.16,0.0,0.0,Spring,No Holiday,Yes
2018-03-19,1200,18,8.6,55.0,2.4,1958.0,0.0,0.09,0.0,0.0,Spring,No Holiday,Yes
2018-03-19,818,19,8.4,51.0,3.3,1977.0,-1.1,0.01,0.0,0.0,Spring,No Holiday,Yes
2018-03-19,711,20,8.3,47.0,3.1,2000.0,-2.3,0.0,0.0,0.0,Spring,No Holiday,Yes
2018-03-19,731,21,8.0,47.0,3.3,2000.0,-2.6,0.0,0.0,0.0,Spring,No Holiday,Yes
2018-03-19,565,22,7.6,48.0,3.1,2000.0,-2.7,0.0,0.0,0.0,Spring,No Holiday,Yes
2018-03-19,382,23,6.9,44.0,3.3,2000.0,-4.5,0.0,0.0,0.0,Spring,No Holiday,Yes
2018-03-20,297,0,6.3,42.0,3.3,2000.0,-5.6,0.0,0.0,0.0,Spring,No Holiday,Yes
2018-03-20,243,1,5.5,42.0,3.1,2000.0,-6.4,0.0,0.0,0.0,Spring,No Holiday,Yes
2018-03-20,165,2,5.1,44.0,3.4,2000.0,-6.1,0.0,0.0,0.0,Spring,No Holiday,Yes
2018-03-20,95,3,4.7,44.0,3.8,2000.0,-6.5,0.0,0.0,0.0,Spring,No Holiday,Yes
2018-03-20,69,4,4.4,44.0,3.1,2000.0,-6.8,0.0,0.0,0.0,Spring,No Holiday,Yes
2018-03-20,92,5,4.1,42.0,3.1,2000.0,-7.6,0.0,0.0,0.0,Spring,No Holiday,Yes
2018-03-20,235,6,3.9,43.0,3.4,2000.0,-7.5,0.0,0.0,0.0,Spring,No Holiday,Yes
2018-03-20,677,7,3.8,44.0,4.1,2000.0,-7.3,0.02,0.0,0.0,Spring,No Holiday,Yes
2018-03-20,1212,8,4.3,43.0,4.2,2000.0,-7.2,0.37,0.0,0.0,Spring,No Holiday,Yes
2018-03-20,661,9,5.7,38.0,3.9,1985.0,-7.5,0.98,0.0,0.0,Spring,No Holiday,Yes
2018-03-20,418,10,7.4,35.0,3.5,1990.0,-7.0,1.81,0.0,0.0,Spring,No Holiday,Yes
2018-03-20,488,11,8.4,34.0,3.6,1966.0,-6.5,2.36,0.0,0.0,Spring,No Holiday,Yes
2018-03-20,522,12,9.0,33.0,3.1,1985.0,-6.4,2.59,0.0,0.0,Spring,No Holiday,Yes
2018-03-20,516,13,8.0,37.0,3.4,2000.0,-5.8,1.96,0.0,0.0,Spring,No Holiday,Yes
2018-03-20,478,14,7.3,38.0,3.4,1997.0,-6.1,1.6,0.0,0.0,Spring,No Holiday,Yes
2018-03-20,492,15,6.5,39.0,3.3,2000.0,-6.4,1.21,0.0,0.0,Spring,No Holiday,Yes
2018-03-20,518,16,5.6,42.0,4.2,2000.0,-6.3,0.81,0.0,0.0,Spring,No Holiday,Yes
2018-03-20,719,17,4.9,43.0,4.3,2000.0,-6.6,0.42,0.0,0.0,Spring,No Holiday,Yes
2018-03-20,1111,18,4.1,43.0,3.5,2000.0,-7.3,0.21,0.0,0.0,Spring,No Holiday,Yes
2018-03-20,716,19,3.2,45.0,3.7,2000.0,-7.6,0.02,0.0,0.0,Spring,No Holiday,Yes
2018-03-20,543,20,2.7,45.0,3.3,2000.0,-8.0,0.0,0.0,0.0,Spring,No Holiday,Yes
2018-03-20,494,21,2.3,40.0,3.3,2000.0,-9.9,0.0,0.0,0.0,Spring,No Holiday,Yes
2018-03-20,460,22,2.0,37.0,2.7,2000.0,-11.1,0.0,0.0,0.0,Spring,No Holiday,Yes
2018-03-20,294,23,1.8,37.0,2.3,2000.0,-11.3,0.0,0.0,0.0,Spring,No Holiday,Yes
2018-03-21,240,0,1.6,39.0,2.3,2000.0,-10.8,0.0,0.0,0.0,Spring,No Holiday,Yes
2018-03-21,223,1,1.5,40.0,2.8,2000.0,-10.6,0.0,0.0,0.0,Spring,No Holiday,Yes
2018-03-21,147,2,1.4,40.0,2.9,2000.0,-10.7,0.0,0.0,0.0,Spring,No Holiday,Yes
2018-03-21,82,3,1.3,40.0,2.1,2000.0,-10.8,0.0,0.0,0.0,Spring,No Holiday,Yes
2018-03-21,70,4,1.3,39.0,2.3,2000.0,-11.1,0.0,0.0,0.0,Spring,No Holiday,Yes
2018-03-21,80,5,1.3,40.0,2.3,2000.0,-10.8,0.0,0.0,0.0,Spring,No Holiday,Yes
2018-03-21,209,6,1.4,42.0,1.7,2000.0,-10.1,0.0,0.0,0.0,Spring,No Holiday,Yes
2018-03-21,605,7,1.4,43.0,1.5,2000.0,-9.8,0.0,0.0,0.0,Spring,No Holiday,Yes
2018-03-21,1097,8,1.6,42.0,1.8,2000.0,-9.9,0.13,0.0,0.0,Spring,No Holiday,Yes
2018-03-21,614,9,2.5,40.0,1.9,2000.0,-9.7,0.41,0.0,0.0,Spring,No Holiday,Yes
2018-03-21,374,10,3.6,37.0,1.3,2000.0,-9.7,0.83,0.0,0.0,Spring,No Holiday,Yes
2018-03-21,339,11,4.8,35.0,2.1,2000.0,-9.4,1.38,0.0,0.0,Spring,No Holiday,Yes
2018-03-21,333,12,4.8,51.0,2.2,1715.0,-4.5,1.12,0.0,0.0,Spring,No Holiday,Yes
2018-03-21,196,13,4.0,64.0,2.0,1834.0,-2.2,0.75,0.0,0.0,Spring,No Holiday,Yes
2018-03-21,117,14,1.9,89.0,1.5,102.0,0.2,0.41,0.0,0.0,Spring,No Holiday,Yes
2018-03-21,184,15,2.2,85.0,1.3,2000.0,0.0,0.41,0.5,0.0,Spring,No Holiday,Yes
2018-03-21,241,16,2.4,79.0,1.9,1995.0,-0.8,0.37,0.0,0.0,Spring,No Holiday,Yes
2018-03-21,319,17,2.5,78.0,2.0,2000.0,-0.9,0.25,0.0,0.0,Spring,No Holiday,Yes
2018-03-21,615,18,2.0,77.0,1.3,2000.0,-1.6,0.07,0.0,0.0,Spring,No Holiday,Yes
2018-03-21,402,19,2.0,81.0,0.7,2000.0,-0.9,0.0,0.0,0.0,Spring,No Holiday,Yes
2018-03-21,120,20,1.7,85.0,1.3,396.0,-0.5,0.0,0.0,0.0,Spring,No Holiday,Yes
2018-03-21,231,21,1.2,92.0,0.7,1474.0,0.0,0.0,0.5,0.0,Spring,No Holiday,Yes
2018-03-21,320,22,1.2,87.0,0.9,1802.0,-0.7,0.0,0.0,0.0,Spring,No Holiday,Yes
2018-03-21,226,23,1.5,86.0,1.2,1495.0,-0.5,0.0,0.0,0.0,Spring,No Holiday,Yes
2018-03-22,243,0,1.6,86.0,1.7,1141.0,-0.4,0.0,0.0,0.0,Spring,No Holiday,Yes
2018-03-22,247,1,1.6,85.0,2.0,952.0,-0.6,0.0,0.0,0.0,Spring,No Holiday,Yes
2018-03-22,173,2,1.5,86.0,2.5,782.0,-0.5,0.0,0.0,0.0,Spring,No Holiday,Yes
2018-03-22,107,3,1.3,87.0,1.7,822.0,-0.6,0.0,0.0,0.0,Spring,No Holiday,Yes
2018-03-22,75,4,1.3,87.0,2.2,937.0,-0.6,0.0,0.0,0.0,Spring,No Holiday,Yes
2018-03-22,81,5,1.1,88.0,0.9,927.0,-0.6,0.0,0.0,0.0,Spring,No Holiday,Yes
2018-03-22,212,6,0.8,88.0,1.0,900.0,-0.9,0.0,0.0,0.0,Spring,No Holiday,Yes
2018-03-22,600,7,0.6,85.0,1.5,1321.0,-1.6,0.01,0.0,0.0,Spring,No Holiday,Yes
2018-03-22,1174,8,1.1,79.0,1.7,1480.0,-2.1,0.36,0.0,0.0,Spring,No Holiday,Yes
2018-03-22,653,9,2.5,67.0,1.3,1472.0,-3.0,1.11,0.0,0.0,Spring,No Holiday,Yes
2018-03-22,446,10,4.9,56.0,1.9,1480.0,-3.1,1.76,0.0,0.0,Spring,No Holiday,Yes
2018-03-22,565,11,6.9,46.0,2.1,1541.0,-3.9,2.33,0.0,0.0,Spring,No Holiday,Yes
2018-03-22,668,12,8.3,36.0,2.5,1665.0,-5.9,2.7,0.0,0.0,Spring,No Holiday,Yes
2018-03-22,648,13,9.9,29.0,3.2,1641.0,-7.3,2.91,0.0,0.0,Spring,No Holiday,Yes
2018-03-22,674,14,11.4,30.0,3.1,1672.0,-5.5,2.82,0.0,0.0,Spring,No Holiday,Yes
2018-03-22,758,15,10.7,34.0,4.5,1850.0,-4.5,2.51,0.0,0.0,Spring,No Holiday,Yes
2018-03-22,752,16,10.3,34.0,3.8,1850.0,-4.9,1.93,0.0,0.0,Spring,No Holiday,Yes
2018-03-22,999,17,9.6,38.0,3.2,1606.0,-4.0,1.35,0.0,0.0,Spring,No Holiday,Yes
2018-03-22,1495,18,7.9,46.0,3.1,1057.0,-3.0,0.58,0.0,0.0,Spring,No Holiday,Yes
2018-03-22,923,19,6.2,54.0,1.8,883.0,-2.4,0.08,0.0,0.0,Spring,No Holiday,Yes
2018-03-22,739,20,5.1,56.0,2.0,899.0,-2.9,0.0,0.0,0.0,Spring,No Holiday,Yes
2018-03-22,726,21,4.5,62.0,2.0,826.0,-2.1,0.0,0.0,0.0,Spring,No Holiday,Yes
2018-03-22,621,22,3.9,66.0,2.7,990.0,-1.8,0.0,0.0,0.0,Spring,No Holiday,Yes
2018-03-22,428,23,3.4,69.0,1.1,895.0,-1.7,0.0,0.0,0.0,Spring,No Holiday,Yes
2018-03-23,335,0,2.9,72.0,1.3,903.0,-1.6,0.0,0.0,0.0,Spring,No Holiday,Yes
2018-03-23,283,1,2.5,75.0,1.5,786.0,-1.4,0.0,0.0,0.0,Spring,No Holiday,Yes
2018-03-23,216,2,2.2,80.0,1.4,615.0,-0.8,0.0,0.0,0.0,Spring,No Holiday,Yes
2018-03-23,128,3,1.9,81.0,1.1,525.0,-1.0,0.0,0.0,0.0,Spring,No Holiday,Yes
2018-03-23,92,4,2.0,80.0,0.8,474.0,-1.0,0.0,0.0,0.0,Spring,No Holiday,Yes
2018-03-23,95,5,2.2,79.0,0.8,553.0,-1.0,0.0,0.0,0.0,Spring,No Holiday,Yes
2018-03-23,243,6,2.3,80.0,0.7,546.0,-0.8,0.0,0.0,0.0,Spring,No Holiday,Yes
2018-03-23,661,7,2.5,79.0,1.4,536.0,-0.7,0.01,0.0,0.0,Spring,No Holiday,Yes
2018-03-23,1216,8,2.6,77.0,1.3,567.0,-1.0,0.21,0.0,0.0,Spring,No Holiday,Yes
2018-03-23,664,9,3.3,72.0,1.4,618.0,-1.2,0.61,0.0,0.0,Spring,No Holiday,Yes
2018-03-23,461,10,5.4,64.0,1.6,637.0,-0.8,1.7,0.0,0.0,Spring,No Holiday,Yes
2018-03-23,584,11,7.1,50.0,1.7,799.0,-2.6,2.24,0.0,0.0,Spring,No Holiday,Yes
2018-03-23,690,12,9.3,37.0,2.3,940.0,-4.6,2.72,0.0,0.0,Spring,No Holiday,Yes
2018-03-23,682,13,10.9,36.0,2.1,1073.0,-3.6,2.87,0.0,0.0,Spring,No Holiday,Yes
2018-03-23,758,14,12.4,33.0,2.9,811.0,-3.4,2.71,0.0,0.0,Spring,No Holiday,Yes
2018-03-23,849,15,12.1,30.0,3.0,1120.0,-4.9,2.41,0.0,0.0,Spring,No Holiday,Yes
2018-03-23,901,16,12.2,24.0,2.8,1655.0,-7.8,1.98,0.0,0.0,Spring,No Holiday,Yes
2018-03-23,1108,17,11.2,27.0,3.5,1585.0,-7.1,1.19,0.0,0.0,Spring,No Holiday,Yes
2018-03-23,1611,18,9.7,36.0,3.6,948.0,-4.6,0.37,0.0,0.0,Spring,No Holiday,Yes
2018-03-23,932,19,8.3,48.0,3.0,779.0,-2.0,0.06,0.0,0.0,Spring,No Holiday,Yes
2018-03-23,724,20,6.7,48.0,2.6,774.0,-3.5,0.0,0.0,0.0,Spring,No Holiday,Yes
2018-03-23,676,21,5.8,60.0,2.2,650.0,-1.3,0.0,0.0,0.0,Spring,No Holiday,Yes
2018-03-23,638,22,5.3,63.0,1.8,591.0,-1.1,0.0,0.0,0.0,Spring,No Holiday,Yes
2018-03-23,422,23,5.0,42.0,1.7,717.0,-6.8,0.0,0.0,0.0,Spring,No Holiday,Yes
2018-03-24,403,0,4.7,46.0,1.7,746.0,-5.9,0.0,0.0,0.0,Spring,No Holiday,Yes
2018-03-24,360,1,4.7,51.0,1.1,728.0,-4.5,0.0,0.0,0.0,Spring,No Holiday,Yes
2018-03-24,305,2,5.0,50.0,1.7,669.0,-4.5,0.0,0.0,0.0,Spring,No Holiday,Yes
2018-03-24,197,3,5.0,51.0,0.8,659.0,-4.3,0.0,0.0,0.0,Spring,No Holiday,Yes
2018-03-24,122,4,5.1,54.0,1.2,550.0,-3.4,0.0,0.0,0.0,Spring,No Holiday,Yes
2018-03-24,82,5,4.7,54.0,1.3,543.0,-3.8,0.0,0.0,0.0,Spring,No Holiday,Yes
2018-03-24,113,6,4.2,50.0,0.6,633.0,-5.3,0.0,0.0,0.0,Spring,No Holiday,Yes
2018-03-24,198,7,4.0,54.0,0.9,587.0,-4.4,0.01,0.0,0.0,Spring,No Holiday,Yes
2018-03-24,424,8,4.5,49.0,0.4,580.0,-5.3,0.19,0.0,0.0,Spring,No Holiday,Yes
2018-03-24,456,9,6.5,40.0,2.5,588.0,-6.1,0.69,0.0,0.0,Spring,No Holiday,Yes
2018-03-24,494,10,7.2,43.0,1.5,559.0,-4.5,0.42,0.0,0.0,Spring,No Holiday,Yes
2018-03-24,589,11,9.0,56.0,2.0,399.0,0.6,1.11,0.0,0.0,Spring,No Holiday,Yes
2018-03-24,806,12,10.6,52.0,3.1,390.0,1.1,2.27,0.0,0.0,Spring,No Holiday,Yes
2018-03-24,880,13,12.4,50.0,2.5,379.0,2.2,2.48,0.0,0.0,Spring,No Holiday,Yes
2018-03-24,855,14,12.7,55.0,3.4,378.0,3.8,2.42,0.0,0.0,Spring,No Holiday,Yes
2018-03-24,1025,15,12.4,58.0,4.1,404.0,4.3,2.26,0.0,0.0,Spring,No Holiday,Yes
2018-03-24,947,16,12.3,61.0,3.4,359.0,4.9,1.82,0.0,0.0,Spring,No Holiday,Yes
2018-03-24,916,17,11.1,66.0,4.2,367.0,4.9,1.18,0.0,0.0,Spring,No Holiday,Yes
2018-03-24,736,18,9.0,76.0,3.0,288.0,4.9,0.45,0.0,0.0,Spring,No Holiday,Yes
2018-03-24,521,19,7.7,80.0,2.8,234.0,4.4,0.05,0.0,0.0,Spring,No Holiday,Yes
2018-03-24,513,20,7.1,83.0,3.3,203.0,4.4,0.0,0.0,0.0,Spring,No Holiday,Yes
2018-03-24,487,21,6.7,84.0,2.8,193.0,4.1,0.0,0.0,0.0,Spring,No Holiday,Yes
2018-03-24,460,22,6.5,85.0,2.3,167.0,4.1,0.0,0.0,0.0,Spring,No Holiday,Yes
2018-03-24,354,23,6.4,85.0,2.3,155.0,4.0,0.0,0.0,0.0,Spring,No Holiday,Yes
2018-03-25,372,0,6.4,84.0,1.4,171.0,3.8,0.0,0.0,0.0,Spring,No Holiday,Yes
2018-03-25,267,1,6.4,82.0,1.2,186.0,3.5,0.0,0.0,0.0,Spring,No Holiday,Yes
2018-03-25,195,2,6.0,82.0,1.3,198.0,3.1,0.0,0.0,0.0,Spring,No Holiday,Yes
2018-03-25,139,3,5.5,83.0,0.9,186.0,2.8,0.0,0.0,0.0,Spring,No Holiday,Yes
2018-03-25,90,4,5.3,82.0,1.0,200.0,2.4,0.0,0.0,0.0,Spring,No Holiday,Yes
2018-03-25,60,5,5.0,83.0,0.7,200.0,2.3,0.0,0.0,0.0,Spring,No Holiday,Yes
2018-03-25,71,6,4.6,84.0,0.7,193.0,2.1,0.0,0.0,0.0,Spring,No Holiday,Yes
2018-03-25,137,7,4.7,82.0,1.3,198.0,1.8,0.02,0.0,0.0,Spring,No Holiday,Yes
2018-03-25,225,8,5.0,79.0,1.1,203.0,1.6,0.23,0.0,0.0,Spring,No Holiday,Yes
2018-03-25,331,9,6.3,73.0,1.3,218.0,1.8,0.79,0.0,0.0,Spring,No Holiday,Yes
2018-03-25,359,10,8.4,65.0,1.8,229.0,2.1,1.67,0.0,0.0,Spring,No Holiday,Yes
2018-03-25,466,11,10.7,56.0,2.0,261.0,2.2,2.27,0.0,0.0,Spring,No Holiday,Yes
2018-03-25,626,12,12.7,45.0,1.3,321.0,1.0,2.63,0.0,0.0,Spring,No Holiday,Yes
2018-03-25,784,13,14.6,38.0,1.9,315.0,0.4,2.75,0.0,0.0,Spring,No Holiday,Yes
2018-03-25,882,14,16.1,37.0,2.4,315.0,1.3,2.62,0.0,0.0,Spring,No Holiday,Yes
2018-03-25,960,15,16.7,38.0,3.1,265.0,2.2,2.27,0.0,0.0,Spring,No Holiday,Yes
2018-03-25,1031,16,16.5,39.0,3.1,366.0,2.4,1.91,0.0,0.0,Spring,No Holiday,Yes
2018-03-25,911,17,15.8,40.0,2.3,481.0,2.2,1.28,0.0,0.0,Spring,No Holiday,Yes
2018-03-25,768,18,14.4,44.0,2.7,596.0,2.2,0.6,0.0,0.0,Spring,No Holiday,Yes
2018-03-25,571,19,12.6,59.0,2.5,384.0,4.7,0.08,0.0,0.0,Spring,No Holiday,Yes
2018-03-25,502,20,10.7,70.0,2.8,236.0,5.4,0.0,0.0,0.0,Spring,No Holiday,Yes
2018-03-25,456,21,9.8,74.0,2.2,219.0,5.3,0.0,0.0,0.0,Spring,No Holiday,Yes
2018-03-25,424,22,8.8,79.0,2.0,203.0,5.3,0.0,0.0,0.0,Spring,No Holiday,Yes
2018-03-25,336,23,8.0,82.0,1.3,196.0,5.1,0.0,0.0,0.0,Spring,No Holiday,Yes
2018-03-26,244,0,7.1,84.0,2.3,185.0,4.5,0.0,0.0,0.0,Spring,No Holiday,Yes
2018-03-26,185,1,6.3,87.0,1.8,153.0,4.2,0.0,0.0,0.0,Spring,No Holiday,Yes
2018-03-26,93,2,5.4,95.0,1.5,89.0,4.6,0.0,0.0,0.0,Spring,No Holiday,Yes
2018-03-26,62,3,5.5,96.0,1.6,72.0,4.9,0.0,0.0,0.0,Spring,No Holiday,Yes
2018-03-26,65,4,5.5,96.0,2.0,53.0,4.9,0.0,0.0,0.0,Spring,No Holiday,Yes
2018-03-26,98,5,5.4,97.0,1.5,38.0,4.9,0.0,0.0,0.0,Spring,No Holiday,Yes
2018-03-26,227,6,5.7,97.0,0.5,80.0,5.2,0.0,0.0,0.0,Spring,No Holiday,Yes
2018-03-26,581,7,6.0,96.0,0.6,94.0,5.4,0.0,0.0,0.0,Spring,No Holiday,Yes
2018-03-26,983,8,6.4,90.0,1.4,117.0,4.8,0.13,0.0,0.0,Spring,No Holiday,Yes
2018-03-26,540,9,7.6,82.0,0.7,147.0,4.7,0.55,0.0,0.0,Spring,No Holiday,Yes
2018-03-26,415,10,10.0,70.0,1.0,187.0,4.7,1.57,0.0,0.0,Spring,No Holiday,Yes
2018-03-26,422,11,12.6,60.0,2.4,281.0,5.0,2.23,0.0,0.0,Spring,No Holiday,Yes
2018-03-26,492,12,14.6,53.0,2.5,348.0,5.1,2.65,0.0,0.0,Spring,No Holiday,Yes
2018-03-26,504,13,16.0,47.0,2.5,459.0,4.6,2.8,0.0,0.0,Spring,No Holiday,Yes
2018-03-26,575,14,17.4,39.0,2.9,520.0,3.2,2.7,0.0,0.0,Spring,No Holiday,Yes
2018-03-26,604,15,17.6,33.0,3.6,985.0,1.1,2.44,0.0,0.0,Spring,No Holiday,Yes
2018-03-26,819,16,17.7,33.0,3.4,897.0,1.2,1.96,0.0,0.0,Spring,No Holiday,Yes
2018-03-26,925,17,17.1,31.0,3.3,1075.0,-0.1,1.33,0.0,0.0,Spring,No Holiday,Yes
2018-03-26,1477,18,16.0,33.0,2.9,1138.0,-0.2,0.6,0.0,0.0,Spring,No Holiday,Yes
2018-03-26,1031,19,14.3,37.0,3.1,1247.0,-0.2,0.1,0.0,0.0,Spring,No Holiday,Yes
2018-03-26,835,20,12.9,42.0,2.8,1047.0,0.2,0.0,0.0,0.0,Spring,No Holiday,Yes
2018-03-26,798,21,11.6,54.0,1.5,693.0,2.5,0.0,0.0,0.0,Spring,No Holiday,Yes
2018-03-26,662,22,10.7,58.0,1.4,600.0,2.7,0.0,0.0,0.0,Spring,No Holiday,Yes
2018-03-26,447,23,9.8,62.0,0.6,535.0,2.8,0.0,0.0,0.0,Spring,No Holiday,Yes
2018-03-27,380,0,9.0,68.0,1.1,426.0,3.3,0.0,0.0,0.0,Spring,No Holiday,Yes
2018-03-27,278,1,8.7,70.0,0.9,398.0,3.5,0.0,0.0,0.0,Spring,No Holiday,Yes
2018-03-27,163,2,8.3,70.0,0.8,394.0,3.1,0.0,0.0,0.0,Spring,No Holiday,Yes
2018-03-27,127,3,8.1,71.0,0.9,378.0,3.1,0.0,0.0,0.0,Spring,No Holiday,Yes
2018-03-27,95,4,7.8,70.0,0.3,395.0,2.6,0.0,0.0,0.0,Spring,No Holiday,Yes
2018-03-27,110,5,8.0,63.0,0.8,439.0,1.3,0.0,0.0,0.0,Spring,No Holiday,Yes
2018-03-27,231,6,8.1,66.0,0.6,415.0,2.1,0.0,0.0,0.0,Spring,No Holiday,Yes
2018-03-27,705,7,8.5,67.0,0.7,475.0,2.7,0.02,0.0,0.0,Spring,No Holiday,Yes
2018-03-27,1201,8,9.3,62.0,0.6,519.0,2.3,0.25,0.0,0.0,Spring,No Holiday,Yes
2018-03-27,699,9,11.6,51.0,0.8,498.0,1.7,0.84,0.0,0.0,Spring,No Holiday,Yes
2018-03-27,462,10,13.9,40.0,0.8,586.0,0.5,1.6,0.0,0.0,Spring,No Holiday,Yes
2018-03-27,560,11,15.8,40.0,1.9,647.0,2.2,1.95,0.0,0.0,Spring,No Holiday,Yes
2018-03-27,586,12,16.7,47.0,2.4,620.0,5.3,1.76,0.0,0.0,Spring,No Holiday,Yes
2018-03-27,563,13,18.6,46.0,2.1,642.0,6.7,2.54,0.0,0.0,Spring,No Holiday,Yes
2018-03-27,618,14,19.4,45.0,2.0,624.0,7.1,2.05,0.0,0.0,Spring,No Holiday,Yes
2018-03-27,636,15,19.9,45.0,2.7,676.0,7.6,1.79,0.0,0.0,Spring,No Holiday,Yes
2018-03-27,774,16,19.5,50.0,3.4,613.0,8.7,1.6,0.0,0.0,Spring,No Holiday,Yes
2018-03-27,960,17,18.4,54.0,3.2,605.0,8.9,1.05,0.0,0.0,Spring,No Holiday,Yes
2018-03-27,1521,18,16.8,60.0,3.1,580.0,8.9,0.46,0.0,0.0,Spring,No Holiday,Yes
2018-03-27,1020,19,15.0,67.0,2.6,452.0,8.9,0.07,0.0,0.0,Spring,No Holiday,Yes
2018-03-27,864,20,13.9,72.0,2.4,385.0,8.9,0.0,0.0,0.0,Spring,No Holiday,Yes
2018-03-27,866,21,13.4,73.0,1.5,325.0,8.6,0.0,0.0,0.0,Spring,No Holiday,Yes
2018-03-27,764,22,12.9,75.0,1.3,326.0,8.5,0.0,0.0,0.0,Spring,No Holiday,Yes
2018-03-27,527,23,12.4,74.0,1.5,356.0,7.8,0.0,0.0,0.0,Spring,No Holiday,Yes
2018-03-28,400,0,12.0,76.0,0.8,346.0,7.8,0.0,0.0,0.0,Spring,No Holiday,Yes
2018-03-28,337,1,11.6,74.0,1.2,374.0,7.1,0.0,0.0,0.0,Spring,No Holiday,Yes
2018-03-28,225,2,11.5,75.0,1.9,399.0,7.2,0.0,0.0,0.0,Spring,No Holiday,Yes
2018-03-28,150,3,10.9,79.0,0.8,383.0,7.3,0.0,0.0,0.0,Spring,No Holiday,Yes
2018-03-28,104,4,10.6,77.0,0.9,422.0,6.7,0.0,0.0,0.0,Spring,No Holiday,Yes
2018-03-28,107,5,10.2,80.0,0.8,366.0,6.8,0.0,0.0,0.0,Spring,No Holiday,Yes
2018-03-28,258,6,9.6,84.0,0.7,301.0,7.0,0.0,0.0,0.0,Spring,No Holiday,Yes
2018-03-28,741,7,9.6,82.0,1.1,284.0,6.6,0.04,0.0,0.0,Spring,No Holiday,Yes
2018-03-28,1353,8,10.3,77.0,0.7,341.0,6.4,0.37,0.0,0.0,Spring,No Holiday,Yes
2018-03-28,723,9,12.4,66.0,1.0,546.0,6.2,0.91,0.0,0.0,Spring,No Holiday,Yes
2018-03-28,494,10,14.7,62.0,2.9,684.0,7.4,1.59,0.0,0.0,Spring,No Holiday,Yes
2018-03-28,588,11,15.6,60.0,3.7,817.0,7.8,1.44,0.0,0.0,Spring,No Holiday,Yes
2018-03-28,629,12,16.5,57.0,3.8,881.0,7.9,1.55,0.0,0.0,Spring,No Holiday,Yes
2018-03-28,723,13,17.5,54.0,3.1,1065.0,8.0,1.63,0.0,0.0,Spring,No Holiday,Yes
2018-03-28,698,14,18.6,46.0,4.4,1664.0,6.7,2.14,0.0,0.0,Spring,No Holiday,Yes
2018-03-28,785,15,18.2,45.0,4.1,1908.0,6.0,1.86,0.0,0.0,Spring,No Holiday,Yes
2018-03-28,943,16,18.3,43.0,4.3,1931.0,5.4,1.3,0.0,0.0,Spring,No Holiday,Yes
2018-03-28,1221,17,17.6,45.0,4.2,1947.0,5.5,0.7,0.0,0.0,Spring,No Holiday,Yes
2018-03-28,1839,18,17.0,53.0,3.1,1855.0,7.3,0.35,0.0,0.0,Spring,No Holiday,Yes
2018-03-28,1288,19,16.0,60.0,2.8,1436.0,8.2,0.06,0.0,0.0,Spring,No Holiday,Yes
2018-03-28,1133,20,15.2,65.0,2.2,988.0,8.6,0.0,0.0,0.0,Spring,No Holiday,Yes
2018-03-28,1035,21,14.2,70.0,0.8,723.0,8.7,0.0,0.0,0.0,Spring,No Holiday,Yes
2018-03-28,907,22,13.6,73.0,2.0,644.0,8.8,0.0,0.0,0.0,Spring,No Holiday,Yes
2018-03-28,614,23,13.5,74.0,1.2,603.0,8.9,0.0,0.0,0.0,Spring,No Holiday,Yes
2018-03-29,466,0,13.4,77.0,1.5,537.0,9.4,0.0,0.0,0.0,Spring,No Holiday,Yes
2018-03-29,390,1,13.0,81.0,1.9,484.0,9.8,0.0,0.0,0.0,Spring,No Holiday,Yes
2018-03-29,254,2,12.9,83.0,1.6,369.0,10.0,0.0,0.0,0.0,Spring,No Holiday,Yes
2018-03-29,170,3,12.7,80.0,0.4,384.0,9.3,0.0,0.0,0.0,Spring,No Holiday,Yes
2018-03-29,109,4,12.8,81.0,0.2,418.0,9.6,0.0,0.0,0.0,Spring,No Holiday,Yes
2018-03-29,106,5,12.7,83.0,0.8,392.0,9.8,0.0,0.0,0.0,Spring,No Holiday,Yes
2018-03-29,274,6,12.6,83.0,0.5,332.0,9.7,0.0,0.0,0.0,Spring,No Holiday,Yes
2018-03-29,781,7,12.8,82.0,0.6,370.0,9.7,0.01,0.0,0.0,Spring,No Holiday,Yes
2018-03-29,1281,8,13.3,80.0,1.2,369.0,9.9,0.14,0.0,0.0,Spring,No Holiday,Yes
2018-03-29,757,9,13.5,79.0,1.9,382.0,9.9,0.2,0.0,0.0,Spring,No Holiday,Yes
2018-03-29,482,10,15.0,69.0,1.5,552.0,9.3,1.02,0.0,0.0,Spring,No Holiday,Yes
2018-03-29,583,11,16.1,63.0,1.2,555.0,9.0,1.08,0.0,0.0,Spring,No Holiday,Yes
2018-03-29,714,12,18.2,55.0,2.3,594.0,9.0,2.24,0.0,0.0,Spring,No Holiday,Yes
2018-03-29,716,13,19.5,48.0,1.9,596.0,8.1,2.32,0.0,0.0,Spring,No Holiday,Yes
2018-03-29,711,14,20.2,47.0,2.4,541.0,8.5,2.3,0.0,0.0,Spring,No Holiday,Yes
2018-03-29,781,15,20.8,42.0,3.1,576.0,7.4,2.1,0.0,0.0,Spring,No Holiday,Yes
2018-03-29,957,16,20.7,38.0,2.2,741.0,5.8,1.63,0.0,0.0,Spring,No Holiday,Yes
2018-03-29,1194,17,20.3,48.0,2.8,635.0,8.9,1.14,0.0,0.0,Spring,No Holiday,Yes
2018-03-29,1776,18,19.1,47.0,2.4,942.0,7.5,0.57,0.0,0.0,Spring,No Holiday,Yes
2018-03-29,1260,19,17.5,61.0,2.2,758.0,9.8,0.11,0.0,0.0,Spring,No Holiday,Yes
2018-03-29,1079,20,15.6,64.0,2.7,686.0,8.8,0.0,0.0,0.0,Spring,No Holiday,Yes
2018-03-29,1046,21,14.4,66.0,1.7,677.0,8.1,0.0,0.0,0.0,Spring,No Holiday,Yes
2018-03-29,949,22,13.3,71.0,2.1,581.0,8.1,0.0,0.0,0.0,Spring,No Holiday,Yes
2018-03-29,614,23,12.7,75.0,1.6,475.0,8.3,0.0,0.0,0.0,Spring,No Holiday,Yes
2018-03-30,490,0,11.8,78.0,0.6,438.0,8.0,0.0,0.0,0.0,Spring,No Holiday,Yes
2018-03-30,401,1,11.4,77.0,0.7,466.0,7.5,0.0,0.0,0.0,Spring,No Holiday,Yes
2018-03-30,261,2,10.8,72.0,0.4,639.0,5.9,0.0,0.0,0.0,Spring,No Holiday,Yes
2018-03-30,184,3,10.3,68.0,0.7,887.0,4.6,0.0,0.0,0.0,Spring,No Holiday,Yes
2018-03-30,115,4,9.9,67.0,1.1,820.0,4.0,0.0,0.0,0.0,Spring,No Holiday,Yes
2018-03-30,117,5,10.4,62.0,1.8,911.0,3.4,0.0,0.0,0.0,Spring,No Holiday,Yes
2018-03-30,284,6,10.3,70.0,1.2,555.0,5.0,0.0,0.0,0.0,Spring,No Holiday,Yes
2018-03-30,747,7,10.5,70.0,1.1,483.0,5.2,0.04,0.0,0.0,Spring,No Holiday,Yes
2018-03-30,1406,8,11.5,60.0,1.6,550.0,3.9,0.42,0.0,0.0,Spring,No Holiday,Yes
2018-03-30,772,9,13.7,46.0,1.3,972.0,2.2,1.08,0.0,0.0,Spring,No Holiday,Yes
2018-03-30,583,10,16.0,29.0,1.4,1708.0,-2.0,1.79,0.0,0.0,Spring,No Holiday,Yes
2018-03-30,739,11,17.8,26.0,2.6,1822.0,-1.9,2.37,0.0,0.0,Spring,No Holiday,Yes
2018-03-30,939,12,19.1,26.0,1.6,1704.0,-0.8,2.73,0.0,0.0,Spring,No Holiday,Yes
2018-03-30,860,13,20.3,27.0,1.4,1464.0,0.6,2.87,0.0,0.0,Spring,No Holiday,Yes
2018-03-30,965,14,21.0,28.0,2.8,1191.0,1.7,2.75,0.0,0.0,Spring,No Holiday,Yes
2018-03-30,1068,15,21.8,28.0,2.3,1162.0,2.4,2.4,0.0,0.0,Spring,No Holiday,Yes
2018-03-30,1156,16,20.7,36.0,3.6,811.0,5.0,1.82,0.0,0.0,Spring,No Holiday,Yes
2018-03-30,1460,17,19.4,45.0,2.9,778.0,7.1,1.13,0.0,0.0,Spring,No Holiday,Yes
2018-03-30,1935,18,17.4,57.0,3.1,657.0,8.7,0.52,0.0,0.0,Spring,No Holiday,Yes
2018-03-30,1268,19,15.2,60.0,3.2,1081.0,7.4,0.09,0.0,0.0,Spring,No Holiday,Yes
2018-03-30,1045,20,14.3,63.0,2.6,936.0,7.3,0.0,0.0,0.0,Spring,No Holiday,Yes
2018-03-30,948,21,13.7,73.0,1.8,658.0,8.9,0.0,0.0,0.0,Spring,No Holiday,Yes
2018-03-30,880,22,12.7,76.0,1.5,521.0,8.5,0.0,0.0,0.0,Spring,No Holiday,Yes
2018-03-30,678,23,12.1,77.0,1.4,540.0,8.1,0.0,0.0,0.0,Spring,No Holiday,Yes
2018-03-31,537,0,11.7,77.0,1.3,588.0,7.7,0.0,0.0,0.0,Spring,No Holiday,Yes
2018-03-31,502,1,11.5,77.0,2.0,593.0,7.6,0.0,0.0,0.0,Spring,No Holiday,Yes
2018-03-31,397,2,11.0,73.0,1.5,816.0,6.3,0.0,0.0,0.0,Spring,No Holiday,Yes
2018-03-31,264,3,10.7,74.0,1.7,712.0,6.2,0.0,0.0,0.0,Spring,No Holiday,Yes
2018-03-31,163,4,10.4,73.0,1.7,801.0,5.7,0.0,0.0,0.0,Spring,No Holiday,Yes
2018-03-31,108,5,9.8,73.0,0.8,1098.0,5.1,0.0,0.0,0.0,Spring,No Holiday,Yes
2018-03-31,142,6,9.4,75.0,0.9,1117.0,5.1,0.0,0.0,0.0,Spring,No Holiday,Yes
2018-03-31,264,7,9.5,72.0,0.2,1017.0,4.6,0.04,0.0,0.0,Spring,No Holiday,Yes
2018-03-31,489,8,10.4,65.0,0.8,979.0,4.0,0.41,0.0,0.0,Spring,No Holiday,Yes
2018-03-31,642,9,12.6,57.0,0.9,859.0,4.2,0.98,0.0,0.0,Spring,No Holiday,Yes
2018-03-31,618,10,14.7,53.0,0.9,831.0,5.2,1.59,0.0,0.0,Spring,No Holiday,Yes
2018-03-31,824,11,16.7,45.0,1.9,1054.0,4.6,2.07,0.0,0.0,Spring,No Holiday,Yes
2018-03-31,1072,12,18.2,38.0,4.2,1189.0,3.6,2.41,0.0,0.0,Spring,No Holiday,Yes
2018-03-31,1218,13,19.3,37.0,3.0,1257.0,4.2,2.53,0.0,0.0,Spring,No Holiday,Yes
2018-03-31,1381,14,20.1,30.0,3.0,1554.0,1.9,2.57,0.0,0.0,Spring,No Holiday,Yes
2018-03-31,1542,15,18.9,28.0,3.7,1769.0,0.0,2.09,0.0,0.0,Spring,No Holiday,Yes
2018-03-31,1578,16,18.0,32.0,3.0,1836.0,1.0,1.03,0.0,0.0,Spring,No Holiday,Yes
2018-03-31,1531,17,17.3,36.0,3.4,1722.0,2.0,0.8,0.0,0.0,Spring,No Holiday,Yes
2018-03-31,1391,18,16.6,33.0,2.6,1867.0,0.2,0.48,0.0,0.0,Spring,No Holiday,Yes
2018-03-31,1025,19,15.3,41.0,2.0,1751.0,2.1,0.08,0.0,0.0,Spring,No Holiday,Yes
2018-03-31,972,20,14.0,45.0,1.6,1729.0,2.2,0.0,0.0,0.0,Spring,No Holiday,Yes
2018-03-31,1010,21,13.3,48.0,1.6,1582.0,2.5,0.0,0.0,0.0,Spring,No Holiday,Yes
2018-03-31,922,22,12.8,52.0,1.5,1616.0,3.1,0.0,0.0,0.0,Spring,No Holiday,Yes
2018-03-31,655,23,12.4,63.0,1.3,1201.0,5.5,0.0,0.0,0.0,Spring,No Holiday,Yes
2018-04-01,579,0,12.1,70.0,0.8,1050.0,6.7,0.0,0.0,0.0,Spring,No Holiday,Yes
2018-04-01,453,1,11.7,74.0,0.5,979.0,7.2,0.0,0.0,0.0,Spring,No Holiday,Yes
2018-04-01,322,2,11.7,72.0,0.6,915.0,6.8,0.0,0.0,0.0,Spring,No Holiday,Yes
2018-04-01,221,3,11.9,71.0,0.7,853.0,6.7,0.0,0.0,0.0,Spring,No Holiday,Yes
2018-04-01,147,4,12.1,69.0,0.3,827.0,6.5,0.0,0.0,0.0,Spring,No Holiday,Yes
2018-04-01,96,5,12.3,65.0,0.5,1085.0,5.8,0.0,0.0,0.0,Spring,No Holiday,Yes
2018-04-01,110,6,12.4,61.0,0.4,1131.0,5.0,0.0,0.0,0.0,Spring,No Holiday,Yes
2018-04-01,169,7,12.5,62.0,0.4,1003.0,5.4,0.0,0.0,0.0,Spring,No Holiday,Yes
2018-04-01,342,8,12.9,64.0,1.5,778.0,6.2,0.06,0.0,0.0,Spring,No Holiday,Yes
2018-04-01,485,9,13.5,66.0,1.8,934.0,7.2,0.16,0.0,0.0,Spring,No Holiday,Yes
2018-04-01,566,10,14.7,61.0,2.0,945.0,7.2,0.64,0.0,0.0,Spring,No Holiday,Yes
2018-04-01,737,11,16.7,55.0,2.1,1182.0,7.6,1.37,0.0,0.0,Spring,No Holiday,Yes
2018-04-01,926,12,18.0,53.0,3.1,1350.0,8.2,1.53,0.0,0.0,Spring,No Holiday,Yes
2018-04-01,1156,13,17.9,60.0,2.2,1248.0,10.0,0.86,0.0,0.0,Spring,No Holiday,Yes
2018-04-01,1201,14,17.5,67.0,2.1,832.0,11.2,0.42,0.0,0.0,Spring,No Holiday,Yes
2018-04-01,1349,15,18.2,63.0,2.2,687.0,11.0,0.72,0.0,0.0,Spring,No Holiday,Yes
2018-04-01,1409,16,18.2,69.0,3.2,625.0,12.4,0.87,0.0,0.0,Spring,No Holiday,Yes
2018-04-01,1362,17,18.0,72.0,1.8,559.0,12.8,0.47,0.0,0.0,Spring,No Holiday,Yes
2018-04-01,1296,18,17.7,75.0,2.1,519.0,13.2,0.12,0.0,0.0,Spring,No Holiday,Yes
2018-04-01,1066,19,17.4,79.0,2.3,614.0,13.7,0.03,0.0,0.0,Spring,No Holiday,Yes
2018-04-01,984,20,17.1,80.0,1.5,480.0,13.6,0.0,0.0,0.0,Spring,No Holiday,Yes
2018-04-01,983,21,16.9,81.0,1.9,472.0,13.6,0.0,0.0,0.0,Spring,No Holiday,Yes
2018-04-01,841,22,16.7,83.0,2.4,416.0,13.7,0.0,0.0,0.0,Spring,No Holiday,Yes
2018-04-01,588,23,16.3,82.0,1.3,480.0,13.2,0.0,0.0,0.0,Spring,No Holiday,Yes
2018-04-02,468,0,16.1,80.0,1.9,605.0,12.6,0.0,0.0,0.0,Spring,No Holiday,Yes
2018-04-02,295,1,16.0,79.0,1.0,716.0,12.3,0.0,0.0,0.0,Spring,No Holiday,Yes
2018-04-02,155,2,15.7,81.0,1.4,694.0,12.4,0.0,0.0,0.0,Spring,No Holiday,Yes
2018-04-02,111,3,15.6,81.0,1.2,628.0,12.3,0.0,0.0,0.0,Spring,No Holiday,Yes
2018-04-02,86,4,15.7,79.0,1.2,628.0,12.0,0.0,0.0,0.0,Spring,No Holiday,Yes
2018-04-02,125,5,15.3,82.0,1.4,508.0,12.2,0.0,0.0,0.0,Spring,No Holiday,Yes
2018-04-02,359,6,14.9,81.0,0.4,580.0,11.6,0.0,0.0,0.0,Spring,No Holiday,Yes
2018-04-02,918,7,15.1,80.0,1.0,623.0,11.6,0.01,0.0,0.0,Spring,No Holiday,Yes
2018-04-02,1469,8,15.7,75.0,1.1,804.0,11.2,0.11,0.0,0.0,Spring,No Holiday,Yes
2018-04-02,806,9,16.6,70.0,1.5,945.0,11.0,0.3,0.0,0.0,Spring,No Holiday,Yes
2018-04-02,579,10,17.5,66.0,1.3,1059.0,11.0,0.55,0.0,0.0,Spring,No Holiday,Yes
2018-04-02,662,11,18.5,61.0,1.6,1301.0,10.8,0.95,0.0,0.0,Spring,No Holiday,Yes
2018-04-02,818,12,20.8,50.0,2.0,1240.0,9.9,1.82,0.0,0.0,Spring,No Holiday,Yes
2018-04-02,818,13,21.9,48.0,2.5,1113.0,10.3,2.14,0.0,0.0,Spring,No Holiday,Yes
2018-04-02,920,14,23.0,42.0,3.4,1315.0,9.3,2.1,0.0,0.0,Spring,No Holiday,Yes
2018-04-02,993,15,23.7,43.0,2.8,1347.0,10.3,2.28,0.0,0.0,Spring,No Holiday,Yes
2018-04-02,1218,16,23.0,47.0,4.1,1417.0,11.0,2.0,0.0,0.0,Spring,No Holiday,Yes
2018-04-02,1569,17,22.0,49.0,3.7,1582.0,10.7,1.28,0.0,0.0,Spring,No Holiday,Yes
2018-04-02,2401,18,20.7,54.0,4.1,1484.0,11.0,0.5,0.0,0.0,Spring,No Holiday,Yes
2018-04-02,1779,19,19.1,60.0,3.4,1592.0,11.1,0.1,0.0,0.0,Spring,No Holiday,Yes
2018-04-02,1517,20,18.2,65.0,1.8,1563.0,11.5,0.0,0.0,0.0,Spring,No Holiday,Yes
2018-04-02,1503,21,17.9,64.0,2.1,1652.0,10.9,0.0,0.0,0.0,Spring,No Holiday,Yes
2018-04-02,1213,22,17.4,66.0,2.3,1565.0,10.9,0.0,0.0,0.0,Spring,No Holiday,Yes
2018-04-02,803,23,16.8,70.0,0.9,1426.0,11.2,0.0,0.0,0.0,Spring,No Holiday,Yes
2018-04-03,532,0,16.8,69.0,0.8,1395.0,11.0,0.0,0.0,0.0,Spring,No Holiday,Yes
2018-04-03,430,1,17.1,72.0,1.7,1353.0,12.0,0.0,0.0,0.0,Spring,No Holiday,Yes
2018-04-03,275,2,17.0,73.0,1.6,1184.0,12.1,0.0,0.0,0.0,Spring,No Holiday,Yes
2018-04-03,156,3,17.0,74.0,1.7,1294.0,12.3,0.0,0.0,0.0,Spring,No Holiday,Yes
2018-04-03,124,4,16.9,74.0,1.2,1199.0,12.2,0.0,0.0,0.0,Spring,No Holiday,Yes
2018-04-03,163,5,16.9,73.0,1.6,1275.0,12.0,0.0,0.0,0.0,Spring,No Holiday,Yes
2018-04-03,388,6,16.8,74.0,1.2,1265.0,12.1,0.0,0.0,0.0,Spring,No Holiday,Yes
2018-04-03,1033,7,16.8,73.0,1.0,1366.0,11.9,0.01,0.0,0.0,Spring,No Holiday,Yes
2018-04-03,1677,8,17.3,71.0,0.5,1481.0,11.9,0.17,0.0,0.0,Spring,No Holiday,Yes
2018-04-03,867,9,18.3,67.0,2.4,1375.0,12.0,0.55,0.0,0.0,Spring,No Holiday,Yes
2018-04-03,664,10,18.9,66.0,2.0,1298.0,12.4,0.85,0.0,0.0,Spring,No Holiday,Yes
2018-04-03,696,11,19.0,67.0,1.9,1062.0,12.7,0.52,0.0,0.0,Spring,No Holiday,Yes
2018-04-03,913,12,19.6,63.0,2.9,1034.0,12.3,0.68,0.0,0.0,Spring,No Holiday,Yes
2018-04-03,870,13,20.1,61.0,2.6,1117.0,12.3,1.01,0.0,0.0,Spring,No Holiday,Yes
2018-04-03,931,14,21.0,53.0,3.2,1306.0,11.0,1.12,0.0,0.0,Spring,No Holiday,Yes
2018-04-03,961,15,19.9,58.0,2.5,1348.0,11.3,0.51,0.0,0.0,Spring,No Holiday,Yes
2018-04-03,1173,16,19.7,58.0,3.7,1302.0,11.1,0.78,0.0,0.0,Spring,No Holiday,Yes
2018-04-03,1436,17,19.7,57.0,2.6,1302.0,10.9,0.54,0.0,0.0,Spring,No Holiday,Yes
2018-04-03,2134,18,18.9,68.0,3.3,1326.0,12.8,0.12,0.0,0.0,Spring,No Holiday,Yes
2018-04-03,1415,19,18.0,74.0,3.1,1258.0,13.2,0.02,0.0,0.0,Spring,No Holiday,Yes
2018-04-03,1470,20,17.3,80.0,2.4,927.0,13.8,0.0,0.0,0.0,Spring,No Holiday,Yes
2018-04-03,1223,21,17.0,83.0,3.2,744.0,14.0,0.0,0.0,0.0,Spring,No Holiday,Yes
2018-04-03,1030,22,16.0,85.0,2.0,409.0,13.4,0.0,0.0,0.0,Spring,No Holiday,Yes
2018-04-03,454,23,15.0,94.0,1.6,163.0,14.0,0.0,0.0,0.0,Spring,No Holiday,Yes
2018-04-04,355,0,15.0,96.0,2.1,141.0,14.3,0.0,0.1,0.0,Spring,No Holiday,Yes
2018-04-04,113,1,14.8,96.0,1.7,209.0,14.1,0.0,0.0,0.0,Spring,No Holiday,Yes
2018-04-04,15,2,14.5,97.0,2.2,179.0,14.0,0.0,3.5,0.0,Spring,No Holiday,Yes
2018-04-04,22,3,14.3,97.0,1.2,228.0,13.8,0.0,7.0,0.0,Spring,No Holiday,Yes
2018-04-04,14,4,14.1,97.0,1.7,306.0,13.6,0.0,3.0,0.0,Spring,No Holiday,Yes
2018-04-04,19,5,11.9,97.0,3.4,305.0,11.4,0.0,3.0,0.0,Spring,No Holiday,Yes
2018-04-04,172,6,11.7,95.0,0.7,2000.0,10.9,0.0,2.0,0.0,Spring,No Holiday,Yes
2018-04-04,665,7,10.3,90.0,1.2,2000.0,8.7,0.01,0.0,0.0,Spring,No Holiday,Yes
2018-04-04,1284,8,10.3,86.0,2.5,2000.0,8.0,0.15,0.0,0.0,Spring,No Holiday,Yes
2018-04-04,378,9,10.4,81.0,1.4,2000.0,7.2,0.36,0.0,0.0,Spring,No Holiday,Yes
2018-04-04,505,10,10.7,81.0,1.4,2000.0,7.5,0.57,0.0,0.0,Spring,No Holiday,Yes
2018-04-04,744,11,12.8,65.0,2.0,2000.0,6.3,1.76,0.0,0.0,Spring,No Holiday,Yes
2018-04-04,928,12,15.3,54.0,2.1,1989.0,6.0,2.83,0.0,0.0,Spring,No Holiday,Yes
2018-04-04,951,13,16.7,47.0,1.4,2000.0,5.3,3.24,0.0,0.0,Spring,No Holiday,Yes
2018-04-04,1096,14,17.9,42.0,1.3,1981.0,4.7,3.04,0.0,0.0,Spring,No Holiday,Yes
2018-04-04,1209,15,17.9,44.0,2.2,2000.0,5.4,2.79,0.0,0.0,Spring,No Holiday,Yes
2018-04-04,1413,16,17.9,42.0,1.1,2000.0,4.7,2.25,0.0,0.0,Spring,No Holiday,Yes
2018-04-04,1745,17,17.2,46.0,2.2,2000.0,5.4,1.6,0.0,0.0,Spring,No Holiday,Yes
2018-04-04,2402,18,16.0,47.0,2.1,2000.0,4.6,0.79,0.0,0.0,Spring,No Holiday,Yes
2018-04-04,1626,19,14.3,53.0,2.1,2000.0,4.8,0.17,0.0,0.0,Spring,No Holiday,Yes
2018-04-04,1374,20,12.8,56.0,2.0,2000.0,4.2,0.0,0.0,0.0,Spring,No Holiday,Yes
2018-04-04,1256,21,11.8,57.0,1.9,2000.0,3.5,0.0,0.0,0.0,Spring,No Holiday,Yes
2018-04-04,1041,22,10.9,58.0,1.5,2000.0,2.9,0.0,0.0,0.0,Spring,No Holiday,Yes
2018-04-04,668,23,10.2,58.0,2.4,2000.0,2.2,0.0,0.0,0.0,Spring,No Holiday,Yes
2018-04-05,436,0,9.5,61.0,1.7,2000.0,2.3,0.0,0.0,0.0,Spring,No Holiday,Yes
2018-04-05,373,1,9.0,62.0,1.9,2000.0,2.0,0.0,0.0,0.0,Spring,No Holiday,Yes
2018-04-05,220,2,9.0,63.0,2.1,2000.0,2.3,0.0,0.0,0.0,Spring,No Holiday,Yes
2018-04-05,150,3,8.9,64.0,2.2,2000.0,2.4,0.0,0.0,0.0,Spring,No Holiday,Yes
2018-04-05,87,4,8.8,65.0,2.5,2000.0,2.5,0.0,0.0,0.0,Spring,No Holiday,Yes
2018-04-05,18,5,8.3,81.0,2.0,1060.0,5.2,0.0,0.1,0.0,Spring,No Holiday,Yes
2018-04-05,21,6,7.5,94.0,2.4,511.0,6.5,0.0,0.4,0.0,Spring,No Holiday,Yes
2018-04-05,38,7,7.1,94.0,2.2,572.0,6.1,0.0,1.5,0.0,Spring,No Holiday,Yes
2018-04-05,207,8,6.7,94.0,2.7,1127.0,5.7,0.05,2.0,0.0,Spring,No Holiday,Yes
2018-04-05,129,9,6.8,89.0,2.9,2000.0,5.1,0.07,0.0,0.0,Spring,No Holiday,Yes
2018-04-05,95,10,7.1,87.0,2.9,2000.0,5.0,0.15,0.0,0.0,Spring,No Holiday,Yes
2018-04-05,47,11,7.1,93.0,2.6,697.0,6.0,0.19,0.0,0.0,Spring,No Holiday,Yes
2018-04-05,70,12,7.3,95.0,2.2,676.0,6.5,0.3,0.5,0.0,Spring,No Holiday,Yes
2018-04-05,84,13,7.7,95.0,1.9,442.0,6.9,0.4,0.0,0.0,Spring,No Holiday,Yes
2018-04-05,46,14,8.0,95.0,1.5,514.0,7.2,0.35,0.0,0.0,Spring,No Holiday,Yes
2018-04-05,37,15,8.1,96.0,1.9,410.0,7.4,0.26,0.5,0.0,Spring,No Holiday,Yes
2018-04-05,31,16,8.1,96.0,1.5,281.0,7.4,0.21,1.0,0.0,Spring,No Holiday,Yes
2018-04-05,46,17,8.0,96.0,1.4,298.0,7.3,0.13,1.0,0.0,Spring,No Holiday,Yes
2018-04-05,75,18,7.6,96.0,2.0,660.0,6.9,0.04,0.0,0.0,Spring,No Holiday,Yes
2018-04-05,75,19,7.6,96.0,1.5,1309.0,6.9,0.0,1.5,0.0,Spring,No Holiday,Yes
2018-04-05,56,20,7.3,96.0,1.9,2000.0,6.6,0.0,0.0,0.0,Spring,No Holiday,Yes
2018-04-05,99,21,7.3,96.0,1.5,749.0,6.6,0.0,1.0,0.0,Spring,No Holiday,Yes
2018-04-05,77,22,7.2,96.0,1.0,700.0,6.5,0.0,0.0,0.0,Spring,No Holiday,Yes
2018-04-05,79,23,7.1,96.0,1.3,1497.0,6.5,0.0,0.5,0.0,Spring,No Holiday,Yes
2018-04-06,56,0,7.2,95.0,0.9,861.0,6.4,0.0,0.5,0.0,Spring,No Holiday,Yes
2018-04-06,50,1,7.2,95.0,0.2,683.0,6.4,0.0,0.5,0.0,Spring,No Holiday,Yes
2018-04-06,27,2,7.3,96.0,1.0,337.0,6.6,0.0,1.5,0.0,Spring,No Holiday,Yes
2018-04-06,18,3,7.2,96.0,0.8,349.0,6.5,0.0,2.0,0.0,Spring,No Holiday,Yes
2018-04-06,9,4,6.8,97.0,2.2,453.0,6.3,0.0,2.0,0.0,Spring,No Holiday,Yes
2018-04-06,54,5,6.3,97.0,1.7,787.0,5.8,0.0,0.5,0.0,Spring,No Holiday,Yes
2018-04-06,178,6,6.1,96.0,2.1,798.0,5.5,0.0,0.0,0.0,Spring,No Holiday,Yes
2018-04-06,591,7,5.7,95.0,3.4,1136.0,4.9,0.02,0.0,0.0,Spring,No Holiday,Yes
2018-04-06,1235,8,5.9,90.0,2.8,1820.0,4.3,0.32,0.0,0.0,Spring,No Holiday,Yes
2018-04-06,719,9,6.9,83.0,2.2,1666.0,4.2,0.83,0.0,0.0,Spring,No Holiday,Yes
2018-04-06,529,10,8.0,73.0,2.8,1641.0,3.4,1.44,0.0,0.0,Spring,No Holiday,Yes
2018-04-06,598,11,8.3,69.0,4.1,1217.0,2.9,1.81,0.0,0.0,Spring,No Holiday,Yes
2018-04-06,756,12,6.7,71.0,4.6,543.0,1.8,1.05,0.0,0.0,Spring,No Holiday,Yes
2018-04-06,683,13,7.9,58.0,4.3,488.0,0.1,1.88,0.0,0.0,Spring,No Holiday,Yes
2018-04-06,572,14,7.4,56.0,3.5,461.0,-0.8,1.04,0.0,0.0,Spring,No Holiday,Yes
2018-04-06,545,15,6.8,50.0,4.1,660.0,-2.9,0.56,0.0,0.0,Spring,No Holiday,Yes
2018-04-06,585,16,6.6,50.0,4.0,645.0,-3.1,0.81,0.0,0.0,Spring,No Holiday,Yes
2018-04-06,776,17,6.3,50.0,4.4,707.0,-3.3,0.64,0.0,0.0,Spring,No Holiday,Yes
2018-04-06,1114,18,5.9,43.0,5.3,859.0,-5.7,0.62,0.0,0.0,Spring,No Holiday,Yes
2018-04-06,659,19,4.8,48.0,3.8,1126.0,-5.3,0.17,0.0,0.0,Spring,No Holiday,Yes
2018-04-06,508,20,4.3,59.0,4.6,991.0,-3.0,0.0,0.0,0.0,Spring,No Holiday,Yes
2018-04-06,447,21,4.0,67.0,3.0,794.0,-1.5,0.0,0.0,0.0,Spring,No Holiday,Yes
2018-04-06,499,22,3.9,68.0,3.0,737.0,-1.4,0.0,0.0,0.0,Spring,No Holiday,Yes
2018-04-06,312,23,3.8,75.0,4.1,604.0,-0.2,0.0,0.0,0.0,Spring,No Holiday,Yes
2018-04-07,282,0,3.0,67.0,3.3,945.0,-2.5,0.0,0.0,0.0,Spring,No Holiday,Yes
2018-04-07,225,1,2.6,67.0,2.7,1053.0,-2.9,0.0,0.0,0.0,Spring,No Holiday,Yes
2018-04-07,123,2,1.8,81.0,2.9,325.0,-1.1,0.0,0.0,0.0,Spring,No Holiday,Yes
2018-04-07,122,3,1.5,82.0,3.5,372.0,-1.2,0.0,0.1,0.0,Spring,No Holiday,Yes
2018-04-07,80,4,1.6,70.0,3.6,1392.0,-3.2,0.0,0.1,0.0,Spring,No Holiday,Yes
2018-04-07,57,5,1.6,62.0,4.9,1372.0,-4.9,0.0,0.0,0.0,Spring,No Holiday,Yes
2018-04-07,108,6,1.7,58.0,3.8,1189.0,-5.6,0.0,0.0,0.0,Spring,No Holiday,Yes
2018-04-07,206,7,1.9,51.0,4.9,1297.0,-7.1,0.07,0.0,0.0,Spring,No Holiday,Yes
2018-04-07,399,8,2.4,44.0,4.3,1375.0,-8.6,0.41,0.0,0.0,Spring,No Holiday,Yes
2018-04-07,426,9,3.4,37.0,3.6,1668.0,-9.9,1.07,0.0,0.0,Spring,No Holiday,Yes
2018-04-07,453,10,4.3,31.0,4.9,1661.0,-11.3,1.77,0.0,0.0,Spring,No Holiday,Yes
2018-04-07,553,11,4.7,26.0,4.8,1927.0,-13.2,1.55,0.0,0.0,Spring,No Holiday,Yes
2018-04-07,697,12,6.0,23.0,4.2,1990.0,-13.6,2.0,0.0,0.0,Spring,No Holiday,Yes
2018-04-07,852,13,7.4,22.0,4.5,1964.0,-12.9,2.98,0.0,0.0,Spring,No Holiday,Yes
2018-04-07,919,14,8.1,24.0,4.7,1914.0,-11.3,2.99,0.0,0.0,Spring,No Holiday,Yes
2018-04-07,925,15,7.6,36.0,5.0,1928.0,-6.5,1.39,0.0,0.0,Spring,No Holiday,Yes
2018-04-07,897,16,7.9,34.0,4.7,1979.0,-7.0,1.09,0.0,0.0,Spring,No Holiday,Yes
2018-04-07,908,17,7.6,36.0,5.3,2000.0,-6.5,1.8,0.0,0.0,Spring,No Holiday,Yes
2018-04-07,714,18,6.4,43.0,3.7,2000.0,-5.2,0.92,0.0,0.0,Spring,No Holiday,Yes
2018-04-07,518,19,4.9,47.0,3.5,2000.0,-5.4,0.2,0.0,0.0,Spring,No Holiday,Yes
2018-04-07,458,20,4.2,44.0,4.1,2000.0,-6.9,0.0,0.0,0.0,Spring,No Holiday,Yes
2018-04-07,443,21,3.8,39.0,3.2,2000.0,-8.9,0.0,0.0,0.0,Spring,No Holiday,Yes
2018-04-07,426,22,3.5,41.0,2.8,2000.0,-8.5,0.0,0.0,0.0,Spring,No Holiday,Yes
2018-04-07,368,23,3.1,39.0,3.1,2000.0,-9.5,0.0,0.0,0.0,Spring,No Holiday,Yes
2018-04-08,325,0,2.9,46.0,2.2,2000.0,-7.6,0.0,0.0,0.0,Spring,No Holiday,Yes
2018-04-08,224,1,2.4,46.0,1.7,2000.0,-8.0,0.0,0.0,0.0,Spring,No Holiday,Yes
2018-04-08,191,2,2.2,49.0,1.9,2000.0,-7.4,0.0,0.0,0.0,Spring,No Holiday,Yes
2018-04-08,141,3,2.0,50.0,2.0,2000.0,-7.3,0.0,0.0,0.0,Spring,No Holiday,Yes
2018-04-08,90,4,1.7,51.0,1.3,2000.0,-7.3,0.0,0.0,0.0,Spring,No Holiday,Yes
2018-04-08,59,5,1.3,51.0,1.6,2000.0,-7.7,0.0,0.0,0.0,Spring,No Holiday,Yes
2018-04-08,101,6,0.9,52.0,1.1,2000.0,-7.8,0.0,0.0,0.0,Spring,No Holiday,Yes
2018-04-08,159,7,0.9,54.0,0.8,2000.0,-7.3,0.11,0.0,0.0,Spring,No Holiday,Yes
2018-04-08,332,8,2.9,53.0,1.5,1892.0,-5.7,0.68,0.0,0.0,Spring,No Holiday,Yes
2018-04-08,405,9,5.1,46.0,2.7,1888.0,-5.5,1.34,0.0,0.0,Spring,No Holiday,Yes
2018-04-08,494,10,6.3,39.0,2.8,2000.0,-6.6,1.55,0.0,0.0,Spring,No Holiday,Yes
2018-04-08,586,11,6.4,29.0,2.7,2000.0,-10.3,0.9,0.0,0.0,Spring,No Holiday,Yes
2018-04-08,709,12,6.9,30.0,1.8,1994.0,-9.5,0.85,0.0,0.0,Spring,No Holiday,Yes
2018-04-08,847,13,7.4,27.0,1.8,2000.0,-10.4,0.86,0.0,0.0,Spring,No Holiday,Yes
2018-04-08,777,14,7.9,27.0,1.0,1985.0,-9.9,0.75,0.0,0.0,Spring,No Holiday,Yes
2018-04-08,343,15,7.3,38.0,0.8,2000.0,-6.1,0.38,0.0,0.0,Spring,No Holiday,Yes
2018-04-08,137,16,6.1,65.0,1.5,1465.0,0.0,0.21,0.0,0.0,Spring,No Holiday,Yes
2018-04-08,58,17,4.3,80.0,2.6,1357.0,1.1,0.23,0.1,0.0,Spring,No Holiday,Yes
2018-04-08,22,18,3.0,89.0,1.5,283.0,1.3,0.07,1.9,0.0,Spring,No Holiday,Yes
2018-04-08,44,19,2.5,94.0,1.8,349.0,1.6,0.0,1.0,0.0,Spring,No Holiday,Yes
2018-04-08,93,20,2.7,90.0,1.5,639.0,1.2,0.0,0.0,0.0,Spring,No Holiday,Yes
2018-04-08,170,21,2.8,88.0,2.1,592.0,1.0,0.0,0.0,0.0,Spring,No Holiday,Yes
2018-04-08,177,22,2.7,88.0,2.0,621.0,0.9,0.0,0.0,0.0,Spring,No Holiday,Yes
2018-04-08,182,23,2.9,85.0,0.9,829.0,0.6,0.0,0.0,0.0,Spring,No Holiday,Yes
2018-04-09,197,0,3.2,84.0,0.6,785.0,0.7,0.0,0.0,0.0,Spring,No Holiday,Yes
2018-04-09,140,1,2.8,87.0,0.8,462.0,0.8,0.0,0.0,0.0,Spring,No Holiday,Yes
2018-04-09,97,2,2.2,88.0,0.5,508.0,0.4,0.0,0.0,0.0,Spring,No Holiday,Yes
2018-04-09,52,3,1.6,94.0,0.3,426.0,0.7,0.0,0.0,0.0,Spring,No Holiday,Yes
2018-04-09,43,4,1.1,95.0,0.5,345.0,0.3,0.0,0.0,0.0,Spring,No Holiday,Yes
2018-04-09,91,5,0.7,96.0,1.0,206.0,0.1,0.0,0.0,0.0,Spring,No Holiday,Yes
2018-04-09,239,6,0.1,97.0,0.6,77.0,-0.3,0.0,0.0,0.0,Spring,No Holiday,Yes
2018-04-09,651,7,0.6,97.0,1.3,66.0,0.1,0.05,0.0,0.0,Spring,No Holiday,Yes
2018-04-09,1163,8,1.0,97.0,0.9,148.0,0.5,0.22,0.0,0.0,Spring,No Holiday,Yes
2018-04-09,682,9,2.6,96.0,1.1,316.0,2.0,0.87,0.0,0.0,Spring,No Holiday,Yes
2018-04-09,506,10,5.2,73.0,1.0,668.0,0.7,2.08,0.0,0.0,Spring,No Holiday,Yes
2018-04-09,644,11,7.5,54.0,0.9,1013.0,-1.2,2.49,0.0,0.0,Spring,No Holiday,Yes
2018-04-09,799,12,10.4,44.0,1.7,1235.0,-1.3,2.93,0.0,0.0,Spring,No Holiday,Yes
2018-04-09,869,13,12.4,32.0,1.7,1441.0,-3.8,3.06,0.0,0.0,Spring,No Holiday,Yes
2018-04-09,921,14,13.9,26.0,2.5,1537.0,-5.3,2.99,0.0,0.0,Spring,No Holiday,Yes
2018-04-09,1038,15,14.2,24.0,1.8,1743.0,-6.1,2.6,0.0,0.0,Spring,No Holiday,Yes
2018-04-09,1185,16,15.3,24.0,1.5,1534.0,-5.1,2.0,0.0,0.0,Spring,No Holiday,Yes
2018-04-09,1479,17,15.3,26.0,0.9,1257.0,-4.1,1.39,0.0,0.0,Spring,No Holiday,Yes
2018-04-09,2401,18,14.8,24.0,1.3,1514.0,-5.6,0.69,0.0,0.0,Spring,No Holiday,Yes
2018-04-09,1599,19,13.4,33.0,1.2,1356.0,-2.5,0.15,0.0,0.0,Spring,No Holiday,Yes
2018-04-09,1362,20,11.7,34.0,0.9,1393.0,-3.6,0.0,0.0,0.0,Spring,No Holiday,Yes
2018-04-09,1232,21,10.3,38.0,0.5,1433.0,-3.4,0.0,0.0,0.0,Spring,No Holiday,Yes
2018-04-09,1069,22,9.6,41.0,0.5,1428.0,-3.0,0.0,0.0,0.0,Spring,No Holiday,Yes
2018-04-09,623,23,9.6,43.0,1.2,1333.0,-2.3,0.0,0.0,0.0,Spring,No Holiday,Yes
2018-04-10,485,0,9.0,46.0,1.2,1259.0,-2.0,0.0,0.0,0.0,Spring,No Holiday,Yes
2018-04-10,376,1,9.0,44.0,1.0,1314.0,-2.6,0.0,0.0,0.0,Spring,No Holiday,Yes
2018-04-10,250,2,8.8,43.0,1.0,1490.0,-3.1,0.0,0.0,0.0,Spring,No Holiday,Yes
2018-04-10,149,3,8.1,48.0,0.8,1455.0,-2.2,0.0,0.0,0.0,Spring,No Holiday,Yes
2018-04-10,102,4,7.5,48.0,1.0,1458.0,-2.8,0.0,0.0,0.0,Spring,No Holiday,Yes
2018-04-10,123,5,7.1,53.0,0.8,1392.0,-1.8,0.0,0.0,0.0,Spring,No Holiday,Yes
2018-04-10,370,6,6.9,51.0,0.9,1546.0,-2.5,0.0,0.0,0.0,Spring,No Holiday,Yes
2018-04-10,981,7,7.2,50.0,1.1,1454.0,-2.5,0.1,0.0,0.0,Spring,No Holiday,Yes
2018-04-10,1702,8,9.6,38.0,1.4,1527.0,-4.0,0.58,0.0,0.0,Spring,No Holiday,Yes
2018-04-10,982,9,11.9,35.0,1.1,1664.0,-3.1,0.95,0.0,0.0,Spring,No Holiday,Yes
2018-04-10,703,10,15.2,31.0,1.6,1757.0,-1.8,1.84,0.0,0.0,Spring,No Holiday,Yes
2018-04-10,839,11,18.5,27.0,1.3,1610.0,-0.8,2.59,0.0,0.0,Spring,No Holiday,Yes
2018-04-10,1023,12,20.5,37.0,4.6,1761.0,5.2,2.94,0.0,0.0,Spring,No Holiday,Yes
2018-04-10,967,13,21.9,34.0,5.1,1861.0,5.3,2.77,0.0,0.0,Spring,No Holiday,Yes
2018-04-10,913,14,21.2,35.0,7.4,1992.0,5.1,1.8,0.0,0.0,Spring,No Holiday,Yes
2018-04-10,933,15,21.4,33.0,4.8,1998.0,4.4,1.63,0.0,0.0,Spring,No Holiday,Yes
2018-04-10,1080,16,20.9,34.0,5.8,2000.0,4.4,1.37,0.0,0.0,Spring,No Holiday,Yes
2018-04-10,1004,17,20.6,39.0,5.6,2000.0,6.1,0.74,0.0,0.0,Spring,No Holiday,Yes
2018-04-10,1805,18,19.7,52.0,7.2,2000.0,9.5,0.2,0.0,0.0,Spring,No Holiday,Yes
2018-04-10,1153,19,19.2,55.0,5.8,2000.0,9.9,0.01,0.0,0.0,Spring,No Holiday,Yes
2018-04-10,336,20,19.1,58.0,6.1,2000.0,10.6,0.0,0.0,0.0,Spring,No Holiday,Yes
2018-04-10,133,21,17.5,70.0,7.3,1634.0,11.9,0.0,0.5,0.0,Spring,No Holiday,Yes
2018-04-10,75,22,15.8,83.0,5.4,691.0,12.9,0.0,1.5,0.0,Spring,No Holiday,Yes
2018-04-10,212,23,15.1,83.0,4.1,1147.0,12.2,0.0,3.0,0.0,Spring,No Holiday,Yes
2018-04-11,0,0,14.4,82.0,4.6,1041.0,11.3,0.0,0.0,0.0,Spring,No Holiday,No
2018-04-11,0,1,13.6,81.0,3.6,886.0,10.3,0.0,0.0,0.0,Spring,No Holiday,No
2018-04-11,0,2,12.7,80.0,3.9,885.0,9.3,0.0,0.0,0.0,Spring,No Holiday,No
2018-04-11,0,3,11.6,81.0,3.1,687.0,8.4,0.0,0.0,0.0,Spring,No Holiday,No
2018-04-11,0,4,10.2,83.0,3.5,554.0,7.4,0.0,0.0,0.0,Spring,No Holiday,No
2018-04-11,0,5,9.7,84.0,1.7,447.0,7.1,0.0,0.0,0.0,Spring,No Holiday,No
2018-04-11,0,6,9.0,86.0,2.0,442.0,6.7,0.0,0.0,0.0,Spring,No Holiday,No
2018-04-11,0,7,8.8,85.0,1.1,438.0,6.4,0.11,0.0,0.0,Spring,No Holiday,No
2018-04-11,0,8,9.7,77.0,1.6,519.0,5.8,0.68,0.0,0.0,Spring,No Holiday,No
2018-04-11,0,9,11.8,59.0,2.1,975.0,4.0,1.44,0.0,0.0,Spring,No Holiday,No
2018-04-11,0,10,13.3,51.0,4.1,1487.0,3.3,2.17,0.0,0.0,Spring,No Holiday,No
2018-04-11,0,11,14.9,44.0,4.0,1468.0,2.7,2.75,0.0,0.0,Spring,No Holiday,No
2018-04-11,0,12,15.7,46.0,3.9,1132.0,4.0,3.05,0.0,0.0,Spring,No Holiday,No
2018-04-11,0,13,15.6,38.0,4.7,1558.0,1.3,3.32,0.0,0.0,Spring,No Holiday,No
2018-04-11,0,14,16.4,28.0,3.4,1804.0,-2.1,3.16,0.0,0.0,Spring,No Holiday,No
2018-04-11,0,15,17.0,28.0,3.5,1804.0,-1.6,2.9,0.0,0.0,Spring,No Holiday,No
2018-04-11,0,16,16.9,23.0,4.4,1938.0,-4.4,2.39,0.0,0.0,Spring,No Holiday,No
2018-04-11,0,17,16.2,22.0,4.1,2000.0,-5.5,1.73,0.0,0.0,Spring,No Holiday,No
2018-04-11,0,18,15.2,21.0,2.9,2000.0,-7.0,0.94,0.0,0.0,Spring,No Holiday,No
2018-04-11,0,19,13.2,28.0,2.9,2000.0,-4.9,0.22,0.0,0.0,Spring,No Holiday,No
2018-04-11,0,20,11.9,33.0,2.0,2000.0,-3.8,0.0,0.0,0.0,Spring,No Holiday,No
2018-04-11,0,21,11.0,34.0,2.1,2000.0,-4.2,0.0,0.0,0.0,Spring,No Holiday,No
2018-04-11,0,22,10.3,42.0,1.0,1923.0,-2.0,0.0,0.0,0.0,Spring,No Holiday,No
2018-04-11,0,23,9.7,45.0,2.0,1969.0,-1.6,0.0,0.0,0.0,Spring,No Holiday,No
2018-04-12,504,0,9.5,40.0,2.4,1987.0,-3.4,0.0,0.0,0.0,Spring,No Holiday,Yes
2018-04-12,374,1,8.9,40.0,2.1,2000.0,-3.9,0.0,0.0,0.0,Spring,No Holiday,Yes
2018-04-12,269,2,8.1,45.0,1.0,2000.0,-3.1,0.0,0.0,0.0,Spring,No Holiday,Yes
2018-04-12,182,3,7.8,49.0,1.4,1972.0,-2.2,0.0,0.0,0.0,Spring,No Holiday,Yes
2018-04-12,98,4,7.5,53.0,1.0,1701.0,-1.4,0.0,0.0,0.0,Spring,No Holiday,Yes
2018-04-12,144,5,7.1,57.0,0.8,1746.0,-0.8,0.0,0.0,0.0,Spring,No Holiday,Yes
2018-04-12,375,6,7.1,55.0,1.8,1780.0,-1.3,0.0,0.0,0.0,Spring,No Holiday,Yes
2018-04-12,1054,7,7.6,54.0,1.7,1690.0,-1.1,0.13,0.0,0.0,Spring,No Holiday,Yes
2018-04-12,1789,8,8.9,48.0,1.1,1444.0,-1.5,0.69,0.0,0.0,Spring,No Holiday,Yes
2018-04-12,952,9,11.5,43.0,1.7,1818.0,-0.6,1.43,0.0,0.0,Spring,No Holiday,Yes
2018-04-12,686,10,13.8,39.0,2.3,1659.0,0.0,2.09,0.0,0.0,Spring,No Holiday,Yes
2018-04-12,829,11,16.2,30.0,2.4,1700.0,-1.4,2.68,0.0,0.0,Spring,No Holiday,Yes
2018-04-12,969,12,17.5,20.0,4.6,2000.0,-5.7,3.07,0.0,0.0,Spring,No Holiday,Yes
2018-04-12,1029,13,18.1,18.0,5.1,1939.0,-6.6,3.2,0.0,0.0,Spring,No Holiday,Yes
2018-04-12,990,14,18.8,27.0,4.9,1888.0,-0.6,3.13,0.0,0.0,Spring,No Holiday,Yes
2018-04-12,1074,15,19.4,24.0,3.9,2000.0,-1.7,2.86,0.0,0.0,Spring,No Holiday,Yes
2018-04-12,1273,16,18.8,23.0,4.2,1956.0,-2.7,2.39,0.0,0.0,Spring,No Holiday,Yes
2018-04-12,1664,17,18.6,22.0,3.7,1978.0,-3.5,1.72,0.0,0.0,Spring,No Holiday,Yes
2018-04-12,2359,18,17.9,16.0,3.7,2000.0,-8.3,0.92,0.0,0.0,Spring,No Holiday,Yes
2018-04-12,1641,19,15.9,14.0,2.8,2000.0,-11.6,0.25,0.0,0.0,Spring,No Holiday,Yes
2018-04-12,1319,20,14.2,15.0,2.6,2000.0,-12.1,0.0,0.0,0.0,Spring,No Holiday,Yes
2018-04-12,1241,21,13.4,15.0,2.7,2000.0,-12.7,0.0,0.0,0.0,Spring,No Holiday,Yes
2018-04-12,1142,22,13.5,15.0,2.2,2000.0,-12.6,0.0,0.0,0.0,Spring,No Holiday,Yes
2018-04-12,772,23,12.6,16.0,1.7,2000.0,-12.6,0.0,0.0,0.0,Spring,No Holiday,Yes
2018-04-13,525,0,11.4,22.0,1.5,2000.0,-9.6,0.0,0.0,0.0,Spring,No Holiday,Yes
2018-04-13,432,1,10.0,23.0,0.7,2000.0,-10.2,0.0,0.0,0.0,Spring,No Holiday,Yes
2018-04-13,257,2,9.7,23.0,1.4,2000.0,-10.4,0.0,0.0,0.0,Spring,No Holiday,Yes
2018-04-13,167,3,9.9,27.0,1.3,2000.0,-8.2,0.0,0.0,0.0,Spring,No Holiday,Yes
2018-04-13,112,4,9.7,29.0,1.8,2000.0,-7.5,0.0,0.0,0.0,Spring,No Holiday,Yes
2018-04-13,156,5,9.1,34.0,0.9,2000.0,-5.9,0.0,0.0,0.0,Spring,No Holiday,Yes
2018-04-13,368,6,8.3,35.0,0.3,2000.0,-6.2,0.0,0.0,0.0,Spring,No Holiday,Yes
2018-04-13,999,7,8.8,33.0,1.2,2000.0,-6.6,0.11,0.0,0.0,Spring,No Holiday,Yes
2018-04-13,1721,8,10.6,27.0,1.1,2000.0,-7.6,0.39,0.0,0.0,Spring,No Holiday,Yes
2018-04-13,982,9,13.2,22.0,1.1,2000.0,-8.0,0.93,0.0,0.0,Spring,No Holiday,Yes
2018-04-13,741,10,15.7,18.0,1.6,1980.0,-8.6,1.66,0.0,0.0,Spring,No Holiday,Yes
2018-04-13,867,11,16.9,15.0,1.7,1994.0,-9.9,1.8,0.0,0.0,Spring,No Holiday,Yes
2018-04-13,1095,12,18.2,15.0,1.6,2000.0,-8.9,2.27,0.0,0.0,Spring,No Holiday,Yes
2018-04-13,973,13,19.0,15.0,1.4,2000.0,-8.2,2.02,0.0,0.0,Spring,No Holiday,Yes
2018-04-13,1063,14,18.7,14.0,1.6,2000.0,-9.3,1.25,0.0,0.0,Spring,No Holiday,Yes
2018-04-13,1108,15,18.6,15.0,0.9,1991.0,-8.5,0.81,0.0,0.0,Spring,No Holiday,Yes
2018-04-13,1270,16,18.3,16.0,1.0,2000.0,-7.9,0.7,0.0,0.0,Spring,No Holiday,Yes
2018-04-13,1662,17,18.1,16.0,1.4,2000.0,-8.1,0.45,0.0,0.0,Spring,No Holiday,Yes
2018-04-13,2404,18,17.5,18.0,1.3,2000.0,-7.1,0.23,0.0,0.0,Spring,No Holiday,Yes
2018-04-13,1641,19,16.9,19.0,0.5,2000.0,-6.9,0.06,0.0,0.0,Spring,No Holiday,Yes
2018-04-13,1359,20,16.2,22.0,0.9,2000.0,-5.5,0.0,0.0,0.0,Spring,No Holiday,Yes
2018-04-13,1311,21,16.4,24.0,2.9,1983.0,-4.2,0.0,0.0,0.0,Spring,No Holiday,Yes
2018-04-13,1178,22,16.3,25.0,2.0,2000.0,-3.7,0.0,0.0,0.0,Spring,No Holiday,Yes
2018-04-13,849,23,15.5,27.0,3.5,2000.0,-3.4,0.0,0.0,0.0,Spring,No Holiday,Yes
2018-04-14,664,0,14.8,27.0,2.1,2000.0,-4.0,0.0,0.0,0.0,Spring,No Holiday,Yes
2018-04-14,513,1,14.1,25.0,1.8,2000.0,-5.6,0.0,0.0,0.0,Spring,No Holiday,Yes
2018-04-14,253,2,13.5,27.0,1.6,2000.0,-5.1,0.0,0.0,0.0,Spring,No Holiday,Yes
2018-04-14,62,3,12.1,41.0,1.0,2000.0,-0.7,0.0,0.2,0.0,Spring,No Holiday,Yes
2018-04-14,39,4,10.3,72.0,1.0,2000.0,5.4,0.0,0.8,0.0,Spring,No Holiday,Yes
2018-04-14,20,5,9.5,76.0,0.8,1962.0,5.4,0.0,0.0,0.0,Spring,No Holiday,Yes
2018-04-14,12,6,8.7,80.0,1.1,1518.0,5.4,0.0,1.0,0.0,Spring,No Holiday,Yes
2018-04-14,18,7,8.2,88.0,0.7,607.0,6.3,0.01,2.0,0.0,Spring,No Holiday,Yes
2018-04-14,17,8,7.7,88.0,1.4,516.0,5.8,0.08,1.0,0.0,Spring,No Holiday,Yes
2018-04-14,17,9,7.5,94.0,1.5,506.0,6.5,0.15,1.5,0.0,Spring,No Holiday,Yes
2018-04-14,43,10,7.7,94.0,1.0,685.0,6.7,0.28,1.5,0.0,Spring,No Holiday,Yes
2018-04-14,52,11,8.1,94.0,1.2,802.0,7.1,0.39,0.5,0.0,Spring,No Holiday,Yes
2018-04-14,75,12,8.6,94.0,1.1,389.0,7.6,0.49,0.0,0.0,Spring,No Holiday,Yes
2018-04-14,70,13,8.8,93.0,1.7,597.0,7.7,0.38,0.0,0.0,Spring,No Holiday,Yes
2018-04-14,122,14,8.9,94.0,1.3,1129.0,7.9,0.29,0.5,0.0,Spring,No Holiday,Yes
2018-04-14,203,15,8.6,88.0,3.2,1211.0,6.7,0.17,0.0,0.0,Spring,No Holiday,Yes
2018-04-14,445,16,8.9,87.0,1.8,2000.0,6.8,0.32,0.0,0.0,Spring,No Holiday,Yes
2018-04-14,675,17,9.3,81.0,2.4,2000.0,6.1,0.52,0.0,0.0,Spring,No Holiday,Yes
2018-04-14,706,18,9.6,79.0,1.8,2000.0,6.1,0.39,0.0,0.0,Spring,No Holiday,Yes
2018-04-14,612,19,9.5,76.0,2.3,2000.0,5.4,0.02,0.0,0.0,Spring,No Holiday,Yes
2018-04-14,640,20,9.4,76.0,2.6,1376.0,5.3,0.0,0.0,0.0,Spring,No Holiday,Yes
2018-04-14,633,21,9.1,76.0,3.5,1113.0,5.0,0.0,0.0,0.0,Spring,No Holiday,Yes
2018-04-14,586,22,8.8,77.0,3.2,1258.0,4.9,0.0,0.0,0.0,Spring,No Holiday,Yes
2018-04-14,503,23,8.4,77.0,3.8,1662.0,4.5,0.0,0.0,0.0,Spring,No Holiday,Yes
2018-04-15,475,0,7.8,78.0,1.8,1741.0,4.1,0.0,0.0,0.0,Spring,No Holiday,Yes
2018-04-15,349,1,7.1,78.0,3.6,1662.0,3.5,0.0,0.0,0.0,Spring,No Holiday,Yes
2018-04-15,254,2,6.7,80.0,2.8,1342.0,3.4,0.0,0.0,0.0,Spring,No Holiday,Yes
2018-04-15,183,3,6.4,83.0,2.3,1158.0,3.7,0.0,0.0,0.0,Spring,No Holiday,Yes
2018-04-15,110,4,6.0,84.0,1.7,951.0,3.4,0.0,0.0,0.0,Spring,No Holiday,Yes
2018-04-15,65,5,5.8,85.0,1.3,829.0,3.4,0.0,0.0,0.0,Spring,No Holiday,Yes
2018-04-15,102,6,5.6,85.0,1.2,769.0,3.2,0.0,0.0,0.0,Spring,No Holiday,Yes
2018-04-15,223,7,5.8,83.0,1.1,733.0,3.1,0.15,0.0,0.0,Spring,No Holiday,Yes
2018-04-15,401,8,7.0,78.0,0.9,656.0,3.4,0.56,0.0,0.0,Spring,No Holiday,Yes
2018-04-15,513,9,8.6,66.0,1.7,881.0,2.5,1.16,0.0,0.0,Spring,No Holiday,Yes
2018-04-15,582,10,10.3,62.0,2.1,914.0,3.3,1.76,0.0,0.0,Spring,No Holiday,Yes
2018-04-15,797,11,11.8,57.0,2.6,1041.0,3.5,2.18,0.0,0.0,Spring,No Holiday,Yes
2018-04-15,1105,12,12.5,53.0,3.4,1324.0,3.1,2.52,0.0,0.0,Spring,No Holiday,Yes
2018-04-15,1229,13,13.5,46.0,3.4,1325.0,2.0,2.71,0.0,0.0,Spring,No Holiday,Yes
2018-04-15,1083,14,13.7,50.0,3.7,1218.0,3.4,2.3,0.0,0.0,Spring,No Holiday,Yes
2018-04-15,62,15,13.1,54.0,4.1,1264.0,3.9,1.98,0.0,0.0,Spring,No Holiday,Yes
2018-04-15,124,16,12.0,61.0,3.6,1374.0,4.6,0.57,0.0,0.0,Spring,No Holiday,Yes
2018-04-15,42,17,11.8,60.0,2.9,1457.0,4.2,0.6,0.0,0.0,Spring,No Holiday,Yes
2018-04-15,343,18,11.9,58.0,2.2,1645.0,3.8,0.61,0.0,0.0,Spring,No Holiday,Yes
2018-04-15,317,19,11.0,62.0,2.1,1661.0,3.9,0.19,0.0,0.0,Spring,No Holiday,Yes
2018-04-15,297,20,10.3,62.0,2.0,1749.0,3.3,0.0,0.0,0.0,Spring,No Holiday,Yes
2018-04-15,464,21,9.6,66.0,1.7,1850.0,3.5,0.0,0.0,0.0,Spring,No Holiday,Yes
2018-04-15,620,22,9.0,65.0,1.7,1953.0,2.7,0.0,0.0,0.0,Spring,No Holiday,Yes
2018-04-15,467,23,8.6,69.0,2.2,1730.0,3.2,0.0,0.0,0.0,Spring,No Holiday,Yes
2018-04-16,401,0,8.3,59.0,2.1,1912.0,0.7,0.0,0.0,0.0,Spring,No Holiday,Yes
2018-04-16,226,1,7.6,62.0,1.2,1885.0,0.7,0.0,0.0,0.0,Spring,No Holiday,Yes
2018-04-16,126,2,7.1,64.0,0.9,1756.0,0.7,0.0,0.0,0.0,Spring,No Holiday,Yes
2018-04-16,107,3,6.4,67.0,1.4,1668.0,0.7,0.0,0.0,0.0,Spring,No Holiday,Yes
2018-04-16,75,4,5.9,68.0,0.7,1590.0,0.4,0.0,0.0,0.0,Spring,No Holiday,Yes
2018-04-16,132,5,5.3,73.0,0.8,1474.0,0.8,0.0,0.0,0.0,Spring,No Holiday,Yes
2018-04-16,405,6,5.0,70.0,0.7,1739.0,0.0,0.0,0.0,0.0,Spring,No Holiday,Yes
2018-04-16,1049,7,5.0,67.0,1.0,1774.0,-0.6,0.18,0.0,0.0,Spring,No Holiday,Yes
2018-04-16,1713,8,6.9,54.0,0.7,1706.0,-1.7,0.85,0.0,0.0,Spring,No Holiday,Yes
2018-04-16,922,9,10.1,42.0,0.8,1911.0,-2.2,1.57,0.0,0.0,Spring,No Holiday,Yes
2018-04-16,700,10,12.4,34.0,1.2,1943.0,-3.0,2.24,0.0,0.0,Spring,No Holiday,Yes
2018-04-16,855,11,14.1,32.0,1.3,2000.0,-2.3,2.67,0.0,0.0,Spring,No Holiday,Yes
2018-04-16,1052,12,15.5,33.0,2.5,1893.0,-0.7,3.1,0.0,0.0,Spring,No Holiday,Yes
2018-04-16,973,13,16.6,30.0,2.3,1876.0,-1.0,3.21,0.0,0.0,Spring,No Holiday,Yes
2018-04-16,1016,14,18.0,28.0,1.6,1820.0,-0.8,3.11,0.0,0.0,Spring,No Holiday,Yes
2018-04-16,1145,15,18.4,25.0,2.0,1809.0,-2.0,2.8,0.0,0.0,Spring,No Holiday,Yes
2018-04-16,1452,16,18.5,24.0,3.0,1773.0,-2.4,2.27,0.0,0.0,Spring,No Holiday,Yes
2018-04-16,1753,17,18.7,21.0,2.5,1871.0,-4.1,1.65,0.0,0.0,Spring,No Holiday,Yes
2018-04-16,2692,18,17.0,28.0,3.1,2000.0,-1.6,0.88,0.0,0.0,Spring,No Holiday,Yes
2018-04-16,1719,19,13.8,32.0,3.4,1992.0,-2.6,0.26,0.0,0.0,Spring,No Holiday,Yes
2018-04-16,1498,20,12.1,35.0,2.4,1954.0,-2.9,0.0,0.0,0.0,Spring,No Holiday,Yes
2018-04-16,1355,21,11.1,39.0,1.5,1734.0,-2.3,0.0,0.0,0.0,Spring,No Holiday,Yes
2018-04-16,1099,22,10.8,33.0,0.9,2000.0,-4.8,0.0,0.0,0.0,Spring,No Holiday,Yes
2018-04-16,733,23,9.7,33.0,0.4,2000.0,-5.8,0.0,0.0,0.0,Spring,No Holiday,Yes
2018-04-17,503,0,9.6,31.0,0.8,2000.0,-6.7,0.0,0.0,0.0,Spring,No Holiday,Yes
2018-04-17,421,1,9.0,36.0,1.0,1994.0,-5.3,0.0,0.0,0.0,Spring,No Holiday,Yes
2018-04-17,237,2,8.4,45.0,0.9,1987.0,-2.8,0.0,0.0,0.0,Spring,No Holiday,Yes
2018-04-17,164,3,7.8,49.0,1.0,1975.0,-2.2,0.0,0.0,0.0,Spring,No Holiday,Yes
2018-04-17,110,4,7.6,52.0,0.4,1935.0,-1.6,0.0,0.0,0.0,Spring,No Holiday,Yes
2018-04-17,143,5,7.4,56.0,0.6,1746.0,-0.8,0.0,0.0,0.0,Spring,No Holiday,Yes
2018-04-17,406,6,6.9,57.0,0.5,1775.0,-1.0,0.0,0.0,0.0,Spring,No Holiday,Yes
2018-04-17,1100,7,6.9,57.0,1.1,1633.0,-1.0,0.18,0.0,0.0,Spring,No Holiday,Yes
2018-04-17,1920,8,8.7,49.0,0.8,1520.0,-1.4,0.68,0.0,0.0,Spring,No Holiday,Yes
2018-04-17,1013,9,12.0,39.0,0.6,1386.0,-1.5,1.44,0.0,0.0,Spring,No Holiday,Yes
2018-04-17,731,10,14.7,31.0,1.1,1240.0,-2.2,2.04,0.0,0.0,Spring,No Holiday,Yes
2018-04-17,822,11,16.9,27.0,1.5,1354.0,-2.2,2.66,0.0,0.0,Spring,No Holiday,Yes
2018-04-17,1112,12,18.0,26.0,2.2,1459.0,-1.8,3.03,0.0,0.0,Spring,No Holiday,Yes
2018-04-17,1007,13,19.1,26.0,2.5,1134.0,-0.8,3.16,0.0,0.0,Spring,No Holiday,Yes
2018-04-17,1037,14,19.8,23.0,2.6,1472.0,-1.9,3.01,0.0,0.0,Spring,No Holiday,Yes
2018-04-17,1120,15,19.9,26.0,3.5,1628.0,-0.1,2.8,0.0,0.0,Spring,No Holiday,Yes
2018-04-17,1312,16,19.5,28.0,3.0,1605.0,0.4,2.24,0.0,0.0,Spring,No Holiday,Yes
2018-04-17,1632,17,18.3,29.0,4.3,1626.0,0.0,1.61,0.0,0.0,Spring,No Holiday,Yes
2018-04-17,1727,18,17.1,31.0,3.3,1501.0,-0.1,0.93,0.0,0.0,Spring,No Holiday,Yes
2018-04-17,1356,19,14.5,31.0,3.1,1558.0,-2.4,0.25,0.0,0.0,Spring,No Holiday,Yes
2018-04-17,1290,20,12.5,31.0,3.8,1746.0,-4.2,0.0,0.0,0.0,Spring,No Holiday,Yes
2018-04-17,1320,21,11.7,31.0,2.6,1617.0,-4.9,0.0,0.0,0.0,Spring,No Holiday,Yes
2018-04-17,1071,22,11.0,34.0,1.2,1529.0,-4.2,0.0,0.0,0.0,Spring,No Holiday,Yes
2018-04-17,680,23,10.1,41.0,1.1,1509.0,-2.5,0.0,0.0,0.0,Spring,No Holiday,Yes
2018-04-18,515,0,9.6,44.0,2.2,1417.0,-2.0,0.0,0.0,0.0,Spring,No Holiday,Yes
2018-04-18,375,1,8.9,45.0,2.1,1456.0,-2.4,0.0,0.0,0.0,Spring,No Holiday,Yes
2018-04-18,260,2,8.7,44.0,1.6,1684.0,-2.8,0.0,0.0,0.0,Spring,No Holiday,Yes
2018-04-18,164,3,7.9,45.0,0.7,1770.0,-3.3,0.0,0.0,0.0,Spring,No Holiday,Yes
2018-04-18,105,4,7.2,49.0,0.8,1546.0,-2.8,0.0,0.0,0.0,Spring,No Holiday,Yes
2018-04-18,154,5,6.7,50.0,1.6,1774.0,-3.0,0.0,0.0,0.0,Spring,No Holiday,Yes
2018-04-18,395,6,6.2,52.0,0.8,1609.0,-2.9,0.0,0.0,0.0,Spring,No Holiday,Yes
2018-04-18,1083,7,6.4,51.0,1.0,1398.0,-3.0,0.19,0.0,0.0,Spring,No Holiday,Yes
2018-04-18,1815,8,8.3,36.0,0.6,1335.0,-5.9,0.82,0.0,0.0,Spring,No Holiday,Yes
2018-04-18,987,9,11.2,31.0,1.7,1299.0,-5.3,1.59,0.0,0.0,Spring,No Holiday,Yes
2018-04-18,761,10,13.7,26.0,2.3,1476.0,-5.4,2.25,0.0,0.0,Spring,No Holiday,Yes
2018-04-18,845,11,15.5,22.0,1.4,1762.0,-6.1,2.82,0.0,0.0,Spring,No Holiday,Yes
2018-04-18,1047,12,16.5,17.0,3.3,1819.0,-8.6,3.13,0.0,0.0,Spring,No Holiday,Yes
2018-04-18,975,13,17.7,16.0,2.8,1824.0,-8.4,3.27,0.0,0.0,Spring,No Holiday,Yes
2018-04-18,967,14,18.9,15.0,1.8,1822.0,-8.3,3.17,0.0,0.0,Spring,No Holiday,Yes
2018-04-18,1149,15,19.0,21.0,3.3,1716.0,-3.8,2.88,0.0,0.0,Spring,No Holiday,Yes
2018-04-18,1346,16,18.5,22.0,2.7,1515.0,-3.6,2.27,0.0,0.0,Spring,No Holiday,Yes
2018-04-18,1738,17,17.8,26.0,3.3,1439.0,-1.9,1.63,0.0,0.0,Spring,No Holiday,Yes
2018-04-18,1918,18,16.6,33.0,3.4,1182.0,0.2,0.86,0.0,0.0,Spring,No Holiday,Yes
2018-04-18,842,19,14.7,40.0,2.4,1207.0,1.2,0.21,0.0,0.0,Spring,No Holiday,Yes
2018-04-18,1346,20,13.0,41.0,2.3,1164.0,0.0,0.0,0.0,0.0,Spring,No Holiday,Yes
2018-04-18,1209,21,12.1,40.0,2.0,1308.0,-1.1,0.0,0.0,0.0,Spring,No Holiday,Yes
2018-04-18,1003,22,11.3,42.0,1.6,1189.0,-1.1,0.0,0.0,0.0,Spring,No Holiday,Yes
2018-04-18,671,23,10.7,42.0,0.9,1236.0,-1.7,0.0,0.0,0.0,Spring,No Holiday,Yes
2018-04-19,520,0,9.8,44.0,1.4,1268.0,-1.8,0.0,0.0,0.0,Spring,No Holiday,Yes
2018-04-19,42,1,9.3,45.0,0.8,1263.0,-2.0,0.0,0.0,0.0,Spring,No Holiday,Yes
2018-04-19,281,2,8.8,49.0,0.7,1272.0,-1.3,0.0,0.0,0.0,Spring,No Holiday,Yes
2018-04-19,206,3,8.6,53.0,1.5,1185.0,-0.4,0.0,0.0,0.0,Spring,No Holiday,Yes
2018-04-19,125,4,8.3,53.0,1.1,1007.0,-0.7,0.0,0.0,0.0,Spring,No Holiday,Yes
2018-04-19,153,5,7.9,59.0,1.4,1005.0,0.3,0.0,0.0,0.0,Spring,No Holiday,Yes
2018-04-19,367,6,7.6,55.0,1.2,1021.0,-0.8,0.0,0.0,0.0,Spring,No Holiday,Yes
2018-04-19,254,7,7.7,48.0,0.4,1110.0,-2.6,0.19,0.0,0.0,Spring,No Holiday,Yes
2018-04-19,20,8,9.6,39.0,0.8,1003.0,-3.7,0.79,0.0,0.0,Spring,No Holiday,Yes
2018-04-19,316,9,12.4,29.0,1.5,1380.0,-5.1,1.49,0.0,0.0,Spring,No Holiday,Yes
2018-04-19,139,10,14.7,29.0,1.7,1070.0,-3.1,2.07,0.0,0.0,Spring,No Holiday,Yes
2018-04-19,795,11,16.1,23.0,2.5,1361.0,-5.0,2.52,0.0,0.0,Spring,No Holiday,Yes
2018-04-19,919,12,17.8,21.0,2.7,1335.0,-4.8,2.79,0.0,0.0,Spring,No Holiday,Yes
2018-04-19,930,13,19.2,17.0,2.2,1448.0,-6.4,2.89,0.0,0.0,Spring,No Holiday,Yes
2018-04-19,996,14,20.5,17.0,3.1,1512.0,-5.4,2.83,0.0,0.0,Spring,No Holiday,Yes
2018-04-19,1039,15,20.2,21.0,4.8,1161.0,-2.8,2.53,0.0,0.0,Spring,No Holiday,Yes
2018-04-19,1198,16,19.8,25.0,4.4,1132.0,-0.8,2.02,0.0,0.0,Spring,No Holiday,Yes
2018-04-19,1534,17,20.1,27.0,1.9,1088.0,0.4,1.38,0.0,0.0,Spring,No Holiday,Yes
2018-04-19,2198,18,19.1,31.0,3.0,958.0,1.5,0.7,0.0,0.0,Spring,No Holiday,Yes
2018-04-19,1489,19,17.4,34.0,2.2,779.0,1.3,0.16,0.0,0.0,Spring,No Holiday,Yes
2018-04-19,1313,20,15.5,38.0,1.7,745.0,1.2,0.0,0.0,0.0,Spring,No Holiday,Yes
2018-04-19,1165,21,14.2,44.0,2.4,1290.0,2.1,0.0,0.0,0.0,Spring,No Holiday,Yes
2018-04-19,1054,22,13.4,49.0,1.1,1326.0,2.8,0.0,0.0,0.0,Spring,No Holiday,Yes
2018-04-19,677,23,12.9,51.0,1.7,1200.0,2.9,0.0,0.0,0.0,Spring,No Holiday,Yes
2018-04-20,553,0,12.4,56.0,0.5,1028.0,3.8,0.0,0.0,0.0,Spring,No Holiday,Yes
2018-04-20,436,1,11.8,60.0,0.2,918.0,4.2,0.0,0.0,0.0,Spring,No Holiday,Yes
2018-04-20,305,2,11.7,63.0,0.5,904.0,4.8,0.0,0.0,0.0,Spring,No Holiday,Yes
2018-04-20,188,3,11.3,61.0,0.3,934.0,4.0,0.0,0.0,0.0,Spring,No Holiday,Yes
2018-04-20,134,4,11.4,60.0,0.8,932.0,3.8,0.0,0.0,0.0,Spring,No Holiday,Yes
2018-04-20,168,5,11.4,60.0,0.4,851.0,3.8,0.0,0.0,0.0,Spring,No Holiday,Yes
2018-04-20,414,6,11.2,63.0,0.7,821.0,4.4,0.0,0.0,0.0,Spring,No Holiday,Yes
2018-04-20,979,7,11.3,62.0,0.7,774.0,4.2,0.17,0.0,0.0,Spring,No Holiday,Yes
2018-04-20,1659,8,13.0,54.0,1.2,738.0,3.8,0.68,0.0,0.0,Spring,No Holiday,Yes
2018-04-20,962,9,15.8,42.0,0.9,683.0,2.8,1.37,0.0,0.0,Spring,No Holiday,Yes
2018-04-20,708,10,18.2,36.0,1.0,620.0,2.8,1.99,0.0,0.0,Spring,No Holiday,Yes
2018-04-20,805,11,20.6,34.0,2.2,705.0,4.1,2.51,0.0,0.0,Spring,No Holiday,Yes
2018-04-20,1019,12,22.5,33.0,1.8,894.0,5.4,2.88,0.0,0.0,Spring,No Holiday,Yes
2018-04-20,973,13,24.2,30.0,1.5,835.0,5.5,3.03,0.0,0.0,Spring,No Holiday,Yes
2018-04-20,970,14,25.9,28.0,2.2,808.0,5.9,2.92,0.0,0.0,Spring,No Holiday,Yes
2018-04-20,1080,15,26.1,27.0,1.8,581.0,5.6,2.59,0.0,0.0,Spring,No Holiday,Yes
2018-04-20,1206,16,25.7,30.0,3.4,600.0,6.8,2.07,0.0,0.0,Spring,No Holiday,Yes
2018-04-20,1543,17,25.6,30.0,2.3,671.0,6.7,1.47,0.0,0.0,Spring,No Holiday,Yes
2018-04-20,2268,18,24.7,33.0,2.3,687.0,7.3,0.78,0.0,0.0,Spring,No Holiday,Yes
2018-04-20,1578,19,22.9,35.0,1.8,714.0,6.6,0.22,0.0,0.0,Spring,No Holiday,Yes
2018-04-20,1358,20,21.1,43.0,1.8,788.0,8.0,0.0,0.0,0.0,Spring,No Holiday,Yes
2018-04-20,1213,21,19.2,50.0,1.5,842.0,8.5,0.0,0.0,0.0,Spring,No Holiday,Yes
2018-04-20,1183,22,18.2,52.0,1.3,818.0,8.1,0.0,0.0,0.0,Spring,No Holiday,Yes
2018-04-20,891,23,17.3,57.0,0.6,807.0,8.6,0.0,0.0,0.0,Spring,No Holiday,Yes
2018-04-21,707,0,16.3,59.0,0.2,756.0,8.2,0.0,0.0,0.0,Spring,No Holiday,Yes
2018-04-21,628,1,15.5,60.0,1.1,658.0,7.7,0.0,0.0,0.0,Spring,No Holiday,Yes
2018-04-21,436,2,14.7,63.0,1.8,611.0,7.7,0.0,0.0,0.0,Spring,No Holiday,Yes
2018-04-21,307,3,14.2,62.0,1.4,583.0,7.0,0.0,0.0,0.0,Spring,No Holiday,Yes
2018-04-21,166,4,13.6,67.0,1.6,521.0,7.5,0.0,0.0,0.0,Spring,No Holiday,Yes
2018-04-21,122,5,13.0,70.0,0.5,385.0,7.6,0.0,0.0,0.0,Spring,No Holiday,Yes
2018-04-21,184,6,12.3,67.0,0.5,483.0,6.3,0.0,0.0,0.0,Spring,No Holiday,Yes
2018-04-21,324,7,12.5,68.0,1.1,457.0,6.7,0.22,0.0,0.0,Spring,No Holiday,Yes
2018-04-21,600,8,14.6,54.0,0.9,431.0,5.3,0.89,0.0,0.0,Spring,No Holiday,Yes
2018-04-21,647,9,18.1,33.0,1.1,512.0,1.5,1.61,0.0,0.0,Spring,No Holiday,Yes
2018-04-21,702,10,20.6,24.0,2.0,950.0,-0.7,2.29,0.0,0.0,Spring,No Holiday,Yes
2018-04-21,872,11,23.1,19.0,2.0,1172.0,-1.8,2.85,0.0,0.0,Spring,No Holiday,Yes
2018-04-21,1130,12,24.3,14.0,3.3,1701.0,-4.9,3.19,0.0,0.0,Spring,No Holiday,Yes
2018-04-21,1315,13,24.6,10.0,2.7,2000.0,-9.0,3.31,0.0,0.0,Spring,No Holiday,Yes
2018-04-21,1511,14,25.0,14.0,3.8,1858.0,-4.3,3.29,0.0,0.0,Spring,No Holiday,Yes
2018-04-21,1730,15,25.0,13.0,4.1,2000.0,-5.3,2.98,0.0,0.0,Spring,No Holiday,Yes
2018-04-21,1942,16,24.8,13.0,3.3,1955.0,-5.5,2.5,0.0,0.0,Spring,No Holiday,Yes
2018-04-21,2032,17,23.2,12.0,3.6,2000.0,-7.8,1.69,0.0,0.0,Spring,No Holiday,Yes
2018-04-21,1986,18,22.2,11.0,3.0,2000.0,-9.7,0.98,0.0,0.0,Spring,No Holiday,Yes
2018-04-21,1711,19,20.7,15.0,2.0,2000.0,-6.9,0.34,0.0,0.0,Spring,No Holiday,Yes
2018-04-21,1581,20,19.1,18.0,1.2,2000.0,-5.8,0.0,0.0,0.0,Spring,No Holiday,Yes
2018-04-21,1491,21,17.8,21.0,1.2,2000.0,-4.8,0.0,0.0,0.0,Spring,No Holiday,Yes
2018-04-21,1292,22,16.7,28.0,1.0,1996.0,-1.9,0.0,0.0,0.0,Spring,No Holiday,Yes
2018-04-21,988,23,16.0,33.0,0.5,1996.0,-0.2,0.0,0.0,0.0,Spring,No Holiday,Yes
2018-04-22,826,0,15.9,35.0,0.3,1995.0,0.4,0.0,0.0,0.0,Spring,No Holiday,Yes
2018-04-22,578,1,15.9,39.0,0.2,2000.0,1.9,0.0,0.0,0.0,Spring,No Holiday,Yes
2018-04-22,410,2,15.4,41.0,0.5,1319.0,2.1,0.0,0.0,0.0,Spring,No Holiday,Yes
2018-04-22,289,3,15.2,31.0,0.3,2000.0,-1.8,0.0,0.0,0.0,Spring,No Holiday,Yes
2018-04-22,192,4,14.9,35.0,0.8,2000.0,-0.4,0.0,0.0,0.0,Spring,No Holiday,Yes
2018-04-22,136,5,14.8,38.0,0.6,2000.0,0.5,0.0,0.0,0.0,Spring,No Holiday,Yes
2018-04-22,155,6,14.6,42.0,0.5,2000.0,1.8,0.0,0.0,0.0,Spring,No Holiday,Yes
2018-04-22,278,7,15.0,41.0,0.3,2000.0,1.8,0.12,0.0,0.0,Spring,No Holiday,Yes
2018-04-22,429,8,16.3,40.0,0.8,1982.0,2.6,0.25,0.0,0.0,Spring,No Holiday,Yes
2018-04-22,247,9,16.9,45.0,0.9,1958.0,4.8,0.27,0.0,0.0,Spring,No Holiday,Yes
2018-04-22,486,10,16.3,62.0,0.8,1639.0,8.9,0.27,0.3,0.0,Spring,No Holiday,Yes
2018-04-22,424,11,17.4,54.0,0.9,1840.0,7.9,0.51,0.0,0.0,Spring,No Holiday,Yes
2018-04-22,631,12,18.9,44.0,0.9,1910.0,6.3,0.75,0.0,0.0,Spring,No Holiday,Yes
2018-04-22,842,13,20.5,35.0,1.1,2000.0,4.4,1.13,0.0,0.0,Spring,No Holiday,Yes
2018-04-22,384,14,20.7,32.0,1.5,1996.0,3.3,0.69,0.0,0.0,Spring,No Holiday,Yes
2018-04-22,234,15,19.6,44.0,2.4,1885.0,7.0,0.47,0.2,0.0,Spring,No Holiday,Yes
2018-04-22,103,16,19.1,52.0,0.9,1583.0,9.0,0.37,0.0,0.0,Spring,No Holiday,Yes
2018-04-22,46,17,17.9,65.0,1.2,965.0,11.2,0.13,1.0,0.0,Spring,No Holiday,Yes
2018-04-22,63,18,16.1,73.0,1.3,1298.0,11.2,0.11,0.5,0.0,Spring,No Holiday,Yes
2018-04-22,32,19,15.2,64.0,1.7,1185.0,8.4,0.02,0.5,0.0,Spring,No Holiday,Yes
2018-04-22,12,20,13.3,80.0,1.8,821.0,9.9,0.0,1.5,0.0,Spring,No Holiday,Yes
2018-04-22,24,21,12.0,86.0,2.3,681.0,9.7,0.0,2.5,0.0,Spring,No Holiday,Yes
2018-04-22,13,22,11.6,89.0,2.0,469.0,9.8,0.0,4.0,0.0,Spring,No Holiday,Yes
2018-04-22,18,23,11.3,94.0,1.6,368.0,10.3,0.0,3.0,0.0,Spring,No Holiday,Yes
2018-04-23,81,0,10.7,94.0,2.6,477.0,9.7,0.0,2.0,0.0,Spring,No Holiday,Yes
2018-04-23,41,1,10.6,87.0,2.3,1523.0,8.5,0.0,0.1,0.0,Spring,No Holiday,Yes
2018-04-23,21,2,10.2,90.0,2.2,490.0,8.6,0.0,0.9,0.0,Spring,No Holiday,Yes
2018-04-23,8,3,9.9,93.0,2.3,990.0,8.8,0.0,0.5,0.0,Spring,No Holiday,Yes
2018-04-23,2,4,9.5,95.0,2.4,410.0,8.7,0.0,3.5,0.0,Spring,No Holiday,Yes
2018-04-23,6,5,9.2,95.0,2.3,404.0,8.4,0.0,2.5,0.0,Spring,No Holiday,Yes
2018-04-23,5,6,9.1,95.0,2.7,373.0,8.3,0.0,7.0,0.0,Spring,No Holiday,Yes
2018-04-23,17,7,9.0,95.0,2.3,294.0,8.2,0.0,6.0,0.0,Spring,No Holiday,Yes
2018-04-23,25,8,8.8,95.0,2.8,519.0,8.0,0.03,5.0,0.0,Spring,No Holiday,Yes
2018-04-23,9,9,8.5,95.0,2.6,447.0,7.7,0.1,8.0,0.0,Spring,No Holiday,Yes
2018-04-23,12,10,8.6,95.0,2.5,578.0,7.8,0.2,4.0,0.0,Spring,No Holiday,Yes
2018-04-23,10,11,8.9,91.0,2.2,437.0,7.5,0.29,1.5,0.0,Spring,No Holiday,Yes
2018-04-23,10,12,9.0,96.0,1.9,481.0,8.3,0.43,5.5,0.0,Spring,No Holiday,Yes
2018-04-23,11,13,9.3,95.0,2.3,419.0,8.5,0.4,2.5,0.0,Spring,No Holiday,Yes
2018-04-23,17,14,9.4,96.0,2.6,304.0,8.7,0.39,4.0,0.0,Spring,No Holiday,Yes
2018-04-23,14,15,9.5,96.0,2.2,350.0,8.8,0.31,1.5,0.0,Spring,No Holiday,Yes
2018-04-23,41,16,9.6,96.0,1.7,1409.0,8.9,0.23,1.0,0.0,Spring,No Holiday,Yes
2018-04-23,42,17,9.4,95.0,1.9,660.0,8.6,0.11,0.5,0.0,Spring,No Holiday,Yes
2018-04-23,39,18,9.4,96.0,1.9,600.0,8.7,0.07,1.0,0.0,Spring,No Holiday,Yes
2018-04-23,50,19,9.4,95.0,1.8,531.0,8.6,0.03,1.5,0.0,Spring,No Holiday,Yes
2018-04-23,37,20,9.4,95.0,1.6,740.0,8.6,0.0,1.0,0.0,Spring,No Holiday,Yes
2018-04-23,82,21,9.4,94.0,2.1,869.0,8.4,0.0,1.5,0.0,Spring,No Holiday,Yes
2018-04-23,164,22,9.6,90.0,1.9,2000.0,8.0,0.0,0.0,0.0,Spring,No Holiday,Yes
2018-04-23,233,23,9.8,87.0,1.9,2000.0,7.7,0.0,0.0,0.0,Spring,No Holiday,Yes
2018-04-24,213,0,9.8,86.0,1.3,2000.0,7.5,0.0,0.0,0.0,Spring,No Holiday,Yes
2018-04-24,157,1,10.1,83.0,1.6,2000.0,7.3,0.0,0.0,0.0,Spring,No Holiday,Yes
2018-04-24,68,2,10.1,83.0,1.4,2000.0,7.3,0.0,0.1,0.0,Spring,No Holiday,Yes
2018-04-24,35,3,9.6,94.0,1.3,523.0,8.6,0.0,2.4,0.0,Spring,No Holiday,Yes
2018-04-24,34,4,9.5,94.0,1.2,2000.0,8.5,0.0,0.5,0.0,Spring,No Holiday,Yes
2018-04-24,77,5,9.4,93.0,1.3,2000.0,8.3,0.0,0.0,0.0,Spring,No Holiday,Yes
2018-04-24,262,6,9.6,87.0,2.0,2000.0,7.5,0.0,0.0,0.0,Spring,No Holiday,Yes
2018-04-24,751,7,9.8,84.0,1.3,2000.0,7.2,0.04,0.0,0.0,Spring,No Holiday,Yes
2018-04-24,1502,8,10.5,79.0,1.3,2000.0,7.0,0.29,0.0,0.0,Spring,No Holiday,Yes
2018-04-24,814,9,12.0,71.0,1.4,2000.0,6.8,0.92,0.0,0.0,Spring,No Holiday,Yes
2018-04-24,638,10,12.9,68.0,1.3,2000.0,7.1,0.97,0.0,0.0,Spring,No Holiday,Yes
2018-04-24,710,11,14.1,62.0,1.6,2000.0,6.9,1.08,0.0,0.0,Spring,No Holiday,Yes
2018-04-24,925,12,15.2,57.0,1.9,2000.0,6.7,1.33,0.0,0.0,Spring,No Holiday,Yes
2018-04-24,923,13,15.9,53.0,2.1,2000.0,6.3,1.54,0.0,0.0,Spring,No Holiday,Yes
2018-04-24,942,14,16.0,52.0,1.7,2000.0,6.1,1.22,0.0,0.0,Spring,No Holiday,Yes
2018-04-24,971,15,16.1,52.0,1.5,2000.0,6.2,0.93,0.0,0.0,Spring,No Holiday,Yes
2018-04-24,1118,16,15.5,52.0,1.7,2000.0,5.6,0.7,0.0,0.0,Spring,No Holiday,Yes
2018-04-24,1462,17,15.1,52.0,1.9,2000.0,5.3,0.64,0.0,0.0,Spring,No Holiday,Yes
2018-04-24,2318,18,14.1,43.0,1.6,2000.0,1.6,0.36,0.0,0.0,Spring,No Holiday,Yes
2018-04-24,1580,19,13.3,37.0,1.2,2000.0,-1.1,0.12,0.0,0.0,Spring,No Holiday,Yes
2018-04-24,1332,20,12.6,49.0,0.8,2000.0,2.1,0.0,0.0,0.0,Spring,No Holiday,Yes
2018-04-24,1372,21,11.5,47.0,1.1,2000.0,0.5,0.0,0.0,0.0,Spring,No Holiday,Yes
2018-04-24,1215,22,10.4,43.0,0.7,2000.0,-1.6,0.0,0.0,0.0,Spring,No Holiday,Yes
2018-04-24,725,23,9.6,44.0,0.7,2000.0,-2.0,0.0,0.0,0.0,Spring,No Holiday,Yes
2018-04-25,536,0,8.9,55.0,0.7,2000.0,0.3,0.0,0.0,0.0,Spring,No Holiday,Yes
2018-04-25,444,1,8.4,58.0,1.1,2000.0,0.6,0.0,0.0,0.0,Spring,No Holiday,Yes
2018-04-25,306,2,7.7,60.0,0.3,1993.0,0.4,0.0,0.0,0.0,Spring,No Holiday,Yes
2018-04-25,206,3,7.1,60.0,0.3,2000.0,-0.1,0.0,0.0,0.0,Spring,No Holiday,Yes
2018-04-25,117,4,6.4,66.0,0.5,2000.0,0.4,0.0,0.0,0.0,Spring,No Holiday,Yes
2018-04-25,148,5,6.0,63.0,0.5,1984.0,-0.5,0.0,0.0,0.0,Spring,No Holiday,Yes
2018-04-25,449,6,5.8,55.0,0.3,2000.0,-2.5,0.0,0.0,0.0,Spring,No Holiday,Yes
2018-04-25,1123,7,6.4,51.0,0.3,1963.0,-3.0,0.27,0.0,0.0,Spring,No Holiday,Yes
2018-04-25,1900,8,8.8,37.0,0.9,1939.0,-5.1,0.89,0.0,0.0,Spring,No Holiday,Yes
2018-04-25,1066,9,11.7,32.0,0.8,1862.0,-4.4,1.6,0.0,0.0,Spring,No Holiday,Yes
2018-04-25,756,10,14.8,29.0,0.6,1749.0,-3.0,2.2,0.0,0.0,Spring,No Holiday,Yes
2018-04-25,938,11,17.5,25.0,1.3,1843.0,-2.7,2.74,0.0,0.0,Spring,No Holiday,Yes
2018-04-25,1192,12,19.4,20.0,1.1,1663.0,-4.1,3.08,0.0,0.0,Spring,No Holiday,Yes
2018-04-25,1141,13,20.8,23.0,1.7,1467.0,-1.1,3.18,0.0,0.0,Spring,No Holiday,Yes
2018-04-25,1161,14,22.1,22.0,2.1,1470.0,-0.6,3.12,0.0,0.0,Spring,No Holiday,Yes
2018-04-25,1180,15,22.8,21.0,2.1,1542.0,-0.6,2.75,0.0,0.0,Spring,No Holiday,Yes
2018-04-25,1447,16,23.1,19.0,3.1,1871.0,-1.8,2.26,0.0,0.0,Spring,No Holiday,Yes
2018-04-25,1878,17,22.9,23.0,2.8,1985.0,0.6,1.64,0.0,0.0,Spring,No Holiday,Yes
2018-04-25,2807,18,21.2,32.0,3.8,1927.0,3.8,0.94,0.0,0.0,Spring,No Holiday,Yes
2018-04-25,1958,19,18.2,36.0,3.5,2000.0,2.8,0.29,0.0,0.0,Spring,No Holiday,Yes
2018-04-25,1651,20,16.8,29.0,4.3,1971.0,-1.3,0.01,0.0,0.0,Spring,No Holiday,Yes
2018-04-25,1593,21,15.9,35.0,1.4,1999.0,0.4,0.0,0.0,0.0,Spring,No Holiday,Yes
2018-04-25,1382,22,15.2,35.0,1.2,1999.0,-0.1,0.0,0.0,0.0,Spring,No Holiday,Yes
2018-04-25,906,23,14.0,45.0,0.6,1901.0,2.2,0.0,0.0,0.0,Spring,No Holiday,Yes
2018-04-26,692,0,13.1,47.0,0.3,1877.0,2.0,0.0,0.0,0.0,Spring,No Holiday,Yes
2018-04-26,546,1,12.4,55.0,1.0,1836.0,3.5,0.0,0.0,0.0,Spring,No Holiday,Yes
2018-04-26,409,2,11.9,57.0,1.0,1793.0,3.6,0.0,0.0,0.0,Spring,No Holiday,Yes
2018-04-26,239,3,11.3,66.0,1.0,1506.0,5.1,0.0,0.0,0.0,Spring,No Holiday,Yes
2018-04-26,140,4,10.7,70.0,0.7,1404.0,5.4,0.0,0.0,0.0,Spring,No Holiday,Yes
2018-04-26,180,5,10.2,73.0,0.8,1137.0,5.5,0.0,0.0,0.0,Spring,No Holiday,Yes
2018-04-26,452,6,10.0,72.0,0.8,1217.0,5.1,0.01,0.0,0.0,Spring,No Holiday,Yes
2018-04-26,1124,7,10.7,68.0,0.8,1093.0,5.0,0.27,0.0,0.0,Spring,No Holiday,Yes
2018-04-26,1933,8,11.7,62.0,0.6,956.0,4.6,0.62,0.0,0.0,Spring,No Holiday,Yes
2018-04-26,1027,9,14.0,54.0,1.5,1054.0,4.8,1.37,0.0,0.0,Spring,No Holiday,Yes
2018-04-26,745,10,16.7,47.0,2.2,1147.0,5.3,2.26,0.0,0.0,Spring,No Holiday,Yes
2018-04-26,930,11,18.1,42.0,2.7,1112.0,4.9,2.17,0.0,0.0,Spring,No Holiday,Yes
2018-04-26,1197,12,19.6,36.0,2.2,962.0,4.1,2.55,0.0,0.0,Spring,No Holiday,Yes
2018-04-26,1084,13,20.6,30.0,2.4,1048.0,2.3,2.67,0.0,0.0,Spring,No Holiday,Yes
2018-04-26,1123,14,21.6,28.0,3.1,1414.0,2.2,2.84,0.0,0.0,Spring,No Holiday,Yes
2018-04-26,1227,15,21.9,23.0,2.6,1463.0,-0.1,2.66,0.0,0.0,Spring,No Holiday,Yes
2018-04-26,1386,16,21.7,23.0,2.5,1404.0,-0.3,1.97,0.0,0.0,Spring,No Holiday,Yes
2018-04-26,1796,17,20.7,30.0,3.3,1482.0,2.4,1.48,0.0,0.0,Spring,No Holiday,Yes
2018-04-26,2574,18,17.4,45.0,3.1,1092.0,5.3,0.75,0.0,0.0,Spring,No Holiday,Yes
2018-04-26,1891,19,15.2,45.0,3.3,1138.0,3.3,0.24,0.0,0.0,Spring,No Holiday,Yes
2018-04-26,1531,20,14.4,50.0,2.7,1216.0,4.0,0.01,0.0,0.0,Spring,No Holiday,Yes
2018-04-26,1447,21,13.4,60.0,2.2,1517.0,5.7,0.0,0.0,0.0,Spring,No Holiday,Yes
2018-04-26,1146,22,12.7,61.0,2.2,1949.0,5.3,0.0,0.0,0.0,Spring,No Holiday,Yes
2018-04-26,851,23,12.1,58.0,1.9,1719.0,4.0,0.0,0.0,0.0,Spring,No Holiday,Yes
2018-04-27,663,0,11.8,59.0,2.4,1535.0,4.0,0.0,0.0,0.0,Spring,No Holiday,Yes
2018-04-27,562,1,11.5,57.0,1.8,1471.0,3.2,0.0,0.0,0.0,Spring,No Holiday,Yes
2018-04-27,361,2,11.2,58.0,1.4,1255.0,3.2,0.0,0.0,0.0,Spring,No Holiday,Yes
2018-04-27,258,3,10.7,63.0,1.1,989.0,3.9,0.0,0.0,0.0,Spring,No Holiday,Yes
2018-04-27,140,4,10.2,65.0,1.5,970.0,3.9,0.0,0.0,0.0,Spring,No Holiday,Yes
2018-04-27,170,5,9.9,69.0,1.1,808.0,4.4,0.0,0.0,0.0,Spring,No Holiday,Yes
2018-04-27,427,6,9.9,66.0,1.5,931.0,3.8,0.0,0.0,0.0,Spring,No Holiday,Yes
2018-04-27,1129,7,10.1,63.0,0.7,1163.0,3.3,0.22,0.0,0.0,Spring,No Holiday,Yes
2018-04-27,1922,8,11.6,58.0,1.4,1150.0,3.6,0.79,0.0,0.0,Spring,No Holiday,Yes
2018-04-27,985,9,13.2,57.0,0.8,1003.0,4.8,1.39,0.0,0.0,Spring,No Holiday,Yes
2018-04-27,789,10,15.3,50.0,1.0,944.0,4.9,1.97,0.0,0.0,Spring,No Holiday,Yes
2018-04-27,986,11,17.7,44.0,1.5,945.0,5.2,2.51,0.0,0.0,Spring,No Holiday,Yes
2018-04-27,1142,12,19.5,40.0,1.1,1055.0,5.5,2.89,0.0,0.0,Spring,No Holiday,Yes
2018-04-27,1133,13,21.0,36.0,1.0,1164.0,5.3,2.99,0.0,0.0,Spring,No Holiday,Yes
2018-04-27,1115,14,22.2,32.0,2.8,1124.0,4.7,2.91,0.0,0.0,Spring,No Holiday,Yes
2018-04-27,1253,15,22.7,29.0,1.6,1223.0,3.7,2.66,0.0,0.0,Spring,No Holiday,Yes
2018-04-27,1446,16,23.2,33.0,2.4,869.0,6.0,2.12,0.0,0.0,Spring,No Holiday,Yes
2018-04-27,1877,17,21.8,41.0,3.0,662.0,7.9,1.44,0.0,0.0,Spring,No Holiday,Yes
2018-04-27,2577,18,20.3,47.0,2.5,705.0,8.6,0.77,0.0,0.0,Spring,No Holiday,Yes
2018-04-27,1812,19,18.7,53.0,2.7,753.0,8.9,0.24,0.0,0.0,Spring,No Holiday,Yes
2018-04-27,1499,20,16.9,41.0,3.1,1060.0,3.5,0.0,0.0,0.0,Spring,No Holiday,Yes
2018-04-27,1362,21,15.7,51.0,1.9,806.0,5.5,0.0,0.0,0.0,Spring,No Holiday,Yes
2018-04-27,1278,22,14.7,63.0,1.4,554.0,7.7,0.0,0.0,0.0,Spring,No Holiday,Yes
2018-04-27,975,23,14.0,66.0,1.2,519.0,7.7,0.0,0.0,0.0,Spring,No Holiday,Yes
2018-04-28,777,0,13.3,70.0,1.6,473.0,7.9,0.0,0.0,0.0,Spring,No Holiday,Yes
2018-04-28,672,1,12.7,74.0,1.8,392.0,8.1,0.0,0.0,0.0,Spring,No Holiday,Yes
2018-04-28,522,2,12.0,76.0,1.0,363.0,7.8,0.0,0.0,0.0,Spring,No Holiday,Yes
2018-04-28,325,3,11.6,76.0,1.0,364.0,7.5,0.0,0.0,0.0,Spring,No Holiday,Yes
2018-04-28,166,4,11.4,78.0,1.8,362.0,7.6,0.0,0.0,0.0,Spring,No Holiday,Yes
2018-04-28,152,5,10.9,81.0,1.7,348.0,7.7,0.0,0.0,0.0,Spring,No Holiday,Yes
2018-04-28,230,6,10.6,84.0,1.1,284.0,8.0,0.0,0.0,0.0,Spring,No Holiday,Yes
2018-04-28,376,7,10.8,78.0,0.5,335.0,7.1,0.26,0.0,0.0,Spring,No Holiday,Yes
2018-04-28,647,8,12.7,67.0,0.6,378.0,6.7,0.86,0.0,0.0,Spring,No Holiday,Yes
2018-04-28,795,9,15.1,56.0,1.7,493.0,6.3,1.57,0.0,0.0,Spring,No Holiday,Yes
2018-04-28,808,10,17.4,46.0,1.8,734.0,5.6,2.27,0.0,0.0,Spring,No Holiday,Yes
2018-04-28,1000,11,19.0,30.0,3.0,1719.0,1.0,2.84,0.0,0.0,Spring,No Holiday,Yes
2018-04-28,1278,12,20.5,31.0,2.5,1485.0,2.7,3.18,0.0,0.0,Spring,No Holiday,Yes
2018-04-28,1404,13,21.2,31.0,2.8,1295.0,3.3,3.25,0.0,0.0,Spring,No Holiday,Yes
2018-04-28,1597,14,21.3,25.0,3.8,1884.0,0.4,3.22,0.0,0.0,Spring,No Holiday,Yes
2018-04-28,1875,15,21.1,25.0,4.1,1885.0,0.2,2.96,0.0,0.0,Spring,No Holiday,Yes
2018-04-28,1945,16,20.4,25.0,4.7,1990.0,-0.3,2.45,0.0,0.0,Spring,No Holiday,Yes
2018-04-28,2043,17,20.1,29.0,3.3,1840.0,1.4,1.78,0.0,0.0,Spring,No Holiday,Yes
2018-04-28,1882,18,18.9,30.0,2.6,1995.0,0.9,1.05,0.0,0.0,Spring,No Holiday,Yes
2018-04-28,1590,19,16.9,33.0,1.3,1965.0,0.5,0.34,0.0,0.0,Spring,No Holiday,Yes
2018-04-28,1435,20,15.1,34.0,2.2,1981.0,-0.6,0.01,0.0,0.0,Spring,No Holiday,Yes
2018-04-28,1351,21,13.9,37.0,1.1,1751.0,-0.5,0.0,0.0,0.0,Spring,No Holiday,Yes
2018-04-28,1165,22,13.0,45.0,1.6,1713.0,1.3,0.0,0.0,0.0,Spring,No Holiday,Yes
2018-04-28,905,23,12.3,51.0,1.0,1648.0,2.4,0.0,0.0,0.0,Spring,No Holiday,Yes
2018-04-29,790,0,11.7,53.0,1.4,1620.0,2.4,0.0,0.0,0.0,Spring,No Holiday,Yes
2018-04-29,554,1,11.2,57.0,1.6,1533.0,2.9,0.0,0.0,0.0,Spring,No Holiday,Yes
2018-04-29,425,2,10.9,56.0,1.2,1460.0,2.4,0.0,0.0,0.0,Spring,No Holiday,Yes
2018-04-29,263,3,10.6,60.0,1.0,1163.0,3.1,0.0,0.0,0.0,Spring,No Holiday,Yes
2018-04-29,183,4,10.3,63.0,0.7,1277.0,3.5,0.0,0.0,0.0,Spring,No Holiday,Yes
2018-04-29,138,5,9.7,63.0,1.1,1304.0,2.9,0.0,0.0,0.0,Spring,No Holiday,Yes
2018-04-29,183,6,9.5,65.0,1.0,1325.0,3.2,0.01,0.0,0.0,Spring,No Holiday,Yes
2018-04-29,307,7,9.9,59.0,0.7,1707.0,2.2,0.25,0.0,0.0,Spring,No Holiday,Yes
2018-04-29,485,8,12.2,50.0,0.8,1412.0,2.0,0.84,0.0,0.0,Spring,No Holiday,Yes
2018-04-29,716,9,14.9,39.0,0.9,1354.0,1.0,1.56,0.0,0.0,Spring,No Holiday,Yes
2018-04-29,787,10,17.5,35.0,1.8,1570.0,1.8,2.26,0.0,0.0,Spring,No Holiday,Yes
2018-04-29,1060,11,19.6,28.0,2.0,1695.0,0.5,2.79,0.0,0.0,Spring,No Holiday,Yes
2018-04-29,1375,12,20.5,31.0,2.6,1299.0,2.7,2.79,0.0,0.0,Spring,No Holiday,Yes
2018-04-29,1635,13,21.9,27.0,2.2,1055.0,2.0,3.35,0.0,0.0,Spring,No Holiday,Yes
2018-04-29,1814,14,21.6,28.0,3.3,1172.0,2.2,2.93,0.0,0.0,Spring,No Holiday,Yes
2018-04-29,2019,15,22.8,24.0,3.3,1138.0,1.1,2.79,0.0,0.0,Spring,No Holiday,Yes
2018-04-29,2044,16,22.2,23.0,3.7,1183.0,0.0,2.28,0.0,0.0,Spring,No Holiday,Yes
2018-04-29,2094,17,21.9,28.0,3.1,1023.0,2.5,1.6,0.0,0.0,Spring,No Holiday,Yes
2018-04-29,1950,18,20.1,28.0,3.2,1114.0,1.0,0.89,0.0,0.0,Spring,No Holiday,Yes
2018-04-29,1712,19,18.1,38.0,2.8,932.0,3.5,0.16,0.0,0.0,Spring,No Holiday,Yes
2018-04-29,1485,20,16.9,42.0,2.7,942.0,3.8,0.0,0.0,0.0,Spring,No Holiday,Yes
2018-04-29,1382,21,16.1,44.0,1.2,913.0,3.8,0.0,0.0,0.0,Spring,No Holiday,Yes
2018-04-29,1128,22,15.6,43.0,2.3,1016.0,3.0,0.0,0.0,0.0,Spring,No Holiday,Yes
2018-04-29,820,23,15.2,51.0,1.0,858.0,5.1,0.0,0.0,0.0,Spring,No Holiday,Yes
2018-04-30,569,0,14.7,54.0,1.3,718.0,5.4,0.0,0.0,0.0,Spring,No Holiday,Yes
2018-04-30,362,1,14.4,60.0,1.7,580.0,6.7,0.0,0.0,0.0,Spring,No Holiday,Yes
2018-04-30,246,2,14.1,62.0,1.2,502.0,6.9,0.0,0.0,0.0,Spring,No Holiday,Yes
2018-04-30,157,3,14.3,61.0,1.0,475.0,6.8,0.0,0.0,0.0,Spring,No Holiday,Yes
2018-04-30,132,4,14.6,57.0,1.2,495.0,6.1,0.0,0.0,0.0,Spring,No Holiday,Yes
2018-04-30,185,5,14.8,63.0,0.7,492.0,7.8,0.0,0.0,0.0,Spring,No Holiday,Yes
2018-04-30,397,6,14.9,64.0,0.5,424.0,8.1,0.0,0.0,0.0,Spring,No Holiday,Yes
2018-04-30,1075,7,15.1,78.0,1.5,354.0,11.2,0.06,0.0,0.0,Spring,No Holiday,Yes
2018-04-30,1791,8,15.8,73.0,0.5,357.0,10.9,0.39,0.0,0.0,Spring,No Holiday,Yes
2018-04-30,983,9,17.5,65.0,1.0,416.0,10.8,1.0,0.0,0.0,Spring,No Holiday,Yes
2018-04-30,742,10,19.5,54.0,1.1,451.0,9.9,1.88,0.0,0.0,Spring,No Holiday,Yes
2018-04-30,901,11,20.3,52.0,0.9,468.0,10.1,1.96,0.0,0.0,Spring,No Holiday,Yes
2018-04-30,1094,12,22.2,50.0,2.0,564.0,11.2,2.65,0.0,0.0,Spring,No Holiday,Yes
2018-04-30,1019,13,23.3,45.0,1.8,684.0,10.6,2.96,0.0,0.0,Spring,No Holiday,Yes
2018-04-30,1055,14,24.0,47.0,2.3,520.0,11.9,2.87,0.0,0.0,Spring,No Holiday,Yes
2018-04-30,1168,15,24.1,48.0,2.7,419.0,12.3,2.47,0.0,0.0,Spring,No Holiday,Yes
2018-04-30,1344,16,24.8,45.0,1.8,549.0,12.0,2.05,0.0,0.0,Spring,No Holiday,Yes
2018-04-30,1706,17,24.0,53.0,3.5,536.0,13.8,1.39,0.0,0.0,Spring,No Holiday,Yes
2018-04-30,2558,18,23.0,54.0,2.9,679.0,13.1,0.81,0.0,0.0,Spring,No Holiday,Yes
2018-04-30,2064,19,21.2,65.0,2.9,559.0,14.3,0.25,0.0,0.0,Spring,No Holiday,Yes
2018-04-30,1703,20,20.0,69.0,2.4,533.0,14.1,0.0,0.0,0.0,Spring,No Holiday,Yes
2018-04-30,1711,21,19.1,73.0,1.2,413.0,14.1,0.0,0.0,0.0,Spring,No Holiday,Yes
2018-04-30,1456,22,18.4,78.0,1.6,377.0,14.4,0.0,0.0,0.0,Spring,No Holiday,Yes
2018-04-30,1044,23,17.9,79.0,0.4,323.0,14.1,0.0,0.0,0.0,Spring,No Holiday,Yes
2018-05-01,782,0,18.3,78.0,0.8,349.0,14.3,0.0,0.0,0.0,Spring,Holiday,Yes
2018-05-01,705,1,18.3,83.0,1.1,451.0,15.3,0.0,0.0,0.0,Spring,Holiday,Yes
2018-05-01,534,2,18.2,85.0,0.8,355.0,15.6,0.0,0.0,0.0,Spring,Holiday,Yes
2018-05-01,343,3,18.1,85.0,1.0,284.0,15.5,0.0,0.0,0.0,Spring,Holiday,Yes
2018-05-01,187,4,18.0,85.0,0.3,275.0,15.4,0.0,0.0,0.0,Spring,Holiday,Yes
2018-05-01,166,5,18.0,85.0,0.8,346.0,15.4,0.0,0.0,0.0,Spring,Holiday,Yes
2018-05-01,306,6,17.8,85.0,0.6,265.0,15.2,0.0,0.0,0.0,Spring,Holiday,Yes
2018-05-01,614,7,18.0,82.0,0.7,264.0,14.8,0.11,0.0,0.0,Spring,Holiday,Yes
2018-05-01,1067,8,18.8,76.0,0.6,301.0,14.4,0.36,0.0,0.0,Spring,Holiday,Yes
2018-05-01,1024,9,20.7,67.0,1.1,464.0,14.3,1.3,0.0,0.0,Spring,Holiday,Yes
2018-05-01,1002,10,22.2,61.0,1.2,531.0,14.3,1.72,0.0,0.0,Spring,Holiday,Yes
2018-05-01,1117,11,22.7,63.0,1.1,605.0,15.2,1.36,0.0,0.0,Spring,Holiday,Yes
2018-05-01,1315,12,22.1,67.0,2.7,462.0,15.6,0.81,0.0,0.0,Spring,Holiday,Yes
2018-05-01,1493,13,23.0,63.0,3.1,494.0,15.5,1.92,0.0,0.0,Spring,Holiday,Yes
2018-05-01,1536,14,23.0,64.0,2.8,520.0,15.8,1.59,0.0,0.0,Spring,Holiday,Yes
2018-05-01,1639,15,23.1,61.0,2.5,556.0,15.1,1.5,0.0,0.0,Spring,Holiday,Yes
2018-05-01,1759,16,22.6,63.0,3.1,551.0,15.1,0.88,0.0,0.0,Spring,Holiday,Yes
2018-05-01,1898,17,22.0,65.0,2.4,589.0,15.1,0.47,0.0,0.0,Spring,Holiday,Yes
2018-05-01,2082,18,21.6,67.0,2.0,584.0,15.2,0.24,0.0,0.0,Spring,Holiday,Yes
2018-05-01,1696,19,21.2,68.0,1.5,610.0,15.0,0.16,0.0,0.0,Spring,Holiday,Yes
2018-05-01,1656,20,20.6,72.0,1.3,587.0,15.3,0.0,0.0,0.0,Spring,Holiday,Yes
2018-05-01,1644,21,20.2,74.0,1.3,554.0,15.4,0.0,0.0,0.0,Spring,Holiday,Yes
2018-05-01,1400,22,19.9,75.0,0.8,516.0,15.3,0.0,0.0,0.0,Spring,Holiday,Yes
2018-05-01,855,23,19.8,73.0,0.9,442.0,14.8,0.0,0.0,0.0,Spring,Holiday,Yes
2018-05-02,612,0,19.7,76.0,0.5,386.0,15.3,0.0,0.0,0.0,Spring,No Holiday,Yes
2018-05-02,413,1,19.6,75.0,2.1,392.0,15.0,0.0,0.0,0.0,Spring,No Holiday,Yes
2018-05-02,245,2,19.0,80.0,1.6,346.0,15.4,0.0,0.0,0.0,Spring,No Holiday,Yes
2018-05-02,170,3,18.5,82.0,0.8,342.0,15.3,0.0,0.0,0.0,Spring,No Holiday,Yes
2018-05-02,93,4,18.4,81.0,0.4,300.0,15.0,0.0,0.0,0.0,Spring,No Holiday,Yes
2018-05-02,76,5,18.4,87.0,0.8,209.0,16.1,0.0,0.4,0.0,Spring,No Holiday,Yes
2018-05-02,67,6,17.9,93.0,0.9,202.0,16.7,0.0,0.1,0.0,Spring,No Holiday,Yes
2018-05-02,102,7,17.6,94.0,0.5,166.0,16.6,0.0,1.0,0.0,Spring,No Holiday,Yes
2018-05-02,555,8,17.5,94.0,0.9,203.0,16.5,0.06,0.0,0.0,Spring,No Holiday,Yes
2018-05-02,609,9,17.4,94.0,0.7,230.0,16.4,0.16,0.0,0.0,Spring,No Holiday,Yes
2018-05-02,486,10,17.7,88.0,1.1,322.0,15.6,0.36,0.0,0.0,Spring,No Holiday,Yes
2018-05-02,206,11,18.0,85.0,1.1,411.0,15.4,0.45,0.0,0.0,Spring,No Holiday,Yes
2018-05-02,63,12,17.3,95.0,0.7,155.0,16.4,0.16,3.5,0.0,Spring,No Holiday,Yes
2018-05-02,327,13,17.2,96.0,0.9,275.0,16.5,0.26,4.0,0.0,Spring,No Holiday,Yes
2018-05-02,376,14,17.5,94.0,0.3,436.0,16.5,0.35,0.0,0.0,Spring,No Holiday,Yes
2018-05-02,143,15,17.0,90.0,3.7,216.0,15.3,0.26,0.0,0.0,Spring,No Holiday,Yes
2018-05-02,400,16,15.4,95.0,4.7,378.0,14.5,0.11,0.5,0.0,Spring,No Holiday,Yes
2018-05-02,813,17,13.9,94.0,2.6,303.0,12.9,0.21,0.0,0.0,Spring,No Holiday,Yes
2018-05-02,518,18,13.6,89.0,2.3,638.0,11.8,0.09,0.0,0.0,Spring,No Holiday,Yes
2018-05-02,131,19,12.6,93.0,3.9,831.0,11.4,0.0,0.0,0.0,Spring,No Holiday,Yes
2018-05-02,123,20,11.1,91.0,4.0,716.0,9.6,0.0,0.5,0.0,Spring,No Holiday,Yes
2018-05-02,327,21,10.5,94.0,2.8,1627.0,9.5,0.0,1.0,0.0,Spring,No Holiday,Yes
2018-05-02,299,22,10.4,85.0,3.7,1671.0,7.9,0.0,0.0,0.0,Spring,No Holiday,Yes
2018-05-02,294,23,9.5,90.0,3.6,1017.0,7.9,0.0,1.0,0.0,Spring,No Holiday,Yes
2018-05-03,361,0,8.7,86.0,3.1,2000.0,6.4,0.0,0.0,0.0,Spring,No Holiday,Yes
2018-05-03,323,1,7.9,86.0,2.1,2000.0,5.6,0.0,0.0,0.0,Spring,No Holiday,Yes
2018-05-03,251,2,7.3,86.0,1.7,2000.0,5.1,0.0,0.0,0.0,Spring,No Holiday,Yes
2018-05-03,156,3,7.0,86.0,1.2,2000.0,4.8,0.0,0.0,0.0,Spring,No Holiday,Yes
2018-05-03,109,4,7.0,87.0,1.3,2000.0,4.9,0.0,0.0,0.0,Spring,No Holiday,Yes
2018-05-03,163,5,7.0,85.0,0.8,2000.0,4.6,0.0,0.0,0.0,Spring,No Holiday,Yes
2018-05-03,469,6,7.9,86.0,2.0,1070.0,5.6,0.01,0.0,0.0,Spring,No Holiday,Yes
2018-05-03,1160,7,8.4,83.0,1.4,1400.0,5.6,0.31,0.0,0.0,Spring,No Holiday,Yes
2018-05-03,1946,8,10.5,67.0,2.3,1221.0,4.6,0.98,0.0,0.0,Spring,No Holiday,Yes
2018-05-03,1061,9,12.8,52.0,3.9,1614.0,3.1,1.65,0.0,0.0,Spring,No Holiday,Yes
2018-05-03,762,10,13.8,47.0,4.8,1561.0,2.6,1.64,0.0,0.0,Spring,No Holiday,Yes
2018-05-03,794,11,14.7,45.0,3.0,1799.0,2.8,1.68,0.0,0.0,Spring,No Holiday,Yes
2018-05-03,871,12,14.1,59.0,3.9,1870.0,6.1,1.12,0.0,0.0,Spring,No Holiday,Yes
2018-05-03,516,13,13.4,56.0,3.7,1693.0,4.7,0.82,0.1,0.0,Spring,No Holiday,Yes
2018-05-03,367,14,12.7,75.0,3.8,1510.0,8.3,0.88,0.4,0.0,Spring,No Holiday,Yes
2018-05-03,590,15,12.2,56.0,4.8,2000.0,3.6,0.57,0.5,0.0,Spring,No Holiday,Yes
2018-05-03,911,16,12.8,53.0,3.3,2000.0,3.4,0.76,0.0,0.0,Spring,No Holiday,Yes
2018-05-03,1421,17,13.2,49.0,4.2,1999.0,2.7,0.69,0.0,0.0,Spring,No Holiday,Yes
2018-05-03,2310,18,13.4,49.0,2.4,1982.0,2.8,0.6,0.0,0.0,Spring,No Holiday,Yes
2018-05-03,1663,19,13.3,49.0,3.6,1919.0,2.7,0.45,0.0,0.0,Spring,No Holiday,Yes
2018-05-03,1401,20,12.6,47.0,3.2,1935.0,1.5,0.02,0.0,0.0,Spring,No Holiday,Yes
2018-05-03,1388,21,11.9,48.0,1.9,1918.0,1.2,0.0,0.0,0.0,Spring,No Holiday,Yes
2018-05-03,1202,22,11.2,60.0,2.3,1684.0,3.7,0.0,0.0,0.0,Spring,No Holiday,Yes
2018-05-03,832,23,10.6,62.0,2.1,1694.0,3.6,0.0,0.0,0.0,Spring,No Holiday,Yes
2018-05-04,624,0,10.0,63.0,2.1,1653.0,3.2,0.0,0.0,0.0,Spring,No Holiday,Yes
2018-05-04,480,1,9.7,63.0,2.1,1610.0,2.9,0.0,0.0,0.0,Spring,No Holiday,Yes
2018-05-04,352,2,9.6,65.0,1.5,1654.0,3.3,0.0,0.0,0.0,Spring,No Holiday,Yes
2018-05-04,224,3,9.6,66.0,0.9,1685.0,3.5,0.0,0.0,0.0,Spring,No Holiday,Yes
2018-05-04,138,4,9.5,66.0,1.1,1737.0,3.4,0.0,0.0,0.0,Spring,No Holiday,Yes
2018-05-04,186,5,9.2,63.0,0.8,1896.0,2.5,0.0,0.0,0.0,Spring,No Holiday,Yes
2018-05-04,521,6,9.0,57.0,1.7,1903.0,0.9,0.0,0.0,0.0,Spring,No Holiday,Yes
2018-05-04,1260,7,9.5,55.0,2.1,1912.0,0.8,0.32,0.0,0.0,Spring,No Holiday,Yes
2018-05-04,2041,8,11.3,46.0,1.2,1788.0,0.0,1.04,0.0,0.0,Spring,No Holiday,Yes
2018-05-04,1155,9,14.1,42.0,1.9,1893.0,1.3,1.78,0.0,0.0,Spring,No Holiday,Yes
2018-05-04,864,10,16.1,37.0,2.9,1629.0,1.3,2.4,0.0,0.0,Spring,No Holiday,Yes
2018-05-04,1021,11,17.2,35.0,3.6,1731.0,1.5,2.93,0.0,0.0,Spring,No Holiday,Yes
2018-05-04,1206,12,17.9,32.0,4.6,1874.0,0.9,3.28,0.0,0.0,Spring,No Holiday,Yes
2018-05-04,1222,13,18.9,30.0,3.8,1854.0,0.9,3.39,0.0,0.0,Spring,No Holiday,Yes
2018-05-04,1266,14,18.8,31.0,4.9,1940.0,1.2,3.31,0.0,0.0,Spring,No Holiday,Yes
2018-05-04,1323,15,19.9,26.0,3.8,1898.0,-0.1,3.0,0.0,0.0,Spring,No Holiday,Yes
2018-05-04,1501,16,18.6,30.0,5.1,1891.0,0.6,2.49,0.0,0.0,Spring,No Holiday,Yes
2018-05-04,1857,17,18.1,30.0,4.6,1925.0,0.2,1.86,0.0,0.0,Spring,No Holiday,Yes
2018-05-04,2661,18,17.1,35.0,3.4,1961.0,1.4,1.11,0.0,0.0,Spring,No Holiday,Yes
2018-05-04,1890,19,15.5,46.0,2.6,1782.0,3.9,0.34,0.0,0.0,Spring,No Holiday,Yes
2018-05-04,1389,20,14.1,46.0,3.4,1940.0,2.6,0.01,0.0,0.0,Spring,No Holiday,Yes
2018-05-04,1298,21,13.3,47.0,1.9,1805.0,2.2,0.0,0.0,0.0,Spring,No Holiday,Yes
2018-05-04,1256,22,12.7,55.0,2.0,1775.0,3.8,0.0,0.0,0.0,Spring,No Holiday,Yes
2018-05-04,935,23,12.4,58.0,2.5,1843.0,4.3,0.0,0.0,0.0,Spring,No Holiday,Yes
2018-05-05,796,0,12.2,59.0,1.2,1718.0,4.4,0.0,0.0,0.0,Spring,No Holiday,Yes
2018-05-05,716,1,12.1,54.0,1.3,1820.0,3.0,0.0,0.0,0.0,Spring,No Holiday,Yes
2018-05-05,508,2,12.1,53.0,1.1,1948.0,2.7,0.0,0.0,0.0,Spring,No Holiday,Yes
2018-05-05,392,3,11.6,53.0,1.1,1904.0,2.3,0.0,0.0,0.0,Spring,No Holiday,Yes
2018-05-05,252,4,12.1,51.0,1.6,1939.0,2.2,0.0,0.0,0.0,Spring,No Holiday,Yes
2018-05-05,190,5,12.2,52.0,2.3,1961.0,2.6,0.0,0.0,0.0,Spring,No Holiday,Yes
2018-05-05,247,6,12.3,55.0,2.1,1972.0,3.5,0.02,0.0,0.0,Spring,No Holiday,Yes
2018-05-05,352,7,12.9,55.0,2.3,1952.0,4.0,0.29,0.0,0.0,Spring,No Holiday,Yes
2018-05-05,579,8,14.4,51.0,2.3,1907.0,4.3,0.92,0.0,0.0,Spring,No Holiday,Yes
2018-05-05,759,9,16.1,50.0,2.6,1628.0,5.6,1.52,0.0,0.0,Spring,No Holiday,Yes
2018-05-05,877,10,18.1,46.0,2.9,1755.0,6.2,2.17,0.0,0.0,Spring,No Holiday,Yes
2018-05-05,1024,11,20.2,41.0,3.1,1789.0,6.5,2.56,0.0,0.0,Spring,No Holiday,Yes
2018-05-05,1258,12,21.9,35.0,3.4,1586.0,5.7,2.74,0.0,0.0,Spring,No Holiday,Yes
2018-05-05,1408,13,22.7,35.0,3.4,1794.0,6.4,2.51,0.0,0.0,Spring,No Holiday,Yes
2018-05-05,1669,14,23.6,34.0,3.3,1829.0,6.8,2.57,0.0,0.0,Spring,No Holiday,Yes
2018-05-05,1837,15,23.8,29.0,4.7,1876.0,4.6,2.72,0.0,0.0,Spring,No Holiday,Yes
2018-05-05,1223,16,23.2,30.0,4.5,1787.0,4.6,1.49,0.0,0.0,Spring,No Holiday,Yes
2018-05-05,2014,17,23.6,29.0,3.9,1948.0,4.5,1.68,0.0,0.0,Spring,No Holiday,Yes
2018-05-05,1929,18,22.5,31.0,3.4,1953.0,4.5,0.79,0.0,0.0,Spring,No Holiday,Yes
2018-05-05,1753,19,20.7,47.0,3.5,1952.0,8.9,0.28,0.0,0.0,Spring,No Holiday,Yes
2018-05-05,1562,20,19.7,53.0,2.0,1841.0,9.8,0.0,0.0,0.0,Spring,No Holiday,Yes
2018-05-05,1551,21,19.3,57.0,3.1,1924.0,10.5,0.0,0.0,0.0,Spring,No Holiday,Yes
2018-05-05,1360,22,19.1,61.0,2.7,1830.0,11.3,0.0,0.0,0.0,Spring,No Holiday,Yes
2018-05-05,1097,23,19.1,62.0,3.6,1757.0,11.6,0.0,0.0,0.0,Spring,No Holiday,Yes
2018-05-06,733,0,18.7,64.0,3.3,1654.0,11.7,0.0,0.0,0.0,Spring,No Holiday,Yes
2018-05-06,181,1,18.2,71.0,1.6,1328.0,12.8,0.0,0.0,0.0,Spring,No Holiday,Yes
2018-05-06,74,2,17.3,82.0,2.1,768.0,14.1,0.0,0.5,0.0,Spring,No Holiday,Yes
2018-05-06,43,3,16.2,94.0,1.7,400.0,15.2,0.0,1.5,0.0,Spring,No Holiday,Yes
2018-05-06,16,4,15.8,93.0,0.4,268.0,14.6,0.0,1.5,0.0,Spring,No Holiday,Yes
2018-05-06,11,5,15.4,96.0,0.3,208.0,14.7,0.0,2.0,0.0,Spring,No Holiday,Yes
2018-05-06,7,6,15.1,97.0,0.3,225.0,14.6,0.0,3.0,0.0,Spring,No Holiday,Yes
2018-05-06,16,7,15.1,97.0,0.5,311.0,14.6,0.03,2.5,0.0,Spring,No Holiday,Yes
2018-05-06,16,8,15.2,97.0,1.0,414.0,14.7,0.08,2.0,0.0,Spring,No Holiday,Yes
2018-05-06,12,9,15.4,97.0,0.8,413.0,14.9,0.18,1.0,0.0,Spring,No Holiday,Yes
2018-05-06,13,10,15.4,97.0,0.6,374.0,14.9,0.38,1.5,0.0,Spring,No Holiday,Yes
2018-05-06,10,11,15.5,97.0,0.8,459.0,15.0,0.4,3.5,0.0,Spring,No Holiday,Yes
2018-05-06,71,12,15.7,96.0,1.1,568.0,15.0,0.5,3.0,0.0,Spring,No Holiday,Yes
2018-05-06,211,13,16.4,94.0,0.9,1947.0,15.4,0.78,0.0,0.0,Spring,No Holiday,Yes
2018-05-06,384,14,17.2,85.0,1.3,2000.0,14.6,0.94,0.0,0.0,Spring,No Holiday,Yes
2018-05-06,770,15,17.8,77.0,1.6,2000.0,13.7,1.13,0.0,0.0,Spring,No Holiday,Yes
2018-05-06,1482,16,19.5,66.0,1.7,2000.0,12.9,1.71,0.0,0.0,Spring,No Holiday,Yes
2018-05-06,1737,17,20.2,62.0,1.1,2000.0,12.6,1.74,0.0,0.0,Spring,No Holiday,Yes
2018-05-06,1848,18,20.2,66.0,1.0,2000.0,13.6,1.1,0.0,0.0,Spring,No Holiday,Yes
2018-05-06,1639,19,19.0,70.0,0.7,2000.0,13.3,0.33,0.0,0.0,Spring,No Holiday,Yes
2018-05-06,1526,20,17.6,77.0,1.2,2000.0,13.5,0.01,0.0,0.0,Spring,No Holiday,Yes
2018-05-06,1450,21,16.8,79.0,0.6,2000.0,13.1,0.0,0.0,0.0,Spring,No Holiday,Yes
2018-05-06,1290,22,16.4,80.0,1.2,2000.0,12.9,0.0,0.0,0.0,Spring,No Holiday,Yes
2018-05-06,1016,23,15.9,83.0,0.6,2000.0,13.0,0.0,0.0,0.0,Spring,No Holiday,Yes
2018-05-07,778,0,15.5,85.0,0.9,2000.0,12.9,0.0,0.0,0.0,Spring,No Holiday,Yes
2018-05-07,609,1,15.1,84.0,0.3,1858.0,12.4,0.0,0.0,0.0,Spring,No Holiday,Yes
2018-05-07,404,2,14.8,85.0,0.4,1831.0,12.2,0.0,0.0,0.0,Spring,No Holiday,Yes
2018-05-07,249,3,14.7,82.0,0.8,1822.0,11.6,0.0,0.0,0.0,Spring,No Holiday,Yes
2018-05-07,185,4,14.4,85.0,0.8,1437.0,11.9,0.0,0.0,0.0,Spring,No Holiday,Yes
2018-05-07,170,5,14.2,85.0,0.5,1412.0,11.7,0.0,0.0,0.0,Spring,No Holiday,Yes
2018-05-07,221,6,14.0,87.0,0.8,1334.0,11.8,0.01,0.0,0.0,Spring,No Holiday,Yes
2018-05-07,389,7,14.2,81.0,0.3,1991.0,10.9,0.13,0.0,0.0,Spring,No Holiday,Yes
2018-05-07,600,8,14.8,80.0,0.3,1921.0,11.3,0.31,0.0,0.0,Spring,No Holiday,Yes
2018-05-07,737,9,15.9,72.0,0.5,1835.0,10.8,0.67,0.0,0.0,Spring,No Holiday,Yes
2018-05-07,895,10,17.5,63.0,0.6,1916.0,10.3,0.96,0.0,0.0,Spring,No Holiday,Yes
2018-05-07,1167,11,20.2,45.0,1.1,1894.0,7.8,2.33,0.0,0.0,Spring,No Holiday,Yes
2018-05-07,1414,12,22.9,35.0,0.8,1948.0,6.6,3.05,0.0,0.0,Spring,No Holiday,Yes
2018-05-07,1665,13,23.7,44.0,1.7,1897.0,10.7,2.35,0.0,0.0,Spring,No Holiday,Yes
2018-05-07,1970,14,24.1,42.0,1.2,1770.0,10.3,1.93,0.0,0.0,Spring,No Holiday,Yes
2018-05-07,2191,15,24.6,38.0,2.1,1478.0,9.3,1.85,0.0,0.0,Spring,No Holiday,Yes
2018-05-07,2213,16,24.5,38.0,2.2,1903.0,9.2,1.1,0.0,0.0,Spring,No Holiday,Yes
2018-05-07,2392,17,25.5,31.0,2.3,1974.0,7.1,1.5,0.0,0.0,Spring,No Holiday,Yes
2018-05-07,2268,18,25.1,32.0,2.4,1899.0,7.2,1.1,0.0,0.0,Spring,No Holiday,Yes
2018-05-07,1664,19,23.5,48.0,1.5,1929.0,11.8,0.4,0.0,0.0,Spring,No Holiday,Yes
2018-05-07,1912,20,20.9,61.0,2.7,1523.0,13.0,0.01,0.0,0.0,Spring,No Holiday,Yes
2018-05-07,1717,21,19.6,64.0,1.5,1297.0,12.5,0.0,0.0,0.0,Spring,No Holiday,Yes
2018-05-07,1336,22,18.6,69.0,1.7,1047.0,12.7,0.0,0.0,0.0,Spring,No Holiday,Yes
2018-05-07,994,23,17.5,69.0,1.5,978.0,11.7,0.0,0.0,0.0,Spring,No Holiday,Yes
2018-05-08,712,0,16.4,72.0,0.8,1046.0,11.3,0.0,0.0,0.0,Spring,No Holiday,Yes
2018-05-08,430,1,16.0,64.0,1.0,1600.0,9.1,0.0,0.0,0.0,Spring,No Holiday,Yes
2018-05-08,287,2,15.5,65.0,1.3,1953.0,8.9,0.0,0.0,0.0,Spring,No Holiday,Yes
2018-05-08,194,3,15.6,63.0,1.7,2000.0,8.5,0.0,0.0,0.0,Spring,No Holiday,Yes
2018-05-08,155,4,15.4,63.0,1.6,2000.0,8.3,0.0,0.0,0.0,Spring,No Holiday,Yes
2018-05-08,200,5,15.0,64.0,1.6,2000.0,8.2,0.0,0.0,0.0,Spring,No Holiday,Yes
2018-05-08,555,6,14.8,64.0,1.5,2000.0,8.0,0.02,0.0,0.0,Spring,No Holiday,Yes
2018-05-08,1280,7,15.3,60.0,2.0,2000.0,7.5,0.35,0.0,0.0,Spring,No Holiday,Yes
2018-05-08,1976,8,16.9,54.0,1.7,2000.0,7.5,1.08,0.0,0.0,Spring,No Holiday,Yes
2018-05-08,1128,9,18.5,51.0,1.4,1955.0,8.1,1.74,0.0,0.0,Spring,No Holiday,Yes
2018-05-08,792,10,20.0,48.0,1.9,2000.0,8.6,2.46,0.0,0.0,Spring,No Holiday,Yes
2018-05-08,956,11,21.0,45.0,1.6,2000.0,8.6,2.89,0.0,0.0,Spring,No Holiday,Yes
2018-05-08,1135,12,21.5,44.0,2.1,1986.0,8.7,3.15,0.0,0.0,Spring,No Holiday,Yes
2018-05-08,1117,13,21.7,44.0,2.1,2000.0,8.9,2.46,0.0,0.0,Spring,No Holiday,Yes
2018-05-08,1096,14,22.2,42.0,1.7,2000.0,8.6,2.29,0.0,0.0,Spring,No Holiday,Yes
2018-05-08,1267,15,22.4,39.0,1.9,2000.0,7.7,2.16,0.0,0.0,Spring,No Holiday,Yes
2018-05-08,1457,16,22.0,41.0,1.7,2000.0,8.1,2.04,0.0,0.0,Spring,No Holiday,Yes
2018-05-08,2020,17,21.7,38.0,2.0,2000.0,6.7,1.17,0.0,0.0,Spring,No Holiday,Yes
2018-05-08,2142,18,20.7,40.0,1.4,2000.0,6.6,1.06,0.0,0.0,Spring,No Holiday,Yes
2018-05-08,2241,19,17.9,42.0,2.1,2000.0,4.7,0.37,0.0,0.0,Spring,No Holiday,Yes
2018-05-08,1726,20,15.8,47.0,1.8,2000.0,4.4,0.01,0.0,0.0,Spring,No Holiday,Yes
2018-05-08,1513,21,14.5,49.0,1.9,2000.0,3.8,0.0,0.0,0.0,Spring,No Holiday,Yes
2018-05-08,1283,22,13.2,54.0,2.2,2000.0,4.0,0.0,0.0,0.0,Spring,No Holiday,Yes
2018-05-08,767,23,12.2,57.0,1.9,2000.0,3.9,0.0,0.0,0.0,Spring,No Holiday,Yes
2018-05-09,552,0,11.6,57.0,1.9,2000.0,3.3,0.0,0.0,0.0,Spring,No Holiday,Yes
2018-05-09,34,1,11.3,58.0,1.3,2000.0,3.3,0.0,0.0,0.0,Spring,No Holiday,Yes
2018-05-09,245,2,10.9,59.0,1.1,2000.0,3.1,0.0,0.0,0.0,Spring,No Holiday,Yes
2018-05-09,187,3,10.5,59.0,1.0,2000.0,2.8,0.0,0.0,0.0,Spring,No Holiday,Yes
2018-05-09,114,4,10.0,64.0,1.5,2000.0,3.4,0.0,0.0,0.0,Spring,No Holiday,Yes
2018-05-09,203,5,9.5,65.0,0.9,2000.0,3.2,0.0,0.0,0.0,Spring,No Holiday,Yes
2018-05-09,556,6,9.2,64.0,1.0,2000.0,2.7,0.02,0.0,0.0,Spring,No Holiday,Yes
2018-05-09,1333,7,10.0,59.0,1.1,2000.0,2.3,0.36,0.0,0.0,Spring,No Holiday,Yes
2018-05-09,2068,8,12.3,53.0,1.6,2000.0,2.9,1.09,0.0,0.0,Spring,No Holiday,Yes
2018-05-09,928,9,14.4,46.0,1.2,1899.0,2.9,1.77,0.0,0.0,Spring,No Holiday,Yes
2018-05-09,954,10,16.1,43.0,1.4,1985.0,3.5,2.41,0.0,0.0,Spring,No Holiday,Yes
2018-05-09,1015,11,17.6,40.0,1.4,1955.0,3.8,2.88,0.0,0.0,Spring,No Holiday,Yes
2018-05-09,1242,12,18.7,39.0,1.9,1925.0,4.4,3.21,0.0,0.0,Spring,No Holiday,Yes
2018-05-09,1188,13,20.1,36.0,1.1,1933.0,4.5,3.34,0.0,0.0,Spring,No Holiday,Yes
2018-05-09,1186,14,20.7,36.0,2.2,1788.0,5.0,3.1,0.0,0.0,Spring,No Holiday,Yes
2018-05-09,1324,15,21.2,35.0,2.9,1733.0,5.1,2.88,0.0,0.0,Spring,No Holiday,Yes
2018-05-09,1603,16,21.4,35.0,2.7,1838.0,5.2,2.38,0.0,0.0,Spring,No Holiday,Yes
2018-05-09,2034,17,21.3,34.0,2.7,1967.0,4.7,1.82,0.0,0.0,Spring,No Holiday,Yes
2018-05-09,3130,18,20.6,41.0,2.3,2000.0,6.8,1.1,0.0,0.0,Spring,No Holiday,Yes
2018-05-09,2405,19,18.8,47.0,2.8,1988.0,7.2,0.4,0.0,0.0,Spring,No Holiday,Yes
2018-05-09,1979,20,17.3,53.0,1.9,2000.0,7.6,0.01,0.0,0.0,Spring,No Holiday,Yes
2018-05-09,1940,21,16.4,56.0,0.8,2000.0,7.5,0.0,0.0,0.0,Spring,No Holiday,Yes
2018-05-09,1602,22,15.9,60.0,2.6,2000.0,8.1,0.0,0.0,0.0,Spring,No Holiday,Yes
2018-05-09,1073,23,15.2,62.0,1.4,2000.0,7.9,0.0,0.0,0.0,Spring,No Holiday,Yes
2018-05-10,0,0,14.5,63.0,0.9,2000.0,7.5,0.0,0.0,0.0,Spring,No Holiday,No
2018-05-10,0,1,13.9,66.0,1.0,1960.0,7.6,0.0,0.0,0.0,Spring,No Holiday,No
2018-05-10,0,2,13.1,73.0,1.9,1895.0,8.3,0.0,0.0,0.0,Spring,No Holiday,No
2018-05-10,0,3,12.9,74.0,1.7,1698.0,8.3,0.0,0.0,0.0,Spring,No Holiday,No
2018-05-10,0,4,12.0,79.0,0.6,1351.0,8.4,0.0,0.0,0.0,Spring,No Holiday,No
2018-05-10,0,5,11.5,80.0,0.9,974.0,8.1,0.0,0.0,0.0,Spring,No Holiday,No
2018-05-10,0,6,11.4,80.0,1.0,885.0,8.0,0.02,0.0,0.0,Spring,No Holiday,No
2018-05-10,0,7,12.1,71.0,1.6,876.0,6.9,0.34,0.0,0.0,Spring,No Holiday,No
2018-05-10,0,8,13.5,63.0,2.2,1211.0,6.5,1.01,0.0,0.0,Spring,No Holiday,No
2018-05-10,0,9,15.5,55.0,1.7,1318.0,6.4,1.76,0.0,0.0,Spring,No Holiday,No
2018-05-10,0,10,17.3,52.0,2.3,1235.0,7.3,2.38,0.0,0.0,Spring,No Holiday,No
2018-05-10,0,11,18.3,51.0,3.1,1015.0,7.9,2.84,0.0,0.0,Spring,No Holiday,No
2018-05-10,0,12,19.8,49.0,2.3,1320.0,8.7,3.17,0.0,0.0,Spring,No Holiday,No
2018-05-10,0,13,20.7,46.0,2.9,1078.0,8.6,3.26,0.0,0.0,Spring,No Holiday,No
2018-05-10,0,14,21.2,47.0,3.7,1142.0,9.4,3.22,0.0,0.0,Spring,No Holiday,No
2018-05-10,0,15,20.4,51.0,4.0,946.0,9.9,2.87,0.0,0.0,Spring,No Holiday,No
2018-05-10,0,16,19.6,54.0,3.9,1154.0,10.0,2.41,0.0,0.0,Spring,No Holiday,No
2018-05-10,0,17,19.2,54.0,3.4,1075.0,9.6,1.83,0.0,0.0,Spring,No Holiday,No
2018-05-10,0,18,18.0,61.0,3.5,790.0,10.3,1.05,0.0,0.0,Spring,No Holiday,No
2018-05-10,0,19,15.5,74.0,3.6,675.0,10.8,0.35,0.0,0.0,Spring,No Holiday,No
2018-05-10,0,20,13.6,82.0,2.1,520.0,10.5,0.02,0.0,0.0,Spring,No Holiday,No
2018-05-10,0,21,12.6,85.0,2.4,460.0,10.1,0.0,0.0,0.0,Spring,No Holiday,No
2018-05-10,0,22,12.3,85.0,2.3,452.0,9.8,0.0,0.0,0.0,Spring,No Holiday,No
2018-05-10,0,23,12.4,85.0,1.1,369.0,9.9,0.0,0.0,0.0,Spring,No Holiday,No
2018-05-11,724,0,12.5,84.0,1.5,334.0,9.8,0.0,0.0,0.0,Spring,No Holiday,Yes
2018-05-11,565,1,12.4,84.0,1.8,287.0,9.7,0.0,0.0,0.0,Spring,No Holiday,Yes
2018-05-11,378,2,12.1,85.0,1.4,321.0,9.6,0.0,0.0,0.0,Spring,No Holiday,Yes
2018-05-11,252,3,12.0,86.0,0.9,297.0,9.7,0.0,0.0,0.0,Spring,No Holiday,Yes
2018-05-11,154,4,11.9,85.0,0.7,315.0,9.4,0.0,0.0,0.0,Spring,No Holiday,Yes
2018-05-11,223,5,11.9,84.0,1.5,358.0,9.2,0.0,0.0,0.0,Spring,No Holiday,Yes
2018-05-11,486,6,12.0,83.0,0.4,321.0,9.1,0.01,0.0,0.0,Spring,No Holiday,Yes
2018-05-11,1156,7,12.4,82.0,1.0,314.0,9.4,0.1,0.0,0.0,Spring,No Holiday,Yes
2018-05-11,1881,8,13.1,78.0,1.2,330.0,9.3,0.41,0.0,0.0,Spring,No Holiday,Yes
2018-05-11,850,9,14.3,72.0,0.7,342.0,9.3,0.84,0.0,0.0,Spring,No Holiday,Yes
2018-05-11,816,10,16.4,64.0,2.4,423.0,9.5,2.05,0.0,0.0,Spring,No Holiday,Yes
2018-05-11,972,11,18.3,56.0,1.4,519.0,9.3,2.53,0.0,0.0,Spring,No Holiday,Yes
2018-05-11,1161,12,20.0,47.0,1.4,685.0,8.3,3.08,0.0,0.0,Spring,No Holiday,Yes
2018-05-11,1177,13,20.8,45.0,2.8,688.0,8.4,3.17,0.0,0.0,Spring,No Holiday,Yes
2018-05-11,1174,14,21.0,47.0,2.2,606.0,9.2,2.52,0.0,0.0,Spring,No Holiday,Yes
2018-05-11,1295,15,19.9,47.0,3.3,484.0,8.2,1.83,0.0,0.0,Spring,No Holiday,Yes
2018-05-11,1496,16,19.1,54.0,3.2,542.0,9.5,0.94,0.0,0.0,Spring,No Holiday,Yes
2018-05-11,1863,17,18.9,45.0,2.6,1084.0,6.6,0.8,0.0,0.0,Spring,No Holiday,Yes
2018-05-11,2701,18,17.9,37.0,3.1,1819.0,2.9,0.36,0.0,0.0,Spring,No Holiday,Yes
2018-05-11,1999,19,17.1,51.0,2.5,1223.0,6.8,0.06,0.0,0.0,Spring,No Holiday,Yes
2018-05-11,941,20,16.7,52.0,0.9,1328.0,6.7,0.0,0.0,0.0,Spring,No Holiday,Yes
2018-05-11,1644,21,16.4,52.0,1.5,1273.0,6.5,0.0,0.0,0.0,Spring,No Holiday,Yes
2018-05-11,1556,22,16.2,54.0,1.1,1327.0,6.8,0.0,0.0,0.0,Spring,No Holiday,Yes
2018-05-11,1185,23,16.2,50.0,1.6,1327.0,5.7,0.0,0.0,0.0,Spring,No Holiday,Yes
2018-05-12,862,0,16.1,54.0,1.3,1052.0,6.7,0.0,0.0,0.0,Spring,No Holiday,Yes
2018-05-12,669,1,15.9,51.0,1.8,866.0,5.7,0.0,0.0,0.0,Spring,No Holiday,Yes
2018-05-12,416,2,15.5,62.0,1.0,730.0,8.2,0.0,0.0,0.0,Spring,No Holiday,Yes
2018-05-12,358,3,15.2,63.0,0.5,700.0,8.1,0.0,0.0,0.0,Spring,No Holiday,Yes
2018-05-12,207,4,15.0,61.0,0.8,867.0,7.5,0.0,0.0,0.0,Spring,No Holiday,Yes
2018-05-12,70,5,15.0,61.0,1.2,903.0,7.5,0.0,0.0,0.0,Spring,No Holiday,Yes
2018-05-12,37,6,14.4,71.0,1.3,560.0,9.2,0.0,0.4,0.0,Spring,No Holiday,Yes
2018-05-12,43,7,13.3,81.0,1.5,525.0,10.1,0.04,0.1,0.0,Spring,No Holiday,Yes
2018-05-12,20,8,12.0,87.0,1.0,296.0,9.8,0.1,1.0,0.0,Spring,No Holiday,Yes
2018-05-12,16,9,11.8,95.0,1.0,168.0,11.0,0.14,3.0,0.0,Spring,No Holiday,Yes
2018-05-12,6,10,11.8,96.0,1.3,221.0,11.1,0.12,2.5,0.0,Spring,No Holiday,Yes
2018-05-12,18,11,12.0,96.0,1.0,184.0,11.3,0.14,3.5,0.0,Spring,No Holiday,Yes
2018-05-12,11,12,12.3,97.0,0.8,238.0,11.8,0.14,2.0,0.0,Spring,No Holiday,Yes
2018-05-12,19,13,12.6,97.0,0.6,327.0,12.1,0.14,3.0,0.0,Spring,No Holiday,Yes
2018-05-12,22,14,13.0,97.0,0.8,211.0,12.5,0.15,2.0,0.0,Spring,No Holiday,Yes
2018-05-12,17,15,13.3,97.0,0.8,194.0,12.8,0.12,3.0,0.0,Spring,No Holiday,Yes
2018-05-12,34,16,13.8,97.0,0.7,196.0,13.3,0.12,1.5,0.0,Spring,No Holiday,Yes
2018-05-12,24,17,14.3,98.0,0.7,270.0,13.9,0.08,1.5,0.0,Spring,No Holiday,Yes
2018-05-12,22,18,15.4,97.0,1.9,340.0,14.9,0.03,2.0,0.0,Spring,No Holiday,Yes
2018-05-12,29,19,15.5,97.0,0.7,403.0,15.0,0.0,2.0,0.0,Spring,No Holiday,Yes
2018-05-12,29,20,15.7,97.0,0.3,343.0,15.2,0.0,1.0,0.0,Spring,No Holiday,Yes
2018-05-12,25,21,15.8,97.0,0.6,193.0,15.3,0.0,0.5,0.0,Spring,No Holiday,Yes
2018-05-12,30,22,15.8,98.0,0.4,179.0,15.4,0.0,1.5,0.0,Spring,No Holiday,Yes
2018-05-12,50,23,15.8,98.0,1.6,235.0,15.4,0.0,1.0,0.0,Spring,No Holiday,Yes
2018-05-13,145,0,15.5,97.0,1.5,181.0,15.0,0.0,0.5,0.0,Spring,No Holiday,Yes
2018-05-13,178,1,15.1,97.0,1.7,173.0,14.6,0.0,0.2,0.0,Spring,No Holiday,Yes
2018-05-13,189,2,14.5,97.0,2.9,359.0,14.0,0.0,0.1,0.0,Spring,No Holiday,Yes
2018-05-13,141,3,14.2,98.0,1.5,135.0,13.8,0.0,0.2,0.0,Spring,No Holiday,Yes
2018-05-13,83,4,13.8,98.0,2.9,27.0,13.4,0.0,0.0,0.0,Spring,No Holiday,Yes
2018-05-13,72,5,13.5,98.0,0.8,105.0,13.1,0.0,0.0,0.0,Spring,No Holiday,Yes
2018-05-13,139,6,13.5,98.0,0.4,251.0,13.1,0.01,0.0,0.0,Spring,No Holiday,Yes
2018-05-13,220,7,13.7,98.0,1.6,468.0,13.3,0.1,0.0,0.0,Spring,No Holiday,Yes
2018-05-13,397,8,14.1,98.0,1.3,834.0,13.7,0.26,0.0,0.0,Spring,No Holiday,Yes
2018-05-13,579,9,14.8,95.0,1.0,986.0,14.0,0.53,0.0,0.0,Spring,No Holiday,Yes
2018-05-13,716,10,15.2,88.0,2.2,1090.0,13.2,0.55,0.0,0.0,Spring,No Holiday,Yes
2018-05-13,993,11,16.4,78.0,1.6,1209.0,12.5,1.37,0.0,0.0,Spring,No Holiday,Yes
2018-05-13,1434,12,18.3,65.0,1.2,1489.0,11.5,2.4,0.0,0.0,Spring,No Holiday,Yes
2018-05-13,1839,13,19.1,65.0,1.9,1145.0,12.3,2.26,0.0,0.0,Spring,No Holiday,Yes
2018-05-13,2055,14,19.7,64.0,2.9,929.0,12.6,1.99,0.0,0.0,Spring,No Holiday,Yes
2018-05-13,2329,15,19.7,63.0,2.5,941.0,12.4,2.01,0.0,0.0,Spring,No Holiday,Yes
2018-05-13,2379,16,19.5,65.0,2.9,857.0,12.7,1.97,0.0,0.0,Spring,No Holiday,Yes
2018-05-13,2410,17,19.4,63.0,2.6,1099.0,12.1,1.61,0.0,0.0,Spring,No Holiday,Yes
2018-05-13,2338,18,19.0,66.0,1.3,1111.0,12.4,0.95,0.0,0.0,Spring,No Holiday,Yes
2018-05-13,2023,19,17.6,73.0,2.0,886.0,12.6,0.34,0.0,0.0,Spring,No Holiday,Yes
2018-05-13,1714,20,15.6,81.0,2.3,827.0,12.3,0.02,0.0,0.0,Spring,No Holiday,Yes
2018-05-13,1571,21,14.1,86.0,0.9,535.0,11.7,0.0,0.0,0.0,Spring,No Holiday,Yes
2018-05-13,1155,22,13.5,87.0,2.2,433.0,11.3,0.0,0.0,0.0,Spring,No Holiday,Yes
2018-05-13,814,23,13.0,89.0,1.3,326.0,11.2,0.0,0.0,0.0,Spring,No Holiday,Yes
2018-05-14,581,0,12.7,89.0,1.2,340.0,10.9,0.0,0.0,0.0,Spring,No Holiday,Yes
2018-05-14,377,1,12.4,94.0,1.3,307.0,11.4,0.0,0.0,0.0,Spring,No Holiday,Yes
2018-05-14,241,2,12.1,94.0,1.6,191.0,11.1,0.0,0.0,0.0,Spring,No Holiday,Yes
2018-05-14,167,3,11.9,95.0,1.5,180.0,11.1,0.0,0.0,0.0,Spring,No Holiday,Yes
2018-05-14,121,4,11.9,94.0,1.3,210.0,10.9,0.0,0.0,0.0,Spring,No Holiday,Yes
2018-05-14,199,5,11.9,93.0,0.8,241.0,10.7,0.0,0.0,0.0,Spring,No Holiday,Yes
2018-05-14,552,6,12.1,89.0,0.3,252.0,10.3,0.02,0.0,0.0,Spring,No Holiday,Yes
2018-05-14,1251,7,12.6,85.0,0.4,292.0,10.1,0.23,0.0,0.0,Spring,No Holiday,Yes
2018-05-14,1997,8,13.8,79.0,0.9,313.0,10.2,0.44,0.0,0.0,Spring,No Holiday,Yes
2018-05-14,1106,9,15.1,74.0,0.6,437.0,10.4,0.76,0.0,0.0,Spring,No Holiday,Yes
2018-05-14,779,10,16.6,67.0,0.9,479.0,10.4,1.23,0.0,0.0,Spring,No Holiday,Yes
2018-05-14,946,11,18.5,65.0,1.4,463.0,11.7,2.07,0.0,0.0,Spring,No Holiday,Yes
2018-05-14,1095,12,20.0,62.0,1.8,428.0,12.4,2.38,0.0,0.0,Spring,No Holiday,Yes
2018-05-14,1051,13,21.8,59.0,1.9,404.0,13.4,2.74,0.0,0.0,Spring,No Holiday,Yes
2018-05-14,1124,14,23.1,56.0,1.6,391.0,13.8,2.67,0.0,0.0,Spring,No Holiday,Yes
2018-05-14,1171,15,24.0,59.0,1.6,353.0,15.4,2.24,0.0,0.0,Spring,No Holiday,Yes
2018-05-14,1433,16,24.3,54.0,2.6,346.0,14.3,1.81,0.0,0.0,Spring,No Holiday,Yes
2018-05-14,1891,17,24.4,51.0,1.9,466.0,13.5,1.42,0.0,0.0,Spring,No Holiday,Yes
2018-05-14,2906,18,23.6,48.0,3.1,666.0,11.9,0.85,0.0,0.0,Spring,No Holiday,Yes
2018-05-14,2236,19,22.7,56.0,1.8,598.0,13.4,0.31,0.0,0.0,Spring,No Holiday,Yes
2018-05-14,1965,20,21.4,64.0,2.1,411.0,14.3,0.02,0.0,0.0,Spring,No Holiday,Yes
2018-05-14,1885,21,20.5,67.0,1.4,357.0,14.1,0.0,0.0,0.0,Spring,No Holiday,Yes
2018-05-14,1648,22,19.6,71.0,0.6,325.0,14.1,0.0,0.0,0.0,Spring,No Holiday,Yes
2018-05-14,1071,23,18.8,73.0,0.8,291.0,13.8,0.0,0.0,0.0,Spring,No Holiday,Yes
2018-05-15,764,0,18.1,77.0,0.5,287.0,13.9,0.0,0.0,0.0,Spring,No Holiday,Yes
2018-05-15,563,1,17.5,78.0,0.6,277.0,13.6,0.0,0.0,0.0,Spring,No Holiday,Yes
2018-05-15,372,2,17.1,74.0,0.4,350.0,12.4,0.0,0.0,0.0,Spring,No Holiday,Yes
2018-05-15,241,3,16.6,74.0,0.4,402.0,11.9,0.0,0.0,0.0,Spring,No Holiday,Yes
2018-05-15,170,4,16.1,74.0,0.8,440.0,11.4,0.0,0.0,0.0,Spring,No Holiday,Yes
2018-05-15,182,5,15.7,76.0,0.6,330.0,11.4,0.0,0.0,0.0,Spring,No Holiday,Yes
2018-05-15,562,6,15.4,84.0,0.8,235.0,12.7,0.03,0.0,0.0,Spring,No Holiday,Yes
2018-05-15,1239,7,16.2,79.0,1.2,239.0,12.5,0.36,0.0,0.0,Spring,No Holiday,Yes
2018-05-15,2059,8,18.4,68.0,1.1,254.0,12.3,0.88,0.0,0.0,Spring,No Holiday,Yes
2018-05-15,1148,9,20.8,53.0,0.8,381.0,10.8,1.58,0.0,0.0,Spring,No Holiday,Yes
2018-05-15,832,10,22.7,37.0,0.9,879.0,7.2,2.18,0.0,0.0,Spring,No Holiday,Yes
2018-05-15,944,11,24.8,36.0,1.8,973.0,8.7,2.7,0.0,0.0,Spring,No Holiday,Yes
2018-05-15,1058,12,26.3,36.0,1.1,1133.0,10.0,2.88,0.0,0.0,Spring,No Holiday,Yes
2018-05-15,1080,13,27.8,34.0,1.5,1306.0,10.4,3.14,0.0,0.0,Spring,No Holiday,Yes
2018-05-15,1092,14,28.5,33.0,0.9,1348.0,10.6,2.51,0.0,0.0,Spring,No Holiday,Yes
2018-05-15,1210,15,29.1,38.0,1.7,1602.0,13.3,1.89,0.0,0.0,Spring,No Holiday,Yes
2018-05-15,1458,16,28.8,37.0,2.4,1629.0,12.6,1.44,0.0,0.0,Spring,No Holiday,Yes
2018-05-15,1951,17,28.5,43.0,1.7,1404.0,14.6,1.06,0.0,0.0,Spring,No Holiday,Yes
2018-05-15,2915,18,27.5,47.0,2.5,1113.0,15.1,0.43,0.0,0.0,Spring,No Holiday,Yes
2018-05-15,2248,19,26.9,49.0,0.9,1063.0,15.2,0.1,0.0,0.0,Spring,No Holiday,Yes
2018-05-15,1958,20,26.3,53.0,1.0,908.0,15.9,0.0,0.0,0.0,Spring,No Holiday,Yes
2018-05-15,1944,21,25.6,56.0,0.7,884.0,16.1,0.0,0.0,0.0,Spring,No Holiday,Yes
2018-05-15,1640,22,25.0,59.0,0.6,742.0,16.4,0.0,0.0,0.0,Spring,No Holiday,Yes
2018-05-15,848,23,24.8,60.0,1.0,795.0,16.5,0.0,0.0,0.0,Spring,No Holiday,Yes
2018-05-16,662,0,24.4,63.0,0.8,745.0,16.8,0.0,0.0,0.0,Spring,No Holiday,Yes
2018-05-16,502,1,24.1,67.0,0.5,686.0,17.5,0.0,0.0,0.0,Spring,No Holiday,Yes
2018-05-16,145,2,23.9,69.0,0.3,531.0,17.8,0.0,0.2,0.0,Spring,No Holiday,Yes
2018-05-16,166,3,22.6,89.0,0.7,327.0,20.6,0.0,0.8,0.0,Spring,No Holiday,Yes
2018-05-16,124,4,22.3,86.0,0.5,387.0,19.8,0.0,0.0,0.0,Spring,No Holiday,Yes
2018-05-16,52,5,22.3,87.0,0.6,399.0,20.0,0.0,0.0,0.0,Spring,No Holiday,Yes
2018-05-16,135,6,22.1,94.0,0.9,269.0,21.0,0.0,2.0,0.0,Spring,No Holiday,Yes
2018-05-16,367,7,22.0,95.0,0.7,342.0,21.1,0.0,0.0,0.0,Spring,No Holiday,Yes
2018-05-16,291,8,22.4,93.0,1.2,683.0,21.2,0.04,0.0,0.0,Spring,No Holiday,Yes
2018-05-16,97,9,22.8,93.0,3.1,569.0,21.6,0.06,4.0,0.0,Spring,No Holiday,Yes
2018-05-16,81,10,22.8,95.0,1.7,176.0,21.9,0.05,1.0,0.0,Spring,No Holiday,Yes
2018-05-16,243,11,22.7,93.0,4.8,832.0,21.5,0.17,0.0,0.0,Spring,No Holiday,Yes
2018-05-16,59,12,22.9,87.0,4.0,1497.0,20.6,0.22,0.0,0.0,Spring,No Holiday,Yes
2018-05-16,151,13,21.8,97.0,2.4,682.0,21.2,0.06,35.0,0.0,Spring,No Holiday,Yes
2018-05-16,248,14,22.0,96.0,2.9,1327.0,21.3,0.39,0.0,0.0,Spring,No Holiday,Yes
2018-05-16,240,15,22.0,96.0,2.9,313.0,21.3,0.2,0.0,0.0,Spring,No Holiday,Yes
2018-05-16,223,16,21.8,97.0,1.8,206.0,21.2,0.18,0.0,0.0,Spring,No Holiday,Yes
2018-05-16,304,17,21.9,97.0,3.2,207.0,21.3,0.14,0.5,0.0,Spring,No Holiday,Yes
2018-05-16,562,18,21.9,97.0,2.1,191.0,21.3,0.08,0.0,0.0,Spring,No Holiday,Yes
2018-05-16,404,19,21.9,97.0,2.2,196.0,21.3,0.01,0.0,0.0,Spring,No Holiday,Yes
2018-05-16,338,20,21.8,97.0,2.2,156.0,21.2,0.0,0.5,0.0,Spring,No Holiday,Yes
2018-05-16,398,21,21.8,97.0,1.3,160.0,21.2,0.0,0.5,0.0,Spring,No Holiday,Yes
2018-05-16,399,22,21.9,97.0,1.5,164.0,21.3,0.0,0.0,0.0,Spring,No Holiday,Yes
2018-05-16,225,23,22.0,97.0,0.9,158.0,21.4,0.0,0.0,0.0,Spring,No Holiday,Yes
2018-05-17,118,0,22.0,97.0,1.6,152.0,21.4,0.0,0.5,0.0,Spring,No Holiday,Yes
2018-05-17,144,1,22.0,97.0,2.1,192.0,21.4,0.0,0.5,0.0,Spring,No Holiday,Yes
2018-05-17,78,2,21.8,97.0,1.3,175.0,21.2,0.0,1.0,0.0,Spring,No Holiday,Yes
2018-05-17,38,3,21.8,98.0,0.6,113.0,21.4,0.0,2.5,0.0,Spring,No Holiday,Yes
2018-05-17,51,4,19.2,98.0,2.4,1965.0,18.8,0.0,19.0,0.0,Spring,No Holiday,Yes
2018-05-17,54,5,18.8,97.0,0.9,1927.0,18.3,0.0,0.0,0.0,Spring,No Holiday,Yes
2018-05-17,69,6,18.9,98.0,0.3,338.0,18.5,0.0,0.0,0.0,Spring,No Holiday,Yes
2018-05-17,80,7,19.1,98.0,0.3,125.0,18.7,0.0,0.0,0.0,Spring,No Holiday,Yes
2018-05-17,152,8,19.7,98.0,0.5,1958.0,19.3,0.12,13.5,0.0,Spring,No Holiday,Yes
2018-05-17,28,9,19.7,98.0,0.5,659.0,19.3,0.05,10.0,0.0,Spring,No Holiday,Yes
2018-05-17,141,10,20.1,98.0,1.2,885.0,19.7,0.13,2.0,0.0,Spring,No Holiday,Yes
2018-05-17,182,11,20.4,98.0,0.9,300.0,20.0,0.25,2.5,0.0,Spring,No Holiday,Yes
2018-05-17,467,12,21.7,96.0,0.8,1773.0,21.0,0.81,1.5,0.0,Spring,No Holiday,Yes
2018-05-17,592,13,23.4,83.0,1.7,1944.0,20.3,1.5,0.0,0.0,Spring,No Holiday,Yes
2018-05-17,352,14,23.4,81.0,0.6,1921.0,19.9,0.5,0.0,0.0,Spring,No Holiday,Yes
2018-05-17,186,15,22.8,95.0,1.6,294.0,21.9,0.11,0.5,0.0,Spring,No Holiday,Yes
2018-05-17,102,16,22.9,95.0,0.4,385.0,22.0,0.31,0.0,0.0,Spring,No Holiday,Yes
2018-05-17,131,17,22.7,96.0,0.4,249.0,22.0,0.11,2.5,0.0,Spring,No Holiday,Yes
2018-05-17,431,18,22.6,97.0,1.1,304.0,22.0,0.07,1.5,0.0,Spring,No Holiday,Yes
2018-05-17,29,19,22.3,96.0,2.6,191.0,21.6,0.0,0.0,0.0,Spring,No Holiday,Yes
2018-05-17,17,20,21.3,97.0,2.8,388.0,20.7,0.0,12.5,0.0,Spring,No Holiday,Yes
2018-05-17,18,21,20.5,97.0,1.1,726.0,20.0,0.0,4.0,0.0,Spring,No Holiday,Yes
2018-05-17,26,22,20.2,98.0,0.5,468.0,19.8,0.0,6.0,0.0,Spring,No Holiday,Yes
2018-05-17,35,23,20.0,98.0,1.8,589.0,19.6,0.0,2.5,0.0,Spring,No Holiday,Yes
2018-05-18,129,0,19.3,97.0,1.8,523.0,18.8,0.0,1.0,0.0,Spring,No Holiday,Yes
2018-05-18,116,1,19.0,97.0,1.5,278.0,18.5,0.0,1.0,0.0,Spring,No Holiday,Yes
2018-05-18,48,2,18.8,98.0,1.5,237.0,18.4,0.0,0.5,0.0,Spring,No Holiday,Yes
2018-05-18,47,3,18.3,98.0,1.6,320.0,17.9,0.0,2.0,0.0,Spring,No Holiday,Yes
2018-05-18,22,4,18.1,98.0,1.7,223.0,17.7,0.0,1.0,0.0,Spring,No Holiday,Yes
2018-05-18,29,5,17.8,98.0,1.0,457.0,17.4,0.0,0.5,0.0,Spring,No Holiday,Yes
2018-05-18,77,6,17.4,98.0,0.3,234.0,17.0,0.0,0.0,0.0,Spring,No Holiday,Yes
2018-05-18,210,7,16.6,98.0,0.6,219.0,16.2,0.01,0.5,0.0,Spring,No Holiday,Yes
2018-05-18,400,8,16.4,98.0,0.3,514.0,16.0,0.11,0.0,0.0,Spring,No Holiday,Yes
2018-05-18,427,9,16.6,98.0,0.6,301.0,16.2,0.18,0.5,0.0,Spring,No Holiday,Yes
2018-05-18,454,10,16.3,97.0,1.0,693.0,15.8,0.37,0.0,0.0,Spring,No Holiday,Yes
2018-05-18,352,11,16.6,96.0,0.7,539.0,15.9,0.41,0.0,0.0,Spring,No Holiday,Yes
2018-05-18,185,12,16.6,96.0,0.8,430.0,15.9,0.34,0.0,0.0,Spring,No Holiday,Yes
2018-05-18,509,13,16.7,93.0,1.0,1373.0,15.5,0.72,0.5,0.0,Spring,No Holiday,Yes
2018-05-18,697,14,16.7,88.0,1.5,1760.0,14.6,0.72,0.0,0.0,Spring,No Holiday,Yes
2018-05-18,906,15,16.7,85.0,1.2,2000.0,14.1,0.49,0.0,0.0,Spring,No Holiday,Yes
2018-05-18,1182,16,17.0,82.0,1.9,2000.0,13.8,0.84,0.0,0.0,Spring,No Holiday,Yes
2018-05-18,1551,17,17.2,81.0,1.2,2000.0,13.9,0.57,0.0,0.0,Spring,No Holiday,Yes
2018-05-18,2261,18,17.5,79.0,1.5,2000.0,13.8,0.57,0.0,0.0,Spring,No Holiday,Yes
2018-05-18,1751,19,17.0,76.0,1.5,2000.0,12.7,0.29,0.0,0.0,Spring,No Holiday,Yes
2018-05-18,1386,20,16.2,76.0,2.1,2000.0,11.9,0.02,0.0,0.0,Spring,No Holiday,Yes
2018-05-18,1263,21,15.3,73.0,2.3,2000.0,10.4,0.0,0.0,0.0,Spring,No Holiday,Yes
2018-05-18,1221,22,14.2,73.0,1.9,2000.0,9.4,0.0,0.0,0.0,Spring,No Holiday,Yes
2018-05-18,864,23,13.2,68.0,1.8,2000.0,7.4,0.0,0.0,0.0,Spring,No Holiday,Yes
2018-05-19,689,0,12.2,67.0,1.2,2000.0,6.2,0.0,0.0,0.0,Spring,No Holiday,Yes
2018-05-19,676,1,11.4,74.0,1.3,2000.0,6.9,0.0,0.0,0.0,Spring,No Holiday,Yes
2018-05-19,526,2,11.1,74.0,1.9,2000.0,6.6,0.0,0.0,0.0,Spring,No Holiday,Yes
2018-05-19,320,3,10.7,73.0,1.3,2000.0,6.0,0.0,0.0,0.0,Spring,No Holiday,Yes
2018-05-19,213,4,10.5,73.0,1.2,2000.0,5.8,0.0,0.0,0.0,Spring,No Holiday,Yes
2018-05-19,198,5,10.4,71.0,1.1,2000.0,5.3,0.0,0.0,0.0,Spring,No Holiday,Yes
2018-05-19,234,6,10.5,70.0,1.0,2000.0,5.2,0.03,0.0,0.0,Spring,No Holiday,Yes
2018-05-19,436,7,11.4,0.0,1.4,2000.0,4.5,0.46,0.0,0.0,Spring,No Holiday,Yes
2018-05-19,766,8,13.7,57.0,1.4,2000.0,5.3,1.28,0.0,0.0,Spring,No Holiday,Yes
2018-05-19,932,9,15.7,49.0,1.6,2000.0,5.0,2.0,0.0,0.0,Spring,No Holiday,Yes
2018-05-19,1051,10,17.2,45.0,2.1,2000.0,5.1,2.61,0.0,0.0,Spring,No Holiday,Yes
2018-05-19,1290,11,19.0,44.0,1.4,2000.0,6.4,3.12,0.0,0.0,Spring,No Holiday,Yes
2018-05-19,1573,12,20.5,42.0,2.1,2000.0,7.1,3.42,0.0,0.0,Spring,No Holiday,Yes
2018-05-19,1865,13,21.9,39.0,2.0,2000.0,7.3,3.52,0.0,0.0,Spring,No Holiday,Yes
2018-05-19,2128,14,22.8,39.0,2.6,1983.0,8.1,3.39,0.0,0.0,Spring,No Holiday,Yes
2018-05-19,2268,15,23.9,37.0,1.6,2000.0,8.3,3.07,0.0,0.0,Spring,No Holiday,Yes
2018-05-19,2479,16,24.5,34.0,1.5,2000.0,7.5,2.54,0.0,0.0,Spring,No Holiday,Yes
2018-05-19,2355,17,24.5,35.0,1.8,1927.0,8.0,1.93,0.0,0.0,Spring,No Holiday,Yes
2018-05-19,2439,18,24.0,34.0,1.7,2000.0,7.1,1.22,0.0,0.0,Spring,No Holiday,Yes
2018-05-19,2140,19,22.6,34.0,1.5,2000.0,5.9,0.51,0.0,0.0,Spring,No Holiday,Yes
2018-05-19,1872,20,20.9,34.0,1.4,2000.0,4.4,0.03,0.0,0.0,Spring,No Holiday,Yes
2018-05-19,1780,21,19.5,34.0,1.3,2000.0,3.2,0.0,0.0,0.0,Spring,No Holiday,Yes
2018-05-19,1595,22,18.4,34.0,1.2,2000.0,2.2,0.0,0.0,0.0,Spring,No Holiday,Yes
2018-05-19,1169,23,17.1,37.0,1.3,2000.0,2.2,0.0,0.0,0.0,Spring,No Holiday,Yes
2018-05-20,986,0,15.8,41.0,1.2,2000.0,2.5,0.0,0.0,0.0,Spring,No Holiday,Yes
2018-05-20,713,1,14.7,43.0,1.2,2000.0,2.2,0.0,0.0,0.0,Spring,No Holiday,Yes
2018-05-20,473,2,13.9,43.0,0.9,2000.0,1.5,0.0,0.0,0.0,Spring,No Holiday,Yes
2018-05-20,347,3,13.5,41.0,1.0,2000.0,0.4,0.0,0.0,0.0,Spring,No Holiday,Yes
2018-05-20,205,4,12.8,44.0,0.8,2000.0,0.8,0.0,0.0,0.0,Spring,No Holiday,Yes
2018-05-20,160,5,12.1,47.0,1.6,2000.0,1.1,0.0,0.0,0.0,Spring,No Holiday,Yes
2018-05-20,190,6,11.6,46.0,0.8,2000.0,0.3,0.05,0.0,0.0,Spring,No Holiday,Yes
2018-05-20,341,7,12.3,43.0,0.6,2000.0,0.0,0.3,0.0,0.0,Spring,No Holiday,Yes
2018-05-20,524,8,14.1,38.0,1.0,2000.0,0.0,0.72,0.0,0.0,Spring,No Holiday,Yes
2018-05-20,676,9,16.0,34.0,1.3,2000.0,0.1,1.0,0.0,0.0,Spring,No Holiday,Yes
2018-05-20,899,10,17.0,37.0,1.4,2000.0,2.1,0.94,0.0,0.0,Spring,No Holiday,Yes
2018-05-20,1013,11,18.7,30.0,1.9,2000.0,0.7,1.66,0.0,0.0,Spring,No Holiday,Yes
2018-05-20,1313,12,18.8,31.0,1.2,2000.0,1.2,0.92,0.0,0.0,Spring,No Holiday,Yes
2018-05-20,1559,13,19.9,33.0,1.4,2000.0,3.1,1.28,0.0,0.0,Spring,No Holiday,Yes
2018-05-20,1680,14,20.3,30.0,1.8,2000.0,2.1,1.01,0.0,0.0,Spring,No Holiday,Yes
2018-05-20,1999,15,21.0,28.0,1.7,2000.0,1.7,1.16,0.0,0.0,Spring,No Holiday,Yes
2018-05-20,2143,16,22.2,23.0,2.2,2000.0,0.0,1.66,0.0,0.0,Spring,No Holiday,Yes
2018-05-20,2310,17,22.4,23.0,2.4,2000.0,0.2,1.89,0.0,0.0,Spring,No Holiday,Yes
2018-05-20,2403,18,22.2,22.0,1.8,2000.0,-0.5,1.25,0.0,0.0,Spring,No Holiday,Yes
2018-05-20,2145,19,20.8,24.0,2.0,2000.0,-0.5,0.56,0.0,0.0,Spring,No Holiday,Yes
2018-05-20,1846,20,19.0,26.0,1.5,2000.0,-0.9,0.02,0.0,0.0,Spring,No Holiday,Yes
2018-05-20,1636,21,17.8,26.0,1.3,2000.0,-1.9,0.0,0.0,0.0,Spring,No Holiday,Yes
2018-05-20,1325,22,16.8,29.0,1.2,2000.0,-1.3,0.0,0.0,0.0,Spring,No Holiday,Yes
2018-05-20,943,23,15.8,30.0,1.1,2000.0,-1.7,0.0,0.0,0.0,Spring,No Holiday,Yes
2018-05-21,666,0,15.3,29.0,1.3,2000.0,-2.6,0.0,0.0,0.0,Spring,No Holiday,Yes
2018-05-21,420,1,14.5,31.0,1.1,2000.0,-2.4,0.0,0.0,0.0,Spring,No Holiday,Yes
2018-05-21,262,2,13.9,0.0,0.9,2000.0,-2.1,0.0,0.0,0.0,Spring,No Holiday,Yes
2018-05-21,165,3,13.0,0.0,0.8,2000.0,-2.5,0.0,0.0,0.0,Spring,No Holiday,Yes
2018-05-21,113,4,12.4,0.0,0.8,2000.0,-3.4,0.0,0.0,0.0,Spring,No Holiday,Yes
2018-05-21,200,5,11.9,0.0,1.3,2000.0,-2.7,0.0,0.0,0.0,Spring,No Holiday,Yes
2018-05-21,467,6,11.4,0.0,0.9,2000.0,-2.0,0.03,0.0,0.0,Spring,No Holiday,Yes
2018-05-21,1135,7,12.3,0.0,0.9,1989.0,-2.7,0.48,0.0,0.0,Spring,No Holiday,Yes
2018-05-21,1785,8,15.3,30.0,1.3,2000.0,-2.2,1.3,0.0,0.0,Spring,No Holiday,Yes
2018-05-21,1118,9,17.7,27.0,1.3,2000.0,-1.5,2.02,0.0,0.0,Spring,No Holiday,Yes
2018-05-21,962,10,19.3,27.0,1.4,2000.0,-0.1,2.63,0.0,0.0,Spring,No Holiday,Yes
2018-05-21,1129,11,20.9,27.0,1.7,2000.0,1.1,3.11,0.0,0.0,Spring,No Holiday,Yes
2018-05-21,1373,12,21.8,31.0,2.1,2000.0,3.9,3.39,0.0,0.0,Spring,No Holiday,Yes
2018-05-21,1456,13,22.8,31.0,1.9,1923.0,4.7,3.49,0.0,0.0,Spring,No Holiday,Yes
2018-05-21,1483,14,23.4,36.0,2.8,1947.0,7.4,3.11,0.0,0.0,Spring,No Holiday,Yes
2018-05-21,1612,15,23.3,38.0,1.5,1963.0,8.1,2.13,0.0,0.0,Spring,No Holiday,Yes
2018-05-21,1820,16,22.7,42.0,1.9,2000.0,9.1,1.13,0.0,0.0,Spring,No Holiday,Yes
2018-05-21,2214,17,22.2,45.0,2.4,2000.0,9.6,0.83,0.0,0.0,Spring,No Holiday,Yes
2018-05-21,3069,18,21.6,48.0,2.5,1884.0,10.1,0.61,0.0,0.0,Spring,No Holiday,Yes
2018-05-21,2450,19,19.5,56.0,1.6,1600.0,10.4,0.29,0.0,0.0,Spring,No Holiday,Yes
2018-05-21,2167,20,18.4,59.0,2.6,1476.0,10.2,0.04,0.0,0.0,Spring,No Holiday,Yes
2018-05-21,2065,21,17.7,63.0,0.5,1324.0,10.5,0.0,0.0,0.0,Spring,No Holiday,Yes
2018-05-21,1832,22,16.9,65.0,0.3,1281.0,10.2,0.0,0.0,0.0,Spring,No Holiday,Yes
2018-05-21,1273,23,16.3,70.0,0.7,1293.0,10.8,0.0,0.0,0.0,Spring,No Holiday,Yes
2018-05-22,957,0,16.0,71.0,0.5,1299.0,10.7,0.0,0.0,0.0,Spring,Holiday,Yes
2018-05-22,810,1,15.9,71.0,1.1,1312.0,10.6,0.0,0.0,0.0,Spring,Holiday,Yes
2018-05-22,590,2,15.7,74.0,1.0,1313.0,11.0,0.0,0.0,0.0,Spring,Holiday,Yes
2018-05-22,406,3,15.5,0.0,0.7,1420.0,10.4,0.0,0.0,0.0,Spring,Holiday,Yes
2018-05-22,248,4,15.6,0.0,0.5,1502.0,10.5,0.0,0.0,0.0,Spring,Holiday,Yes
2018-05-22,182,5,15.7,0.0,0.6,1610.0,10.6,0.0,0.0,0.0,Spring,Holiday,Yes
2018-05-22,277,6,15.5,0.0,0.5,1691.0,10.4,0.06,0.0,0.0,Spring,Holiday,Yes
2018-05-22,443,7,16.3,69.0,0.7,1750.0,10.5,0.34,0.0,0.0,Spring,Holiday,Yes
2018-05-22,694,8,18.2,63.0,0.8,1731.0,11.0,1.0,0.0,0.0,Spring,Holiday,Yes
2018-05-22,912,9,19.3,62.0,0.8,1894.0,11.8,1.14,0.0,0.0,Spring,Holiday,Yes
2018-05-22,1119,10,20.7,55.0,1.8,1698.0,11.3,1.43,0.0,0.0,Spring,Holiday,Yes
2018-05-22,1438,11,21.9,55.0,1.4,1820.0,12.4,1.87,0.0,0.0,Spring,Holiday,Yes
2018-05-22,1798,12,22.9,51.0,1.1,1591.0,12.2,1.8,0.0,0.0,Spring,Holiday,Yes
2018-05-22,2000,13,22.7,52.0,1.0,1399.0,12.3,0.94,0.0,0.0,Spring,Holiday,Yes
2018-05-22,1407,14,22.8,53.0,1.4,1630.0,12.7,0.98,0.0,0.0,Spring,Holiday,Yes
2018-05-22,163,15,21.1,72.0,2.7,663.0,15.8,0.31,0.1,0.0,Spring,Holiday,Yes
2018-05-22,86,16,19.5,80.0,1.2,553.0,15.9,0.53,0.4,0.0,Spring,Holiday,Yes
2018-05-22,50,17,18.6,84.0,1.8,499.0,15.8,0.28,1.0,0.0,Spring,Holiday,Yes
2018-05-22,30,18,17.9,93.0,1.2,258.0,16.7,0.13,2.0,0.0,Spring,Holiday,Yes
2018-05-22,45,19,17.6,93.0,0.3,331.0,16.4,0.06,1.5,0.0,Spring,Holiday,Yes
2018-05-22,30,20,17.2,85.0,1.4,467.0,14.6,0.0,0.5,0.0,Spring,Holiday,Yes
2018-05-22,58,21,17.0,85.0,1.1,597.0,14.4,0.0,0.5,0.0,Spring,Holiday,Yes
2018-05-22,29,22,16.8,87.0,0.6,447.0,14.6,0.0,0.5,0.0,Spring,Holiday,Yes
2018-05-22,18,23,16.3,96.0,1.1,198.0,15.6,0.0,2.5,0.0,Spring,Holiday,Yes
2018-05-23,32,0,15.8,97.0,2.4,181.0,15.3,0.0,3.5,0.0,Spring,No Holiday,Yes
2018-05-23,25,1,15.3,97.0,3.2,178.0,14.8,0.0,3.0,0.0,Spring,No Holiday,Yes
2018-05-23,34,2,15.0,97.0,2.5,236.0,14.5,0.0,3.0,0.0,Spring,No Holiday,Yes
2018-05-23,43,3,14.9,96.0,2.2,636.0,14.2,0.0,0.5,0.0,Spring,No Holiday,Yes
2018-05-23,59,4,15.0,97.0,1.4,1827.0,14.5,0.0,0.0,0.0,Spring,No Holiday,Yes
2018-05-23,152,5,14.6,87.0,2.2,2000.0,12.4,0.0,0.0,0.0,Spring,No Holiday,Yes
2018-05-23,436,6,13.9,83.0,3.2,2000.0,11.0,0.04,0.0,0.0,Spring,No Holiday,Yes
2018-05-23,1241,7,13.6,75.0,1.6,1987.0,9.2,0.47,0.0,0.0,Spring,No Holiday,Yes
2018-05-23,2035,8,14.6,70.0,3.1,2000.0,9.1,1.28,0.0,0.0,Spring,No Holiday,Yes
2018-05-23,1125,9,16.0,60.0,1.9,1992.0,8.2,1.98,0.0,0.0,Spring,No Holiday,Yes
2018-05-23,871,10,17.9,56.0,3.3,1919.0,8.9,2.63,0.0,0.0,Spring,No Holiday,Yes
2018-05-23,1012,11,18.9,42.0,3.8,2000.0,5.6,3.13,0.0,0.0,Spring,No Holiday,Yes
2018-05-23,1216,12,20.1,37.0,4.0,1910.0,4.9,3.44,0.0,0.0,Spring,No Holiday,Yes
2018-05-23,1167,13,20.9,33.0,3.9,1853.0,4.0,3.52,0.0,0.0,Spring,No Holiday,Yes
2018-05-23,1183,14,22.0,33.0,3.4,1966.0,4.9,3.41,0.0,0.0,Spring,No Holiday,Yes
2018-05-23,1332,15,23.0,29.0,2.9,1876.0,3.9,3.11,0.0,0.0,Spring,No Holiday,Yes
2018-05-23,1563,16,23.0,33.0,4.2,1880.0,5.8,2.57,0.0,0.0,Spring,No Holiday,Yes
2018-05-23,2069,17,22.4,39.0,3.2,1943.0,7.7,1.9,0.0,0.0,Spring,No Holiday,Yes
2018-05-23,3123,18,21.7,40.0,3.5,1987.0,7.4,1.18,0.0,0.0,Spring,No Holiday,Yes
2018-05-23,2454,19,18.8,52.0,3.4,2000.0,8.7,0.49,0.0,0.0,Spring,No Holiday,Yes
2018-05-23,2001,20,16.7,61.0,1.9,2000.0,9.1,0.05,0.0,0.0,Spring,No Holiday,Yes
2018-05-23,1833,21,15.4,61.0,1.1,1959.0,7.9,0.0,0.0,0.0,Spring,No Holiday,Yes
2018-05-23,1588,22,14.8,59.0,1.0,1740.0,6.8,0.0,0.0,0.0,Spring,No Holiday,Yes
2018-05-23,1080,23,14.6,54.0,1.5,1596.0,5.3,0.0,0.0,0.0,Spring,No Holiday,Yes
2018-05-24,778,0,13.7,51.0,1.3,1651.0,3.7,0.0,0.0,0.0,Spring,No Holiday,Yes
2018-05-24,578,1,12.9,62.0,0.6,1557.0,5.7,0.0,0.0,0.0,Spring,No Holiday,Yes
2018-05-24,385,2,12.5,54.0,0.7,1500.0,3.4,0.0,0.0,0.0,Spring,No Holiday,Yes
2018-05-24,265,3,12.1,64.0,0.8,1538.0,5.4,0.0,0.0,0.0,Spring,No Holiday,Yes
2018-05-24,161,4,11.7,64.0,1.6,1578.0,5.1,0.0,0.0,0.0,Spring,No Holiday,Yes
2018-05-24,205,5,11.3,64.0,1.2,1634.0,4.7,0.0,0.0,0.0,Spring,No Holiday,Yes
2018-05-24,530,6,11.4,67.0,1.0,1600.0,5.4,0.04,0.0,0.0,Spring,No Holiday,Yes
2018-05-24,1390,7,12.5,61.0,1.3,1818.0,5.1,0.42,0.0,0.0,Spring,No Holiday,Yes
2018-05-24,2081,8,15.2,50.0,1.6,1530.0,4.8,1.1,0.0,0.0,Spring,No Holiday,Yes
2018-05-24,1226,9,17.6,30.0,1.1,1531.0,0.0,1.79,0.0,0.0,Spring,No Holiday,Yes
2018-05-24,880,10,19.9,27.0,2.7,1775.0,0.3,2.44,0.0,0.0,Spring,No Holiday,Yes
2018-05-24,922,11,21.5,30.0,2.9,1779.0,3.1,2.92,0.0,0.0,Spring,No Holiday,Yes
2018-05-24,1087,12,22.1,36.0,5.3,1696.0,6.3,3.2,0.0,0.0,Spring,No Holiday,Yes
2018-05-24,1078,13,23.3,35.0,3.7,1874.0,6.9,3.28,0.0,0.0,Spring,No Holiday,Yes
2018-05-24,1059,14,23.2,36.0,4.9,1597.0,7.2,3.18,0.0,0.0,Spring,No Holiday,Yes
2018-05-24,1174,15,23.5,36.0,3.2,1786.0,7.5,2.91,0.0,0.0,Spring,No Holiday,Yes
2018-05-24,1455,16,23.5,36.0,4.0,1763.0,7.5,2.42,0.0,0.0,Spring,No Holiday,Yes
2018-05-24,1863,17,23.4,38.0,2.7,1885.0,8.2,1.76,0.0,0.0,Spring,No Holiday,Yes
2018-05-24,2825,18,22.6,39.0,2.8,1655.0,7.9,1.1,0.0,0.0,Spring,No Holiday,Yes
2018-05-24,2334,19,21.1,44.0,2.6,1512.0,8.3,0.41,0.0,0.0,Spring,No Holiday,Yes
2018-05-24,1902,20,20.0,46.0,2.6,1414.0,8.0,0.05,0.0,0.0,Spring,No Holiday,Yes
2018-05-24,1838,21,19.3,50.0,1.7,1381.0,8.6,0.0,0.0,0.0,Spring,No Holiday,Yes
2018-05-24,1678,22,18.6,54.0,2.3,1328.0,9.0,0.0,0.0,0.0,Spring,No Holiday,Yes
2018-05-24,1087,23,18.1,56.0,1.6,1095.0,9.1,0.0,0.0,0.0,Spring,No Holiday,Yes
2018-05-25,831,0,17.6,57.0,1.8,943.0,8.9,0.0,0.0,0.0,Spring,No Holiday,Yes
2018-05-25,610,1,16.9,61.0,1.0,844.0,9.3,0.0,0.0,0.0,Spring,No Holiday,Yes
2018-05-25,437,2,16.1,70.0,0.6,787.0,10.6,0.0,0.0,0.0,Spring,No Holiday,Yes
2018-05-25,286,3,15.4,71.0,0.5,780.0,10.1,0.0,0.0,0.0,Spring,No Holiday,Yes
2018-05-25,188,4,14.8,71.0,0.4,700.0,9.5,0.0,0.0,0.0,Spring,No Holiday,Yes
2018-05-25,201,5,14.3,75.0,0.6,635.0,9.9,0.0,0.0,0.0,Spring,No Holiday,Yes
2018-05-25,531,6,13.8,74.0,0.7,644.0,9.2,0.05,0.0,0.0,Spring,No Holiday,Yes
2018-05-25,1250,7,14.4,66.0,1.1,704.0,8.1,0.42,0.0,0.0,Spring,No Holiday,Yes
2018-05-25,1996,8,17.1,57.0,1.7,792.0,8.5,1.21,0.0,0.0,Spring,No Holiday,Yes
2018-05-25,1121,9,19.5,44.0,1.3,995.0,6.9,1.88,0.0,0.0,Spring,No Holiday,Yes
2018-05-25,819,10,21.4,30.0,2.5,1730.0,3.0,2.53,0.0,0.0,Spring,No Holiday,Yes
2018-05-25,959,11,23.1,30.0,2.5,1896.0,4.5,3.01,0.0,0.0,Spring,No Holiday,Yes
2018-05-25,1082,12,24.4,24.0,2.9,1811.0,2.5,3.28,0.0,0.0,Spring,No Holiday,Yes
2018-05-25,1106,13,25.6,26.0,2.7,1747.0,4.6,3.36,0.0,0.0,Spring,No Holiday,Yes
2018-05-25,1161,14,26.0,23.0,2.3,1923.0,3.2,2.92,0.0,0.0,Spring,No Holiday,Yes
2018-05-25,1306,15,25.1,25.0,2.7,1959.0,3.6,2.2,0.0,0.0,Spring,No Holiday,Yes
2018-05-25,1533,16,24.3,27.0,4.1,1892.0,4.0,1.78,0.0,0.0,Spring,No Holiday,Yes
2018-05-25,2013,17,23.6,28.0,3.1,1844.0,4.0,1.26,0.0,0.0,Spring,No Holiday,Yes
2018-05-25,2916,18,23.3,32.0,2.6,1772.0,5.6,1.05,0.0,0.0,Spring,No Holiday,Yes
2018-05-25,2227,19,22.0,40.0,1.6,1658.0,7.7,0.47,0.0,0.0,Spring,No Holiday,Yes
2018-05-25,1905,20,20.4,45.0,2.0,1457.0,8.0,0.06,0.0,0.0,Spring,No Holiday,Yes
2018-05-25,1740,21,19.1,50.0,1.4,1378.0,8.4,0.0,0.0,0.0,Spring,No Holiday,Yes
2018-05-25,1630,22,18.3,54.0,1.7,1394.0,8.8,0.0,0.0,0.0,Spring,No Holiday,Yes
2018-05-25,1209,23,17.6,55.0,0.5,1362.0,8.4,0.0,0.0,0.0,Spring,No Holiday,Yes
2018-05-26,987,0,17.0,59.0,1.1,1299.0,8.9,0.0,0.0,0.0,Spring,No Holiday,Yes
2018-05-26,837,1,16.2,63.0,0.7,1328.0,9.1,0.0,0.0,0.0,Spring,No Holiday,Yes
2018-05-26,572,2,15.8,66.0,0.6,1204.0,9.4,0.0,0.0,0.0,Spring,No Holiday,Yes
2018-05-26,419,3,15.3,69.0,0.5,1103.0,9.6,0.0,0.0,0.0,Spring,No Holiday,Yes
2018-05-26,232,4,14.8,73.0,0.5,994.0,9.9,0.0,0.0,0.0,Spring,No Holiday,Yes
2018-05-26,198,5,14.4,73.0,0.4,978.0,9.6,0.0,0.0,0.0,Spring,No Holiday,Yes
2018-05-26,299,6,14.2,72.0,0.6,947.0,9.2,0.04,0.0,0.0,Spring,No Holiday,Yes
2018-05-26,503,7,15.0,64.0,0.6,902.0,8.2,0.46,0.0,0.0,Spring,No Holiday,Yes
2018-05-26,763,8,17.8,52.0,0.6,1094.0,7.8,1.18,0.0,0.0,Spring,No Holiday,Yes
2018-05-26,992,9,20.6,43.0,1.1,1104.0,7.5,1.84,0.0,0.0,Spring,No Holiday,Yes
2018-05-26,1010,10,23.2,41.0,1.1,1440.0,9.2,2.45,0.0,0.0,Spring,No Holiday,Yes
2018-05-26,1164,11,24.8,34.0,0.9,1439.0,7.8,2.92,0.0,0.0,Spring,No Holiday,Yes
2018-05-26,1285,12,26.2,31.0,1.2,1161.0,7.7,3.18,0.0,0.0,Spring,No Holiday,Yes
2018-05-26,1441,13,27.8,31.0,2.0,1326.0,9.1,3.29,0.0,0.0,Spring,No Holiday,Yes
2018-05-26,1448,14,28.3,30.0,2.3,1025.0,9.0,3.14,0.0,0.0,Spring,No Holiday,Yes
2018-05-26,1575,15,29.4,30.0,2.0,882.0,10.0,2.82,0.0,0.0,Spring,No Holiday,Yes
2018-05-26,1690,16,29.0,31.0,2.9,889.0,10.1,2.26,0.0,0.0,Spring,No Holiday,Yes
2018-05-26,1886,17,27.9,34.0,3.8,1259.0,10.5,1.73,0.0,0.0,Spring,No Holiday,Yes
2018-05-26,2020,18,27.0,33.0,2.2,822.0,9.3,1.07,0.0,0.0,Spring,No Holiday,Yes
2018-05-26,1985,19,24.9,46.0,3.1,1341.0,12.4,0.43,0.0,0.0,Spring,No Holiday,Yes
2018-05-26,1909,20,22.3,50.0,2.7,1512.0,11.3,0.05,0.0,0.0,Spring,No Holiday,Yes
2018-05-26,1851,21,21.7,58.0,1.3,1173.0,13.0,0.0,0.0,0.0,Spring,No Holiday,Yes
2018-05-26,1683,22,21.2,60.0,1.0,1192.0,13.1,0.0,0.0,0.0,Spring,No Holiday,Yes
2018-05-26,1330,23,20.7,63.0,0.8,1130.0,13.3,0.0,0.0,0.0,Spring,No Holiday,Yes
2018-05-27,1089,0,20.1,65.0,1.6,1097.0,13.3,0.0,0.0,0.0,Spring,No Holiday,Yes
2018-05-27,799,1,19.8,61.0,1.4,943.0,12.0,0.0,0.0,0.0,Spring,No Holiday,Yes
2018-05-27,555,2,19.0,62.0,1.8,974.0,11.5,0.0,0.0,0.0,Spring,No Holiday,Yes
2018-05-27,423,3,18.5,62.0,0.8,1073.0,11.0,0.0,0.0,0.0,Spring,No Holiday,Yes
2018-05-27,208,4,17.9,59.0,1.3,1261.0,9.7,0.0,0.0,0.0,Spring,No Holiday,Yes
2018-05-27,174,5,17.6,0.0,0.8,1304.0,9.7,0.0,0.0,0.0,Spring,No Holiday,Yes
2018-05-27,234,6,17.3,62.0,1.4,1293.0,9.9,0.03,0.0,0.0,Spring,No Holiday,Yes
2018-05-27,341,7,17.6,0.0,1.4,1219.0,8.7,0.34,0.0,0.0,Spring,No Holiday,Yes
2018-05-27,608,8,18.3,51.0,2.0,1366.0,7.9,0.7,0.0,0.0,Spring,No Holiday,Yes
2018-05-27,762,9,19.5,43.0,1.5,1548.0,0.0,1.02,0.0,0.0,Spring,No Holiday,Yes
2018-05-27,821,10,21.6,33.0,2.0,1697.0,0.0,1.86,0.0,0.0,Spring,No Holiday,Yes
2018-05-27,1004,11,22.3,33.0,1.8,1853.0,0.0,1.54,0.0,0.0,Spring,No Holiday,Yes
2018-05-27,1404,12,23.4,38.0,2.8,1756.0,8.2,1.87,0.0,0.0,Spring,No Holiday,Yes
2018-05-27,1579,13,24.3,37.0,2.3,1583.0,8.6,2.22,0.0,0.0,Spring,No Holiday,Yes
2018-05-27,1730,14,24.2,36.0,4.0,1907.0,8.1,2.16,0.0,0.0,Spring,No Holiday,Yes
2018-05-27,2019,15,23.9,37.0,2.6,1889.0,8.3,1.82,0.0,0.0,Spring,No Holiday,Yes
2018-05-27,2242,16,24.0,36.0,1.6,1811.0,7.9,1.34,0.0,0.0,Spring,No Holiday,Yes
2018-05-27,2307,17,23.5,32.0,3.2,1925.0,0.0,1.01,0.0,0.0,Spring,No Holiday,Yes
2018-05-27,2267,18,23.0,36.0,2.8,1904.0,7.1,0.85,0.0,0.0,Spring,No Holiday,Yes
2018-05-27,2207,19,21.7,38.0,2.1,1857.0,6.7,0.27,0.0,0.0,Spring,No Holiday,Yes
2018-05-27,2044,20,20.6,41.0,2.3,1788.0,6.8,0.09,0.0,0.0,Spring,No Holiday,Yes
2018-05-27,1729,21,19.5,46.0,1.8,1734.0,7.5,0.0,0.0,0.0,Spring,No Holiday,Yes
2018-05-27,1374,22,18.6,50.0,1.0,1830.0,7.9,0.0,0.0,0.0,Spring,No Holiday,Yes
2018-05-27,1071,23,17.9,53.0,1.9,1774.0,8.1,0.0,0.0,0.0,Spring,No Holiday,Yes
2018-05-28,770,0,17.3,55.0,0.7,1741.0,8.1,0.0,0.0,0.0,Spring,No Holiday,Yes
2018-05-28,440,1,16.7,60.0,0.8,1806.0,8.8,0.0,0.0,0.0,Spring,No Holiday,Yes
2018-05-28,335,2,16.5,58.0,0.3,1759.0,8.1,0.0,0.0,0.0,Spring,No Holiday,Yes
2018-05-28,185,3,17.1,56.0,0.4,1583.0,8.2,0.0,0.0,0.0,Spring,No Holiday,Yes
2018-05-28,134,4,17.2,0.0,0.4,1619.0,8.8,0.0,0.0,0.0,Spring,No Holiday,Yes
2018-05-28,247,5,16.6,0.0,0.9,1361.0,9.7,0.0,0.0,0.0,Spring,No Holiday,Yes
2018-05-28,641,6,16.2,0.0,0.5,1588.0,9.3,0.05,0.0,0.0,Spring,No Holiday,Yes
2018-05-28,1502,7,16.8,0.0,0.8,1387.0,8.9,0.36,0.0,0.0,Spring,No Holiday,Yes
2018-05-28,2194,8,19.5,50.0,0.7,1329.0,8.7,1.19,0.0,0.0,Spring,No Holiday,Yes
2018-05-28,1131,9,21.7,48.0,1.1,1806.0,10.2,1.92,0.0,0.0,Spring,No Holiday,Yes
2018-05-28,828,10,23.3,49.0,1.1,1881.0,11.9,2.46,0.0,0.0,Spring,No Holiday,Yes
2018-05-28,986,11,25.1,45.0,0.9,1982.0,12.3,2.9,0.0,0.0,Spring,No Holiday,Yes
2018-05-28,1139,12,26.3,44.0,1.8,2000.0,13.0,3.24,0.0,0.0,Spring,No Holiday,Yes
2018-05-28,1124,13,27.7,39.0,1.9,1882.0,12.4,3.33,0.0,0.0,Spring,No Holiday,Yes
2018-05-28,1128,14,28.7,36.0,2.6,1853.0,12.1,3.21,0.0,0.0,Spring,No Holiday,Yes
2018-05-28,1258,15,28.4,43.0,3.1,900.0,14.6,2.28,0.0,0.0,Spring,No Holiday,Yes
2018-05-28,1497,16,28.1,43.0,3.4,845.0,14.3,2.32,0.0,0.0,Spring,No Holiday,Yes
2018-05-28,2060,17,26.9,45.0,3.5,990.0,13.9,1.64,0.0,0.0,Spring,No Holiday,Yes
2018-05-28,3245,18,26.0,39.0,2.7,1950.0,10.9,1.07,0.0,0.0,Spring,No Holiday,Yes
2018-05-28,2656,19,24.4,44.0,2.8,1979.0,11.3,0.45,0.0,0.0,Spring,No Holiday,Yes
2018-05-28,2252,20,23.0,49.0,2.4,1905.0,11.7,0.07,0.0,0.0,Spring,No Holiday,Yes
2018-05-28,2140,21,21.8,50.0,2.1,1950.0,10.9,0.0,0.0,0.0,Spring,No Holiday,Yes
2018-05-28,1881,22,21.1,54.0,0.6,2000.0,11.4,0.0,0.0,0.0,Spring,No Holiday,Yes
2018-05-28,1247,23,20.9,53.0,1.6,1712.0,10.9,0.0,0.0,0.0,Spring,No Holiday,Yes
2018-05-29,841,0,20.6,54.0,2.6,1737.0,0.0,0.0,0.0,0.0,Spring,No Holiday,Yes
2018-05-29,721,1,20.3,55.0,1.1,1756.0,0.0,0.0,0.0,0.0,Spring,No Holiday,Yes
2018-05-29,466,2,20.2,56.0,2.3,1498.0,0.0,0.0,0.0,0.0,Spring,No Holiday,Yes
2018-05-29,285,3,20.0,58.0,1.8,1279.0,11.4,0.0,0.0,0.0,Spring,No Holiday,Yes
2018-05-29,204,4,19.8,60.0,1.9,1364.0,11.8,0.0,0.0,0.0,Spring,No Holiday,Yes
2018-05-29,252,5,19.6,64.0,0.3,1483.0,12.5,0.0,0.0,0.0,Spring,No Holiday,Yes
2018-05-29,625,6,19.5,64.0,0.4,1268.0,12.5,0.02,0.0,0.0,Spring,No Holiday,Yes
2018-05-29,1427,7,19.9,63.0,1.1,934.0,12.6,0.24,0.0,0.0,Spring,No Holiday,Yes
2018-05-29,2234,8,20.5,66.0,1.7,1062.0,13.9,0.34,0.0,0.0,Spring,No Holiday,Yes
2018-05-29,1192,9,21.0,67.0,1.1,1012.0,14.6,0.54,0.0,0.0,Spring,No Holiday,Yes
2018-05-29,893,10,21.6,68.0,1.6,980.0,15.4,0.83,0.0,0.0,Spring,No Holiday,Yes
2018-05-29,949,11,23.1,63.0,2.6,949.0,15.6,1.68,0.0,0.0,Spring,No Holiday,Yes
2018-05-29,1184,12,23.1,64.0,2.6,1250.0,15.9,1.35,0.0,0.0,Spring,No Holiday,Yes
2018-05-29,1103,13,24.2,58.0,1.5,1030.0,15.4,1.66,0.0,0.0,Spring,No Holiday,Yes
2018-05-29,1174,14,25.5,53.0,2.0,981.0,15.2,2.5,0.0,0.0,Spring,No Holiday,Yes
2018-05-29,1234,15,25.7,56.0,1.8,1112.0,16.2,1.71,0.0,0.0,Spring,No Holiday,Yes
2018-05-29,1592,16,23.6,66.0,4.2,1208.0,16.8,0.89,0.0,0.0,Spring,No Holiday,Yes
2018-05-29,2022,17,23.9,65.0,1.9,1425.0,16.9,1.02,0.0,0.0,Spring,No Holiday,Yes
2018-05-29,2154,18,23.1,68.0,2.9,1506.0,16.8,0.42,0.0,0.0,Spring,No Holiday,Yes
2018-05-29,477,19,22.3,71.0,2.5,1268.0,16.7,0.14,0.0,0.0,Spring,No Holiday,Yes
2018-05-29,422,20,20.1,88.0,2.2,572.0,18.0,0.0,1.0,0.0,Spring,No Holiday,Yes
2018-05-29,1041,21,19.9,93.0,1.4,416.0,18.7,0.0,0.0,0.0,Spring,No Holiday,Yes
2018-05-29,1121,22,19.9,85.0,1.7,559.0,17.2,0.0,0.0,0.0,Spring,No Holiday,Yes
2018-05-29,742,23,19.5,89.0,1.7,304.0,17.6,0.0,0.0,0.0,Spring,No Holiday,Yes
2018-05-30,507,0,19.1,84.0,1.6,540.0,16.3,0.0,0.0,0.0,Spring,No Holiday,Yes
2018-05-30,570,1,18.8,84.0,0.5,488.0,16.0,0.0,0.0,0.0,Spring,No Holiday,Yes
2018-05-30,422,2,18.7,83.0,0.6,469.0,15.7,0.0,0.0,0.0,Spring,No Holiday,Yes
2018-05-30,238,3,18.4,86.0,0.6,360.0,16.0,0.0,0.0,0.0,Spring,No Holiday,Yes
2018-05-30,167,4,18.3,84.0,0.9,409.0,15.5,0.0,0.0,0.0,Spring,No Holiday,Yes
2018-05-30,239,5,18.4,84.0,0.6,352.0,15.6,0.0,0.0,0.0,Spring,No Holiday,Yes
2018-05-30,505,6,18.6,84.0,0.7,316.0,15.8,0.01,0.0,0.0,Spring,No Holiday,Yes
2018-05-30,1150,7,18.9,85.0,0.6,289.0,16.3,0.12,0.0,0.0,Spring,No Holiday,Yes
2018-05-30,1937,8,19.3,83.0,0.6,394.0,16.3,0.23,0.0,0.0,Spring,No Holiday,Yes
2018-05-30,1200,9,19.8,79.0,1.3,405.0,16.0,0.45,0.0,0.0,Spring,No Holiday,Yes
2018-05-30,916,10,21.4,71.0,1.7,476.0,15.9,1.43,0.0,0.0,Spring,No Holiday,Yes
2018-05-30,975,11,22.8,66.0,2.7,1270.0,16.1,2.76,0.0,0.0,Spring,No Holiday,Yes
2018-05-30,1187,12,23.2,64.0,3.0,1305.0,16.0,2.08,0.0,0.0,Spring,No Holiday,Yes
2018-05-30,1134,13,24.0,56.0,2.6,1282.0,14.6,2.94,0.0,0.0,Spring,No Holiday,Yes
2018-05-30,1119,14,24.3,58.0,2.9,1211.0,15.5,2.92,0.0,0.0,Spring,No Holiday,Yes
2018-05-30,1280,15,24.3,52.0,3.0,1447.0,13.8,2.55,0.0,0.0,Spring,No Holiday,Yes
2018-05-30,1571,16,24.7,47.0,3.0,1594.0,12.6,2.44,0.0,0.0,Spring,No Holiday,Yes
2018-05-30,2166,17,24.1,41.0,2.2,1980.0,10.0,1.9,0.0,0.0,Spring,No Holiday,Yes
2018-05-30,3251,18,23.6,42.0,2.1,2000.0,9.9,1.23,0.0,0.0,Spring,No Holiday,Yes
2018-05-30,2650,19,21.2,52.0,3.6,1856.0,10.9,0.55,0.0,0.0,Spring,No Holiday,Yes
2018-05-30,2224,20,19.1,64.0,2.6,1530.0,12.1,0.06,0.0,0.0,Spring,No Holiday,Yes
2018-05-30,2074,21,18.2,69.0,2.0,1286.0,12.4,0.0,0.0,0.0,Spring,No Holiday,Yes
2018-05-30,1732,22,17.3,76.0,1.7,801.0,13.0,0.0,0.0,0.0,Spring,No Holiday,Yes
2018-05-30,1158,23,16.4,80.0,1.5,642.0,12.9,0.0,0.0,0.0,Spring,No Holiday,Yes
2018-05-31,844,0,15.8,82.0,1.6,546.0,12.7,0.0,0.0,0.0,Spring,No Holiday,Yes
2018-05-31,610,1,15.5,82.0,1.5,513.0,12.4,0.0,0.0,0.0,Spring,No Holiday,Yes
2018-05-31,470,2,15.2,84.0,0.7,485.0,12.5,0.0,0.0,0.0,Spring,No Holiday,Yes
2018-05-31,328,3,15.0,84.0,1.3,473.0,12.3,0.0,0.0,0.0,Spring,No Holiday,Yes
2018-05-31,188,4,14.8,85.0,0.7,478.0,12.2,0.0,0.0,0.0,Spring,No Holiday,Yes
2018-05-31,265,5,14.4,82.0,1.2,708.0,11.3,0.0,0.0,0.0,Spring,No Holiday,Yes
2018-05-31,646,6,14.3,82.0,0.7,653.0,11.2,0.05,0.0,0.0,Spring,No Holiday,Yes
2018-05-31,1401,7,14.9,71.0,0.9,651.0,9.6,0.47,0.0,0.0,Spring,No Holiday,Yes
2018-05-31,2281,8,16.9,65.0,1.6,896.0,10.2,1.21,0.0,0.0,Spring,No Holiday,Yes
2018-05-31,1277,9,18.8,59.0,1.6,1233.0,10.6,1.9,0.0,0.0,Spring,No Holiday,Yes
2018-05-31,936,10,20.8,54.0,1.2,1129.0,11.1,2.45,0.0,0.0,Spring,No Holiday,Yes
2018-05-31,979,11,22.0,54.0,2.7,1189.0,12.2,2.89,0.0,0.0,Spring,No Holiday,Yes
2018-05-31,1134,12,23.7,44.0,1.3,1624.0,10.7,3.2,0.0,0.0,Spring,No Holiday,Yes
2018-05-31,1151,13,25.0,47.0,2.5,1120.0,12.8,3.34,0.0,0.0,Spring,No Holiday,Yes
2018-05-31,1164,14,25.9,43.0,2.7,1493.0,12.3,2.97,0.0,0.0,Spring,No Holiday,Yes
2018-05-31,1280,15,26.9,37.0,2.7,1850.0,10.9,2.9,0.0,0.0,Spring,No Holiday,Yes
2018-05-31,1550,16,27.3,38.0,2.9,1784.0,11.7,2.41,0.0,0.0,Spring,No Holiday,Yes
2018-05-31,2047,17,27.2,42.0,2.9,1828.0,13.1,1.79,0.0,0.0,Spring,No Holiday,Yes
2018-05-31,3119,18,26.4,42.0,3.1,1995.0,12.4,0.79,0.0,0.0,Spring,No Holiday,Yes
2018-05-31,2534,19,25.2,53.0,3.1,1983.0,0.0,0.51,0.0,0.0,Spring,No Holiday,Yes
2018-05-31,2164,20,23.1,58.0,2.9,1950.0,14.3,0.06,0.0,0.0,Spring,No Holiday,Yes
2018-05-31,2070,21,21.9,60.0,2.5,1551.0,13.7,0.0,0.0,0.0,Spring,No Holiday,Yes
2018-05-31,1900,22,21.1,59.0,2.1,1874.0,12.7,0.0,0.0,0.0,Spring,No Holiday,Yes
2018-05-31,1343,23,20.5,62.0,2.2,1903.0,12.9,0.0,0.0,0.0,Spring,No Holiday,Yes
2018-06-01,963,0,20.1,63.0,1.1,1698.0,12.8,0.0,0.0,0.0,Summer,No Holiday,Yes
2018-06-01,776,1,19.5,65.0,0.4,1662.0,12.7,0.0,0.0,0.0,Summer,No Holiday,Yes
2018-06-01,554,2,19.0,72.0,1.4,1258.0,13.8,0.0,0.0,0.0,Summer,No Holiday,Yes
2018-06-01,366,3,18.6,72.0,1.4,1340.0,13.4,0.0,0.0,0.0,Summer,No Holiday,Yes
2018-06-01,265,4,18.1,76.0,1.8,561.0,13.7,0.0,0.0,0.0,Summer,No Holiday,Yes
2018-06-01,306,5,17.8,75.0,1.0,1210.0,13.3,0.0,0.0,0.0,Summer,No Holiday,Yes
2018-06-01,672,6,17.5,76.0,1.2,1161.0,13.2,0.05,0.0,0.0,Summer,No Holiday,Yes
2018-06-01,1421,7,18.1,64.0,0.6,923.0,11.1,0.47,0.0,0.0,Summer,No Holiday,Yes
2018-06-01,2149,8,20.6,55.0,0.7,1200.0,11.2,1.21,0.0,0.0,Summer,No Holiday,Yes
2018-06-01,1219,9,23.1,52.0,1.7,1012.0,12.6,1.88,0.0,0.0,Summer,No Holiday,Yes
2018-06-01,862,10,25.3,45.0,1.3,1371.0,12.5,2.45,0.0,0.0,Summer,No Holiday,Yes
2018-06-01,1036,11,26.8,38.0,2.6,1879.0,11.2,2.99,0.0,0.0,Summer,No Holiday,Yes
2018-06-01,1076,12,28.2,34.0,2.6,1867.0,10.8,3.26,0.0,0.0,Summer,No Holiday,Yes
2018-06-01,1093,13,29.4,33.0,2.2,1535.0,11.4,3.3,0.0,0.0,Summer,No Holiday,Yes
2018-06-01,1071,14,29.6,31.0,3.7,1988.0,10.6,3.25,0.0,0.0,Summer,No Holiday,Yes
2018-06-01,1235,15,29.9,36.0,3.3,1866.0,13.2,2.94,0.0,0.0,Summer,No Holiday,Yes
2018-06-01,1488,16,29.9,34.0,3.2,1912.0,12.3,2.46,0.0,0.0,Summer,No Holiday,Yes
2018-06-01,2123,17,29.2,35.0,4.3,1967.0,12.1,1.87,0.0,0.0,Summer,No Holiday,Yes
2018-06-01,3088,18,28.5,36.0,3.0,1981.0,11.9,1.21,0.0,0.0,Summer,No Holiday,Yes
2018-06-01,2505,19,26.8,35.0,1.9,2000.0,10.0,0.54,0.0,0.0,Summer,No Holiday,Yes
2018-06-01,2163,20,25.0,39.0,2.8,2000.0,10.0,0.06,0.0,0.0,Summer,No Holiday,Yes
2018-06-01,2066,21,23.5,44.0,1.6,2000.0,10.5,0.0,0.0,0.0,Summer,No Holiday,Yes
2018-06-01,1991,22,22.7,44.0,1.5,2000.0,9.8,0.0,0.0,0.0,Summer,No Holiday,Yes
2018-06-01,1440,23,21.8,49.0,1.6,1965.0,10.6,0.0,0.0,0.0,Summer,No Holiday,Yes
2018-06-02,1165,0,20.9,53.0,1.4,1717.0,10.9,0.0,0.0,0.0,Summer,No Holiday,Yes
2018-06-02,989,1,20.2,57.0,0.4,1428.0,11.4,0.0,0.0,0.0,Summer,No Holiday,Yes
2018-06-02,677,2,19.6,60.0,1.9,1200.0,11.6,0.0,0.0,0.0,Summer,No Holiday,Yes
2018-06-02,475,3,18.9,63.0,1.5,1007.0,11.6,0.0,0.0,0.0,Summer,No Holiday,Yes
2018-06-02,312,4,18.3,66.0,1.3,929.0,11.8,0.0,0.0,0.0,Summer,No Holiday,Yes
2018-06-02,264,5,17.8,69.0,1.1,951.0,12.0,0.0,0.0,0.0,Summer,No Holiday,Yes
2018-06-02,342,6,17.7,68.0,1.3,842.0,11.7,0.05,0.0,0.0,Summer,No Holiday,Yes
2018-06-02,560,7,18.1,59.0,0.6,789.0,9.9,0.47,0.0,0.0,Summer,No Holiday,Yes
2018-06-02,898,8,20.4,54.0,1.0,828.0,10.7,1.23,0.0,0.0,Summer,No Holiday,Yes
2018-06-02,1005,9,23.3,43.0,1.2,1257.0,10.0,1.91,0.0,0.0,Summer,No Holiday,Yes
2018-06-02,1044,10,25.5,33.0,1.1,1815.0,0.0,2.52,0.0,0.0,Summer,No Holiday,Yes
2018-06-02,1094,11,27.3,35.0,2.3,1537.0,10.4,2.98,0.0,0.0,Summer,No Holiday,Yes
2018-06-02,1253,12,28.3,30.0,3.0,1675.0,9.0,3.29,0.0,0.0,Summer,No Holiday,Yes
2018-06-02,1334,13,29.6,24.0,2.4,1873.0,6.8,3.42,0.0,0.0,Summer,No Holiday,Yes
2018-06-02,1396,14,29.8,23.0,3.6,1945.0,6.4,3.32,0.0,0.0,Summer,No Holiday,Yes
2018-06-02,1535,15,29.8,24.0,2.9,1939.0,7.0,3.0,0.0,0.0,Summer,No Holiday,Yes
2018-06-02,1707,16,29.6,26.0,3.7,2000.0,8.0,2.58,0.0,0.0,Summer,No Holiday,Yes
2018-06-02,2025,17,28.9,22.0,2.7,1965.0,5.0,1.93,0.0,0.0,Summer,No Holiday,Yes
2018-06-02,2246,18,27.4,29.0,3.6,2000.0,7.7,1.19,0.0,0.0,Summer,No Holiday,Yes
2018-06-02,2337,19,25.4,33.0,2.7,2000.0,7.9,0.54,0.0,0.0,Summer,No Holiday,Yes
2018-06-02,2338,20,23.4,38.0,2.3,2000.0,8.2,0.06,0.0,0.0,Summer,No Holiday,Yes
2018-06-02,2238,21,22.1,44.0,2.5,2000.0,9.2,0.0,0.0,0.0,Summer,No Holiday,Yes
2018-06-02,1969,22,21.4,48.0,1.6,2000.0,9.9,0.0,0.0,0.0,Summer,No Holiday,Yes
2018-06-02,1490,23,20.6,52.0,0.5,2000.0,10.3,0.0,0.0,0.0,Summer,No Holiday,Yes
2018-06-03,1248,0,19.7,55.0,2.0,1986.0,10.3,0.0,0.0,0.0,Summer,No Holiday,Yes
2018-06-03,902,1,19.2,57.0,0.8,1985.0,10.4,0.0,0.0,0.0,Summer,No Holiday,Yes
2018-06-03,673,2,18.6,60.0,1.8,1841.0,10.6,0.0,0.0,0.0,Summer,No Holiday,Yes
2018-06-03,437,3,18.0,64.0,1.3,1560.0,11.0,0.0,0.0,0.0,Summer,No Holiday,Yes
2018-06-03,294,4,17.4,65.0,0.8,1093.0,10.7,0.0,0.0,0.0,Summer,No Holiday,Yes
2018-06-03,193,5,17.1,66.0,0.3,1370.0,10.6,0.0,0.0,0.0,Summer,No Holiday,Yes
2018-06-03,228,6,16.9,62.0,0.4,1768.0,9.5,0.06,0.0,0.0,Summer,No Holiday,Yes
2018-06-03,423,7,18.0,54.0,0.7,1997.0,8.5,0.51,0.0,0.0,Summer,No Holiday,Yes
2018-06-03,659,8,20.3,47.0,1.5,1785.0,8.6,1.05,0.0,0.0,Summer,No Holiday,Yes
2018-06-03,831,9,22.7,39.0,0.7,1880.0,8.0,1.91,0.0,0.0,Summer,No Holiday,Yes
2018-06-03,938,10,24.8,34.0,1.3,1869.0,7.8,2.09,0.0,0.0,Summer,No Holiday,Yes
2018-06-03,977,11,26.7,30.0,1.1,1782.0,7.6,2.83,0.0,0.0,Summer,No Holiday,Yes
2018-06-03,1134,12,28.7,27.0,1.7,1843.0,7.8,3.29,0.0,0.0,Summer,No Holiday,Yes
2018-06-03,1393,13,29.4,24.0,2.7,1905.0,6.7,3.18,0.0,0.0,Summer,No Holiday,Yes
2018-06-03,1399,14,29.8,26.0,2.2,1818.0,8.2,3.2,0.0,0.0,Summer,No Holiday,Yes
2018-06-03,1556,15,30.7,21.0,2.5,1876.0,5.8,2.95,0.0,0.0,Summer,No Holiday,Yes
2018-06-03,1834,16,30.4,28.0,3.6,1790.0,9.8,2.48,0.0,0.0,Summer,No Holiday,Yes
2018-06-03,2131,17,29.5,29.0,4.1,1944.0,9.5,1.84,0.0,0.0,Summer,No Holiday,Yes
2018-06-03,2349,18,29.3,25.0,2.4,1973.0,7.2,1.23,0.0,0.0,Summer,No Holiday,Yes
2018-06-03,2514,19,27.4,29.0,2.4,2000.0,7.7,0.5,0.0,0.0,Summer,No Holiday,Yes
2018-06-03,2460,20,25.3,32.0,2.2,1997.0,7.4,0.06,0.0,0.0,Summer,No Holiday,Yes
2018-06-03,2173,21,24.2,32.0,2.1,2000.0,6.4,0.0,0.0,0.0,Summer,No Holiday,Yes
2018-06-03,1741,22,23.0,38.0,1.2,1996.0,7.9,0.0,0.0,0.0,Summer,No Holiday,Yes
2018-06-03,1274,23,22.0,44.0,0.8,1978.0,9.1,0.0,0.0,0.0,Summer,No Holiday,Yes
2018-06-04,938,0,21.4,45.0,1.4,1964.0,8.9,0.0,0.0,0.0,Summer,No Holiday,Yes
2018-06-04,596,1,20.7,47.0,0.9,1987.0,8.9,0.0,0.0,0.0,Summer,No Holiday,Yes
2018-06-04,351,2,20.1,49.0,0.8,1978.0,9.0,0.0,0.0,0.0,Summer,No Holiday,Yes
2018-06-04,244,3,19.6,51.0,1.0,1923.0,9.1,0.0,0.0,0.0,Summer,No Holiday,Yes
2018-06-04,172,4,19.4,56.0,1.2,1752.0,10.3,0.0,0.0,0.0,Summer,No Holiday,Yes
2018-06-04,299,5,19.2,56.0,0.9,1772.0,10.2,0.0,0.0,0.0,Summer,No Holiday,Yes
2018-06-04,742,6,18.9,53.0,0.3,1871.0,9.1,0.04,0.0,0.0,Summer,No Holiday,Yes
2018-06-04,1505,7,19.5,52.0,0.8,1818.0,9.3,0.46,0.0,0.0,Summer,No Holiday,Yes
2018-06-04,2287,8,22.1,44.0,1.4,1435.0,9.2,1.16,0.0,0.0,Summer,No Holiday,Yes
2018-06-04,1243,9,23.3,37.0,0.4,1336.0,7.7,1.28,0.0,0.0,Summer,No Holiday,Yes
2018-06-04,970,10,25.1,40.0,2.7,1076.0,10.5,2.37,0.0,0.0,Summer,No Holiday,Yes
2018-06-04,1008,11,26.1,37.0,2.4,1079.0,10.2,2.79,0.0,0.0,Summer,No Holiday,Yes
2018-06-04,1152,12,26.3,36.0,3.1,1377.0,10.0,2.61,0.0,0.0,Summer,No Holiday,Yes
2018-06-04,1085,13,27.4,30.0,2.0,1768.0,8.2,3.03,0.0,0.0,Summer,No Holiday,Yes
2018-06-04,1148,14,26.5,43.0,3.9,1671.0,12.8,2.36,0.0,0.0,Summer,No Holiday,Yes
2018-06-04,1249,15,25.5,43.0,2.9,1996.0,11.9,1.71,0.0,0.0,Summer,No Holiday,Yes
2018-06-04,1671,16,25.5,43.0,3.2,1892.0,11.9,1.72,0.0,0.0,Summer,No Holiday,Yes
2018-06-04,2190,17,24.9,46.0,2.0,1855.0,12.4,0.91,0.0,0.0,Summer,No Holiday,Yes
2018-06-04,3380,18,24.4,48.0,1.9,1998.0,12.6,0.56,0.0,0.0,Summer,No Holiday,Yes
2018-06-04,2788,19,23.9,51.0,2.3,2000.0,13.1,0.12,0.0,0.0,Summer,No Holiday,Yes
2018-06-04,2508,20,23.4,43.0,1.1,2000.0,10.0,0.01,0.0,0.0,Summer,No Holiday,Yes
2018-06-04,2377,21,22.6,62.0,1.1,1363.0,14.9,0.0,0.0,0.0,Summer,No Holiday,Yes
2018-06-04,2000,22,22.0,64.0,1.8,1211.0,14.8,0.0,0.0,0.0,Summer,No Holiday,Yes
2018-06-04,1354,23,21.4,68.0,2.7,972.0,15.2,0.0,0.0,0.0,Summer,No Holiday,Yes
2018-06-05,927,0,20.5,71.0,2.8,1204.0,15.0,0.0,0.0,0.0,Summer,No Holiday,Yes
2018-06-05,742,1,20.0,67.0,0.7,1426.0,13.6,0.0,0.0,0.0,Summer,No Holiday,Yes
2018-06-05,448,2,19.7,66.0,0.5,1591.0,13.1,0.0,0.0,0.0,Summer,No Holiday,Yes
2018-06-05,314,3,19.1,72.0,0.6,1370.0,13.9,0.0,0.0,0.0,Summer,No Holiday,Yes
2018-06-05,214,4,18.5,72.0,0.6,1168.0,13.3,0.0,0.0,0.0,Summer,No Holiday,Yes
2018-06-05,282,5,18.1,73.0,0.5,1182.0,13.1,0.0,0.0,0.0,Summer,No Holiday,Yes
2018-06-05,733,6,17.8,73.0,0.4,1188.0,12.8,0.04,0.0,0.0,Summer,No Holiday,Yes
2018-06-05,1602,7,18.8,64.0,0.7,1099.0,11.8,0.48,0.0,0.0,Summer,No Holiday,Yes
2018-06-05,2322,8,21.5,58.0,1.1,1021.0,12.8,1.21,0.0,0.0,Summer,No Holiday,Yes
2018-06-05,1344,9,23.5,51.0,1.4,1169.0,12.7,1.82,0.0,0.0,Summer,No Holiday,Yes
2018-06-05,959,10,25.5,43.0,1.0,1568.0,11.9,2.49,0.0,0.0,Summer,No Holiday,Yes
2018-06-05,974,11,26.8,37.0,1.6,1639.0,10.8,2.91,0.0,0.0,Summer,No Holiday,Yes
2018-06-05,1111,12,28.2,35.0,1.2,1411.0,11.2,3.23,0.0,0.0,Summer,No Holiday,Yes
2018-06-05,1058,13,28.6,34.0,2.0,1274.0,11.1,2.82,0.0,0.0,Summer,No Holiday,Yes
2018-06-05,1120,14,28.9,34.0,2.7,1328.0,11.4,2.06,0.0,0.0,Summer,No Holiday,Yes
2018-06-05,1250,15,29.0,38.0,3.4,749.0,13.2,2.12,0.0,0.0,Summer,No Holiday,Yes
2018-06-05,1434,16,28.8,38.0,3.1,1027.0,13.0,2.14,0.0,0.0,Summer,No Holiday,Yes
2018-06-05,2115,17,28.1,37.0,3.6,1346.0,12.0,1.56,0.0,0.0,Summer,No Holiday,Yes
2018-06-05,3227,18,27.1,40.0,2.8,1811.0,12.3,1.0,0.0,0.0,Summer,No Holiday,Yes
2018-06-05,2615,19,25.5,43.0,3.1,1760.0,11.9,0.41,0.0,0.0,Summer,No Holiday,Yes
2018-06-05,2346,20,24.0,46.0,2.8,1896.0,11.6,0.06,0.0,0.0,Summer,No Holiday,Yes
2018-06-05,2404,21,23.3,51.0,1.7,1654.0,12.5,0.0,0.0,0.0,Summer,No Holiday,Yes
2018-06-05,2237,22,22.4,54.0,2.5,1778.0,12.6,0.0,0.0,0.0,Summer,No Holiday,Yes
2018-06-05,1646,23,21.9,56.0,0.7,1898.0,12.7,0.0,0.0,0.0,Summer,No Holiday,Yes
2018-06-06,1268,0,21.2,60.0,0.9,1789.0,13.1,0.0,0.0,0.0,Summer,Holiday,Yes
2018-06-06,1031,1,20.6,63.0,0.6,1670.0,13.3,0.0,0.0,0.0,Summer,Holiday,Yes
2018-06-06,792,2,20.1,65.0,1.0,1435.0,13.3,0.0,0.0,0.0,Summer,Holiday,Yes
2018-06-06,562,3,19.6,68.0,1.7,1260.0,13.5,0.0,0.0,0.0,Summer,Holiday,Yes
2018-06-06,332,4,19.2,68.0,0.8,1181.0,13.1,0.0,0.0,0.0,Summer,Holiday,Yes
2018-06-06,218,5,18.7,73.0,1.4,1065.0,13.7,0.0,0.0,0.0,Summer,Holiday,Yes
2018-06-06,351,6,18.5,73.0,1.1,1028.0,13.5,0.06,0.0,0.0,Summer,Holiday,Yes
2018-06-06,536,7,19.3,63.0,0.7,916.0,12.0,0.46,0.0,0.0,Summer,Holiday,Yes
2018-06-06,799,8,21.2,59.0,1.2,794.0,12.8,1.13,0.0,0.0,Summer,Holiday,Yes
2018-06-06,925,9,22.9,56.0,2.3,763.0,13.6,1.74,0.0,0.0,Summer,Holiday,Yes
2018-06-06,1087,10,24.3,53.0,2.9,949.0,14.1,2.37,0.0,0.0,Summer,Holiday,Yes
2018-06-06,1152,11,25.8,52.0,2.1,905.0,15.1,2.84,0.0,0.0,Summer,Holiday,Yes
2018-06-06,1400,12,27.3,51.0,2.8,703.0,16.2,3.16,0.0,0.0,Summer,Holiday,Yes
2018-06-06,1444,13,27.3,52.0,3.1,613.0,16.5,3.21,0.0,0.0,Summer,Holiday,Yes
2018-06-06,1603,14,27.4,50.0,3.5,615.0,16.0,3.01,0.0,0.0,Summer,Holiday,Yes
2018-06-06,1674,15,27.6,49.0,3.7,656.0,15.9,2.79,0.0,0.0,Summer,Holiday,Yes
2018-06-06,1940,16,27.9,47.0,2.8,824.0,15.5,2.36,0.0,0.0,Summer,Holiday,Yes
2018-06-06,2104,17,27.4,48.0,2.7,1084.0,15.4,1.8,0.0,0.0,Summer,Holiday,Yes
2018-06-06,2162,18,26.6,52.0,2.5,1368.0,15.9,1.09,0.0,0.0,Summer,Holiday,Yes
2018-06-06,2163,19,24.9,56.0,3.1,1469.0,15.5,0.51,0.0,0.0,Summer,Holiday,Yes
2018-06-06,2145,20,23.4,64.0,1.8,1144.0,16.1,0.07,0.0,0.0,Summer,Holiday,Yes
2018-06-06,1935,21,22.1,72.0,2.5,923.0,16.8,0.0,0.0,0.0,Summer,Holiday,Yes
2018-06-06,1624,22,20.8,78.0,1.8,763.0,16.8,0.0,0.0,0.0,Summer,Holiday,Yes
2018-06-06,1251,23,20.1,77.0,3.1,797.0,15.9,0.0,0.0,0.0,Summer,Holiday,Yes
2018-06-07,978,0,19.6,82.0,1.7,628.0,16.4,0.0,0.0,0.0,Summer,No Holiday,Yes
2018-06-07,606,1,19.1,86.0,1.8,522.0,16.6,0.0,0.0,0.0,Summer,No Holiday,Yes
2018-06-07,418,2,18.8,88.0,0.3,500.0,16.7,0.0,0.0,0.0,Summer,No Holiday,Yes
2018-06-07,275,3,18.4,88.0,1.6,465.0,16.3,0.0,0.0,0.0,Summer,No Holiday,Yes
2018-06-07,191,4,18.1,88.0,1.8,458.0,16.0,0.0,0.0,0.0,Summer,No Holiday,Yes
2018-06-07,288,5,17.8,91.0,2.2,393.0,16.3,0.0,0.0,0.0,Summer,No Holiday,Yes
2018-06-07,716,6,18.1,88.0,1.1,272.0,16.0,0.03,0.0,0.0,Summer,No Holiday,Yes
2018-06-07,1551,7,18.6,85.0,2.0,307.0,16.0,0.16,0.0,0.0,Summer,No Holiday,Yes
2018-06-07,2317,8,18.9,82.0,2.3,326.0,15.7,0.44,0.0,0.0,Summer,No Holiday,Yes
2018-06-07,1342,9,20.5,73.0,1.6,364.0,15.4,1.23,0.0,0.0,Summer,No Holiday,Yes
2018-06-07,914,10,22.0,69.0,2.0,488.0,16.0,2.04,0.0,0.0,Summer,No Holiday,Yes
2018-06-07,967,11,23.4,62.0,1.8,603.0,15.6,2.87,0.0,0.0,Summer,No Holiday,Yes
2018-06-07,1099,12,25.0,56.0,3.0,715.0,15.6,3.19,0.0,0.0,Summer,No Holiday,Yes
2018-06-07,1071,13,26.7,47.0,2.4,806.0,14.4,3.26,0.0,0.0,Summer,No Holiday,Yes
2018-06-07,1116,14,28.2,44.0,1.7,644.0,14.7,3.11,0.0,0.0,Summer,No Holiday,Yes
2018-06-07,1171,15,29.3,41.0,2.0,609.0,14.6,2.63,0.0,0.0,Summer,No Holiday,Yes
2018-06-07,1442,16,29.3,41.0,2.0,905.0,14.6,1.95,0.0,0.0,Summer,No Holiday,Yes
2018-06-07,2002,17,28.2,51.0,3.3,879.0,17.0,1.73,0.0,0.0,Summer,No Holiday,Yes
2018-06-07,3221,18,25.6,57.0,2.7,1217.0,16.4,0.96,0.0,0.0,Summer,No Holiday,Yes
2018-06-07,2649,19,24.0,60.0,2.8,1379.0,15.7,0.38,0.0,0.0,Summer,No Holiday,Yes
2018-06-07,2278,20,22.8,67.0,1.6,1219.0,16.3,0.06,0.0,0.0,Summer,No Holiday,Yes
2018-06-07,2161,21,21.5,69.0,2.6,942.0,15.5,0.0,0.0,0.0,Summer,No Holiday,Yes
2018-06-07,1939,22,20.9,71.0,1.0,763.0,15.4,0.0,0.0,0.0,Summer,No Holiday,Yes
2018-06-07,1290,23,20.3,77.0,1.3,770.0,16.1,0.0,0.0,0.0,Summer,No Holiday,Yes
2018-06-08,926,0,19.1,82.0,2.2,874.0,15.9,0.0,0.0,0.0,Summer,No Holiday,Yes
2018-06-08,769,1,18.8,84.0,1.7,658.0,16.0,0.0,0.0,0.0,Summer,No Holiday,Yes
2018-06-08,525,2,18.6,84.0,2.5,619.0,15.8,0.0,0.0,0.0,Summer,No Holiday,Yes
2018-06-08,365,3,18.6,83.0,2.9,889.0,15.6,0.0,0.0,0.0,Summer,No Holiday,Yes
2018-06-08,255,4,18.5,82.0,2.0,1072.0,15.3,0.0,0.0,0.0,Summer,No Holiday,Yes
2018-06-08,299,5,18.6,81.0,0.8,1205.0,15.2,0.0,0.0,0.0,Summer,No Holiday,Yes
2018-06-08,744,6,18.8,78.0,2.0,1259.0,14.8,0.01,0.0,0.0,Summer,No Holiday,Yes
2018-06-08,1544,7,19.1,73.0,2.0,1300.0,14.1,0.3,0.0,0.0,Summer,No Holiday,Yes
2018-06-08,2348,8,19.7,69.0,2.0,1448.0,13.8,0.54,0.0,0.0,Summer,No Holiday,Yes
2018-06-08,1283,9,21.2,62.0,1.7,1384.0,13.6,1.45,0.0,0.0,Summer,No Holiday,Yes
2018-06-08,1002,10,21.9,62.0,1.7,1664.0,14.2,1.36,0.0,0.0,Summer,No Holiday,Yes
2018-06-08,1095,11,21.9,64.0,2.4,1359.0,14.7,1.03,0.0,0.0,Summer,No Holiday,Yes
2018-06-08,1256,12,23.1,56.0,1.6,1222.0,13.8,1.71,0.0,0.0,Summer,No Holiday,Yes
2018-06-08,1314,13,24.2,58.0,1.9,1015.0,15.4,1.87,0.0,0.0,Summer,No Holiday,Yes
2018-06-08,1249,14,25.0,54.0,2.2,1146.0,15.0,1.86,0.0,0.0,Summer,No Holiday,Yes
2018-06-08,1416,15,26.2,51.0,3.3,1104.0,15.2,2.87,0.0,0.0,Summer,No Holiday,Yes
2018-06-08,1668,16,26.6,49.0,3.2,1200.0,15.0,2.35,0.0,0.0,Summer,No Holiday,Yes
2018-06-08,2314,17,26.9,49.0,2.3,1210.0,15.2,1.72,0.0,0.0,Summer,No Holiday,Yes
2018-06-08,3309,18,26.2,54.0,2.2,1183.0,16.1,0.88,0.0,0.0,Summer,No Holiday,Yes
2018-06-08,2797,19,24.5,63.0,3.1,970.0,16.9,0.46,0.0,0.0,Summer,No Holiday,Yes
2018-06-08,2476,20,22.6,71.0,1.8,856.0,17.0,0.11,0.0,0.0,Summer,No Holiday,Yes
2018-06-08,2337,21,21.2,77.0,1.7,638.0,16.9,0.0,0.0,0.0,Summer,No Holiday,Yes
2018-06-08,2140,22,20.5,78.0,0.9,550.0,16.5,0.0,0.0,0.0,Summer,No Holiday,Yes
2018-06-08,1672,23,20.0,79.0,1.4,510.0,16.2,0.0,0.0,0.0,Summer,No Holiday,Yes
2018-06-09,1247,0,19.7,83.0,1.5,390.0,16.7,0.0,0.0,0.0,Summer,No Holiday,Yes
2018-06-09,1029,1,19.7,81.0,0.6,419.0,16.3,0.0,0.0,0.0,Summer,No Holiday,Yes
2018-06-09,732,2,19.4,84.0,0.7,382.0,16.6,0.0,0.0,0.0,Summer,No Holiday,Yes
2018-06-09,535,3,19.1,84.0,0.6,421.0,16.3,0.0,0.0,0.0,Summer,No Holiday,Yes
2018-06-09,352,4,19.0,83.0,0.4,473.0,16.0,0.0,0.0,0.0,Summer,No Holiday,Yes
2018-06-09,262,5,19.0,85.0,0.4,467.0,16.4,0.0,0.0,0.0,Summer,No Holiday,Yes
2018-06-09,381,6,19.0,84.0,0.5,440.0,16.2,0.05,0.0,0.0,Summer,No Holiday,Yes
2018-06-09,616,7,20.2,73.0,1.1,708.0,15.1,0.41,0.0,0.0,Summer,No Holiday,Yes
2018-06-09,963,8,21.9,62.0,0.9,1071.0,14.2,1.03,0.0,0.0,Summer,No Holiday,Yes
2018-06-09,1102,9,24.0,55.0,1.8,1411.0,14.3,1.81,0.0,0.0,Summer,No Holiday,Yes
2018-06-09,1156,10,25.8,49.0,1.3,1442.0,14.2,2.42,0.0,0.0,Summer,No Holiday,Yes
2018-06-09,1200,11,27.2,46.0,1.7,1301.0,14.5,2.88,0.0,0.0,Summer,No Holiday,Yes
2018-06-09,1462,12,28.2,42.0,1.4,1563.0,14.0,2.84,0.0,0.0,Summer,No Holiday,Yes
2018-06-09,1583,13,28.8,42.0,2.0,1438.0,14.6,2.38,0.0,0.0,Summer,No Holiday,Yes
2018-06-09,1744,14,30.1,35.0,1.4,1583.0,12.9,2.53,0.0,0.0,Summer,No Holiday,Yes
2018-06-09,1890,15,29.6,40.0,2.5,1546.0,14.5,1.96,0.0,0.0,Summer,No Holiday,Yes
2018-06-09,2297,16,28.7,40.0,2.5,1474.0,13.7,1.0,0.0,0.0,Summer,No Holiday,Yes
2018-06-09,2355,17,28.2,39.0,2.9,1653.0,12.9,0.7,0.0,0.0,Summer,No Holiday,Yes
2018-06-09,1934,18,27.3,42.0,1.2,2000.0,13.2,0.19,0.0,0.0,Summer,No Holiday,Yes
2018-06-09,1058,19,25.7,47.0,1.8,2000.0,13.5,0.04,0.0,0.0,Summer,No Holiday,Yes
2018-06-09,246,20,23.7,62.0,1.6,1402.0,15.9,0.0,0.4,0.0,Summer,No Holiday,Yes
2018-06-09,225,21,22.4,72.0,1.5,1816.0,17.0,0.0,0.1,0.0,Summer,No Holiday,Yes
2018-06-09,776,22,21.0,75.0,1.3,2000.0,16.3,0.0,0.0,0.0,Summer,No Holiday,Yes
2018-06-09,766,23,20.7,66.0,1.6,2000.0,14.1,0.0,0.0,0.0,Summer,No Holiday,Yes
2018-06-10,483,0,20.2,66.0,1.5,2000.0,13.6,0.0,0.0,0.0,Summer,No Holiday,Yes
2018-06-10,375,1,19.7,71.0,1.2,1986.0,14.2,0.0,0.5,0.0,Summer,No Holiday,Yes
2018-06-10,162,2,19.2,69.0,1.3,2000.0,13.3,0.0,0.0,0.0,Summer,No Holiday,Yes
2018-06-10,150,3,18.6,78.0,0.8,1997.0,14.6,0.0,0.0,0.0,Summer,No Holiday,Yes
2018-06-10,174,4,18.3,72.0,1.7,2000.0,13.1,0.0,0.0,0.0,Summer,No Holiday,Yes
2018-06-10,138,5,18.4,70.0,1.4,2000.0,12.8,0.0,0.0,0.0,Summer,No Holiday,Yes
2018-06-10,216,6,18.3,71.0,0.9,2000.0,12.9,0.0,0.0,0.0,Summer,No Holiday,Yes
2018-06-10,313,7,18.4,68.0,0.6,2000.0,12.3,0.04,0.0,0.0,Summer,No Holiday,Yes
2018-06-10,619,8,19.0,65.0,2.0,2000.0,12.2,0.28,0.0,0.0,Summer,No Holiday,Yes
2018-06-10,786,9,19.2,65.0,1.4,2000.0,12.4,0.34,0.0,0.0,Summer,No Holiday,Yes
2018-06-10,942,10,20.2,62.0,1.8,2000.0,12.6,0.82,0.0,0.0,Summer,No Holiday,Yes
2018-06-10,1074,11,21.3,56.0,1.5,1989.0,12.1,1.18,0.0,0.0,Summer,No Holiday,Yes
2018-06-10,1442,12,23.2,50.0,2.2,1988.0,12.1,2.45,0.0,0.0,Summer,No Holiday,Yes
2018-06-10,1752,13,24.2,48.0,1.2,1968.0,12.4,2.19,0.0,0.0,Summer,No Holiday,Yes
2018-06-10,1985,14,24.1,51.0,1.1,2000.0,13.3,1.58,0.0,0.0,Summer,No Holiday,Yes
2018-06-10,2182,15,24.8,49.0,1.2,2000.0,13.3,1.34,0.0,0.0,Summer,No Holiday,Yes
2018-06-10,2333,16,24.8,51.0,1.6,2000.0,13.9,1.17,0.0,0.0,Summer,No Holiday,Yes
2018-06-10,2431,17,24.6,52.0,1.3,2000.0,14.0,0.82,0.0,0.0,Summer,No Holiday,Yes
2018-06-10,2367,18,24.1,53.0,1.3,2000.0,13.9,0.48,0.0,0.0,Summer,No Holiday,Yes
2018-06-10,2267,19,23.4,55.0,1.0,2000.0,13.8,0.12,0.0,0.0,Summer,No Holiday,Yes
2018-06-10,2300,20,22.8,55.0,1.3,2000.0,13.2,0.01,0.0,0.0,Summer,No Holiday,Yes
2018-06-10,2026,21,22.1,55.0,1.5,2000.0,12.6,0.0,0.0,0.0,Summer,No Holiday,Yes
2018-06-10,1634,22,21.5,55.0,1.8,2000.0,12.0,0.0,0.0,0.0,Summer,No Holiday,Yes
2018-06-10,1191,23,20.9,56.0,1.5,2000.0,11.7,0.0,0.0,0.0,Summer,No Holiday,Yes
2018-06-11,918,0,20.3,58.0,1.4,2000.0,11.7,0.0,0.0,0.0,Summer,No Holiday,Yes
2018-06-11,555,1,19.8,59.0,1.3,2000.0,11.5,0.0,0.0,0.0,Summer,No Holiday,Yes
2018-06-11,353,2,19.2,60.0,1.5,2000.0,11.2,0.0,0.0,0.0,Summer,No Holiday,Yes
2018-06-11,232,3,18.8,61.0,1.3,2000.0,11.1,0.0,0.0,0.0,Summer,No Holiday,Yes
2018-06-11,194,4,18.8,60.0,1.0,2000.0,10.8,0.0,0.0,0.0,Summer,No Holiday,Yes
2018-06-11,324,5,18.8,61.0,1.2,2000.0,11.1,0.0,0.0,0.0,Summer,No Holiday,Yes
2018-06-11,807,6,18.6,61.0,0.8,2000.0,10.9,0.03,0.0,0.0,Summer,No Holiday,Yes
2018-06-11,1629,7,19.1,59.0,1.1,2000.0,10.8,0.38,0.0,0.0,Summer,No Holiday,Yes
2018-06-11,2375,8,20.7,55.0,1.5,2000.0,11.3,1.23,0.0,0.0,Summer,No Holiday,Yes
2018-06-11,1307,9,22.2,48.0,1.7,1889.0,10.6,1.77,0.0,0.0,Summer,No Holiday,Yes
2018-06-11,992,10,23.7,47.0,1.3,2000.0,11.7,2.67,0.0,0.0,Summer,No Holiday,Yes
2018-06-11,1107,11,23.2,52.0,1.4,2000.0,12.7,1.53,0.0,0.0,Summer,No Holiday,Yes
2018-06-11,1204,12,23.2,52.0,1.2,2000.0,12.7,0.82,0.0,0.0,Summer,No Holiday,Yes
2018-06-11,1033,13,23.7,49.0,1.2,2000.0,12.3,1.04,0.0,0.0,Summer,No Holiday,Yes
2018-06-11,1075,14,23.9,47.0,1.0,2000.0,11.8,0.97,0.0,0.0,Summer,No Holiday,Yes
2018-06-11,1240,15,22.2,60.0,1.3,1907.0,14.0,0.34,0.0,0.0,Summer,No Holiday,Yes
2018-06-11,1220,16,22.0,60.0,1.8,2000.0,13.8,0.14,0.0,0.0,Summer,No Holiday,Yes
2018-06-11,1475,17,20.7,72.0,3.4,2000.0,15.4,0.11,0.0,0.0,Summer,No Holiday,Yes
2018-06-11,1491,18,19.8,80.0,3.9,2000.0,16.2,0.12,0.0,0.0,Summer,No Holiday,Yes
2018-06-11,873,19,19.4,85.0,1.2,1651.0,16.8,0.08,0.5,0.0,Summer,No Holiday,Yes
2018-06-11,1280,20,19.1,84.0,1.7,2000.0,16.3,0.04,0.0,0.0,Summer,No Holiday,Yes
2018-06-11,1647,21,19.0,82.0,1.0,2000.0,15.8,0.0,0.0,0.0,Summer,No Holiday,Yes
2018-06-11,1117,22,19.0,76.0,0.1,2000.0,14.6,0.0,0.0,0.0,Summer,No Holiday,Yes
2018-06-11,384,23,18.2,93.0,0.8,460.0,17.0,0.0,3.5,0.0,Summer,No Holiday,Yes
2018-06-12,470,0,18.0,94.0,0.7,1906.0,17.0,0.0,1.0,0.0,Summer,No Holiday,Yes
2018-06-12,454,1,17.7,92.0,0.9,1958.0,16.3,0.0,0.0,0.0,Summer,No Holiday,Yes
2018-06-12,385,2,17.7,87.0,1.2,2000.0,15.5,0.0,0.0,0.0,Summer,No Holiday,Yes
2018-06-12,206,3,17.5,87.0,0.5,1995.0,15.3,0.0,0.0,0.0,Summer,No Holiday,Yes
2018-06-12,144,4,17.5,84.0,0.8,2000.0,14.7,0.0,0.0,0.0,Summer,No Holiday,Yes
2018-06-12,296,5,17.2,87.0,0.6,2000.0,15.0,0.0,0.0,0.0,Summer,No Holiday,Yes
2018-06-12,740,6,16.7,85.0,1.0,2000.0,14.1,0.03,0.0,0.0,Summer,No Holiday,Yes
2018-06-12,1573,7,17.1,77.0,1.5,1748.0,13.0,0.49,0.0,0.0,Summer,No Holiday,Yes
2018-06-12,2495,8,19.0,67.0,1.1,1976.0,12.7,1.29,0.0,0.0,Summer,No Holiday,Yes
2018-06-12,1317,9,21.1,60.0,0.9,1998.0,13.0,2.18,0.0,0.0,Summer,No Holiday,Yes
2018-06-12,971,10,22.1,53.0,1.1,1999.0,12.0,2.28,0.0,0.0,Summer,No Holiday,Yes
2018-06-12,1092,11,22.9,54.0,2.6,1959.0,13.0,2.56,0.0,0.0,Summer,No Holiday,Yes
2018-06-12,1202,12,24.0,51.0,1.8,2000.0,13.2,2.29,0.0,0.0,Summer,No Holiday,Yes
2018-06-12,1215,13,25.7,46.0,0.8,2000.0,13.2,3.18,0.0,0.0,Summer,No Holiday,Yes
2018-06-12,1246,14,25.6,45.0,2.2,1961.0,12.7,1.39,0.0,0.0,Summer,No Holiday,Yes
2018-06-12,1427,15,26.2,42.0,2.7,1977.0,12.2,1.59,0.0,0.0,Summer,No Holiday,Yes
2018-06-12,1714,16,26.2,47.0,3.8,1996.0,13.9,2.45,0.0,0.0,Summer,No Holiday,Yes
2018-06-12,2270,17,26.4,47.0,3.0,1976.0,14.1,1.76,0.0,0.0,Summer,No Holiday,Yes
2018-06-12,3404,18,24.9,53.0,3.6,2000.0,14.6,1.28,0.0,0.0,Summer,No Holiday,Yes
2018-06-12,2873,19,23.1,58.0,2.4,1997.0,14.3,0.59,0.0,0.0,Summer,No Holiday,Yes
2018-06-12,2579,20,21.6,62.0,3.3,2000.0,13.9,0.09,0.0,0.0,Summer,No Holiday,Yes
2018-06-12,2505,21,20.6,70.0,1.8,1986.0,14.9,0.0,0.0,0.0,Summer,No Holiday,Yes
2018-06-12,2309,22,20.0,70.0,1.0,2000.0,14.3,0.0,0.0,0.0,Summer,No Holiday,Yes
2018-06-12,1657,23,19.5,72.0,0.6,1989.0,14.3,0.0,0.0,0.0,Summer,No Holiday,Yes
2018-06-13,1274,0,19.3,76.0,1.2,1968.0,14.9,0.0,0.0,0.0,Summer,No Holiday,Yes
2018-06-13,1088,1,18.9,77.0,0.7,1987.0,14.7,0.0,0.0,0.0,Summer,No Holiday,Yes
2018-06-13,847,2,18.4,75.0,0.6,1986.0,13.8,0.0,0.0,0.0,Summer,No Holiday,Yes
2018-06-13,591,3,18.5,73.0,1.0,1951.0,13.5,0.0,0.0,0.0,Summer,No Holiday,Yes
2018-06-13,421,4,18.7,74.0,0.9,1933.0,13.9,0.0,0.0,0.0,Summer,No Holiday,Yes
2018-06-13,290,5,18.6,76.0,0.4,1957.0,14.2,0.0,0.0,0.0,Summer,No Holiday,Yes
2018-06-13,416,6,18.7,75.0,0.9,1923.0,14.1,0.06,0.0,0.0,Summer,No Holiday,Yes
2018-06-13,657,7,19.4,69.0,0.3,1277.0,13.5,0.42,0.0,0.0,Summer,No Holiday,Yes
2018-06-13,959,8,20.7,65.0,1.5,1004.0,13.8,0.97,0.0,0.0,Summer,No Holiday,Yes
2018-06-13,1111,9,22.6,59.0,1.6,1030.0,14.1,1.8,0.0,0.0,Summer,No Holiday,Yes
2018-06-13,1269,10,23.0,57.0,2.2,1145.0,14.0,1.1,0.0,0.0,Summer,No Holiday,Yes
2018-06-13,1478,11,24.5,51.0,1.5,1333.0,13.6,1.97,0.0,0.0,Summer,No Holiday,Yes
2018-06-13,1747,12,24.5,56.0,2.3,1094.0,15.1,1.74,0.0,0.0,Summer,No Holiday,Yes
2018-06-13,1834,13,24.9,52.0,1.8,1554.0,14.3,1.7,0.0,0.0,Summer,No Holiday,Yes
2018-06-13,2088,14,26.6,50.0,2.4,1119.0,15.3,2.95,0.0,0.0,Summer,No Holiday,Yes
2018-06-13,2288,15,25.5,50.0,2.2,1025.0,14.3,0.47,0.0,0.0,Summer,No Holiday,Yes
2018-06-13,2474,16,25.8,50.0,1.7,1152.0,14.5,0.66,0.0,0.0,Summer,No Holiday,Yes
2018-06-13,2664,17,25.6,57.0,3.3,919.0,16.4,0.87,0.0,0.0,Summer,No Holiday,Yes
2018-06-13,2479,18,23.4,63.0,3.6,1245.0,15.9,0.5,0.0,0.0,Summer,No Holiday,Yes
2018-06-13,2404,19,22.8,64.0,2.3,1444.0,15.6,0.45,0.0,0.0,Summer,No Holiday,Yes
2018-06-13,2276,20,22.1,65.0,1.3,1611.0,15.2,0.09,0.0,0.0,Summer,No Holiday,Yes
2018-06-13,2166,21,21.8,67.0,0.0,1485.0,15.3,0.0,0.0,0.0,Summer,No Holiday,Yes
2018-06-13,1934,22,21.6,66.0,1.2,1438.0,14.9,0.0,0.0,0.0,Summer,No Holiday,Yes
2018-06-13,1394,23,21.5,62.0,0.1,1827.0,13.9,0.0,0.0,0.0,Summer,No Holiday,Yes
2018-06-14,1047,0,21.1,69.0,0.5,1086.0,15.1,0.0,0.0,0.0,Summer,No Holiday,Yes
2018-06-14,715,1,20.8,72.0,1.0,912.0,15.5,0.0,0.0,0.0,Summer,No Holiday,Yes
2018-06-14,453,2,20.8,73.0,0.8,829.0,15.7,0.0,0.0,0.0,Summer,No Holiday,Yes
2018-06-14,289,3,20.8,73.0,0.7,756.0,15.7,0.0,0.0,0.0,Summer,No Holiday,Yes
2018-06-14,193,4,21.0,72.0,0.8,677.0,15.7,0.0,0.0,0.0,Summer,No Holiday,Yes
2018-06-14,154,5,20.3,84.0,3.2,518.0,17.5,0.0,0.0,0.0,Summer,No Holiday,Yes
2018-06-14,100,6,19.5,95.0,1.4,179.0,18.6,0.0,1.5,0.0,Summer,No Holiday,Yes
2018-06-14,94,7,19.4,97.0,0.9,272.0,18.9,0.0,13.5,0.0,Summer,No Holiday,Yes
2018-06-14,187,8,18.9,97.0,1.2,492.0,18.4,0.06,11.5,0.0,Summer,No Holiday,Yes
2018-06-14,175,9,19.1,96.0,0.6,273.0,18.4,0.17,1.5,0.0,Summer,No Holiday,Yes
2018-06-14,532,10,19.7,94.0,1.1,497.0,18.7,0.61,1.0,0.0,Summer,No Holiday,Yes
2018-06-14,735,11,20.5,79.0,1.7,770.0,16.7,1.25,0.0,0.0,Summer,No Holiday,Yes
2018-06-14,945,12,21.2,75.0,0.7,876.0,16.5,1.07,0.0,0.0,Summer,No Holiday,Yes
2018-06-14,1056,13,22.8,67.0,1.2,930.0,16.3,1.55,0.0,0.0,Summer,No Holiday,Yes
2018-06-14,1153,14,23.8,62.0,1.2,1282.0,16.0,1.91,0.0,0.0,Summer,No Holiday,Yes
2018-06-14,1292,15,24.6,57.0,1.8,1664.0,15.5,1.54,0.0,0.0,Summer,No Holiday,Yes
2018-06-14,1550,16,25.0,56.0,0.7,1723.0,15.6,1.27,0.0,0.0,Summer,No Holiday,Yes
2018-06-14,1934,17,24.6,57.0,1.0,1866.0,15.5,0.45,0.0,0.0,Summer,No Holiday,Yes
2018-06-14,2962,18,24.0,61.0,1.5,1935.0,16.0,0.26,0.0,0.0,Summer,No Holiday,Yes
2018-06-14,1856,19,23.6,63.0,0.6,1956.0,16.1,0.19,0.0,0.0,Summer,No Holiday,Yes
2018-06-14,1557,20,22.6,74.0,1.2,1594.0,17.7,0.01,0.0,0.0,Summer,No Holiday,Yes
2018-06-14,1807,21,22.2,72.0,1.0,1786.0,16.9,0.0,0.0,0.0,Summer,No Holiday,Yes
2018-06-14,1737,22,21.8,72.0,1.0,1952.0,16.5,0.0,0.0,0.0,Summer,No Holiday,Yes
2018-06-14,1295,23,21.6,68.0,0.8,2000.0,15.4,0.0,0.0,0.0,Summer,No Holiday,Yes
2018-06-15,986,0,21.0,70.0,0.9,2000.0,15.3,0.0,0.0,0.0,Summer,No Holiday,Yes
2018-06-15,717,1,20.6,65.0,1.2,2000.0,13.7,0.0,0.0,0.0,Summer,No Holiday,Yes
2018-06-15,403,2,20.1,67.0,1.1,2000.0,13.7,0.0,0.1,0.0,Summer,No Holiday,Yes
2018-06-15,154,3,18.8,93.0,1.0,419.0,17.6,0.0,5.4,0.0,Summer,No Holiday,Yes
2018-06-15,72,4,18.0,93.0,1.6,627.0,16.8,0.0,10.5,0.0,Summer,No Holiday,Yes
2018-06-15,161,5,17.4,86.0,1.1,1820.0,15.0,0.0,0.5,0.0,Summer,No Holiday,Yes
2018-06-15,609,6,17.2,83.0,1.3,2000.0,14.2,0.07,0.0,0.0,Summer,No Holiday,Yes
2018-06-15,1467,7,18.2,75.0,1.4,2000.0,13.6,0.56,0.0,0.0,Summer,No Holiday,Yes
2018-06-15,2328,8,18.7,71.0,1.1,1992.0,13.3,0.61,0.0,0.0,Summer,No Holiday,Yes
2018-06-15,1170,9,20.1,65.0,1.4,2000.0,13.3,0.93,0.0,0.0,Summer,No Holiday,Yes
2018-06-15,1004,10,22.0,56.0,1.5,1989.0,12.8,1.91,0.0,0.0,Summer,No Holiday,Yes
2018-06-15,1118,11,22.9,57.0,1.4,1918.0,13.9,2.24,0.0,0.0,Summer,No Holiday,Yes
2018-06-15,1193,12,24.4,50.0,1.6,2000.0,13.2,3.07,0.0,0.0,Summer,No Holiday,Yes
2018-06-15,1035,13,25.3,48.0,1.8,1935.0,13.4,3.42,0.0,0.0,Summer,No Holiday,Yes
2018-06-15,1027,14,26.4,43.0,2.1,1944.0,12.8,3.23,0.0,0.0,Summer,No Holiday,Yes
2018-06-15,1461,15,26.7,40.0,1.6,1995.0,11.9,2.42,0.0,0.0,Summer,No Holiday,Yes
2018-06-15,1726,16,26.5,45.0,1.6,2000.0,13.5,1.91,0.0,0.0,Summer,No Holiday,Yes
2018-06-15,2460,17,26.1,45.0,1.4,2000.0,13.2,1.26,0.0,0.0,Summer,No Holiday,Yes
2018-06-15,2891,18,25.9,44.0,1.5,2000.0,12.7,1.36,0.0,0.0,Summer,No Holiday,Yes
2018-06-15,2984,19,24.3,48.0,1.5,2000.0,12.5,0.59,0.0,0.0,Summer,No Holiday,Yes
2018-06-15,2441,20,22.6,51.0,1.3,2000.0,11.9,0.06,0.0,0.0,Summer,No Holiday,Yes
2018-06-15,2337,21,21.4,54.0,1.5,2000.0,11.6,0.0,0.0,0.0,Summer,No Holiday,Yes
2018-06-15,2155,22,20.4,54.0,1.4,2000.0,10.7,0.0,0.0,0.0,Summer,No Holiday,Yes
2018-06-15,1593,23,19.6,55.0,1.4,2000.0,10.3,0.0,0.0,0.0,Summer,No Holiday,Yes
2018-06-16,1217,0,19.0,57.0,1.6,2000.0,10.2,0.0,0.0,0.0,Summer,No Holiday,Yes
2018-06-16,1056,1,18.4,59.0,1.3,2000.0,10.2,0.0,0.0,0.0,Summer,No Holiday,Yes
2018-06-16,764,2,17.9,60.0,0.8,2000.0,10.0,0.0,0.0,0.0,Summer,No Holiday,Yes
2018-06-16,518,3,17.4,61.0,1.2,2000.0,9.7,0.0,0.0,0.0,Summer,No Holiday,Yes
2018-06-16,317,4,16.9,63.0,1.0,2000.0,9.8,0.0,0.0,0.0,Summer,No Holiday,Yes
2018-06-16,277,5,16.6,65.0,1.2,2000.0,9.9,0.0,0.0,0.0,Summer,No Holiday,Yes
2018-06-16,381,6,16.3,66.0,0.7,2000.0,9.9,0.05,0.0,0.0,Summer,No Holiday,Yes
2018-06-16,583,7,17.0,60.0,1.1,1993.0,9.1,0.47,0.0,0.0,Summer,No Holiday,Yes
2018-06-16,892,8,18.7,57.0,1.0,1956.0,9.9,1.05,0.0,0.0,Summer,No Holiday,Yes
2018-06-16,1144,9,20.4,54.0,1.5,2000.0,10.7,1.88,0.0,0.0,Summer,No Holiday,Yes
2018-06-16,1166,10,21.8,46.0,0.9,1927.0,9.6,2.46,0.0,0.0,Summer,No Holiday,Yes
2018-06-16,1330,11,23.4,46.0,1.6,1954.0,11.1,2.96,0.0,0.0,Summer,No Holiday,Yes
2018-06-16,1525,12,24.8,43.0,1.2,1943.0,11.3,3.27,0.0,0.0,Summer,No Holiday,Yes
2018-06-16,1704,13,26.2,37.0,1.2,1936.0,10.3,3.36,0.0,0.0,Summer,No Holiday,Yes
2018-06-16,1783,14,27.1,40.0,1.8,1779.0,12.3,3.26,0.0,0.0,Summer,No Holiday,Yes
2018-06-16,1861,15,27.8,41.0,1.6,1851.0,13.3,2.89,0.0,0.0,Summer,No Holiday,Yes
2018-06-16,1991,16,28.3,41.0,2.6,1852.0,13.7,2.58,0.0,0.0,Summer,No Holiday,Yes
2018-06-16,2383,17,28.4,43.0,2.0,1806.0,14.6,1.93,0.0,0.0,Summer,No Holiday,Yes
2018-06-16,2451,18,28.0,46.0,2.3,1833.0,15.2,1.23,0.0,0.0,Summer,No Holiday,Yes
2018-06-16,2475,19,27.2,48.0,1.4,1994.0,15.2,0.57,0.0,0.0,Summer,No Holiday,Yes
2018-06-16,2497,20,25.0,60.0,2.4,1773.0,16.6,0.1,0.0,0.0,Summer,No Holiday,Yes
2018-06-16,2435,21,23.7,64.0,1.7,1707.0,16.4,0.0,0.0,0.0,Summer,No Holiday,Yes
2018-06-16,1995,22,22.8,69.0,1.7,1656.0,16.8,0.0,0.0,0.0,Summer,No Holiday,Yes
2018-06-16,1615,23,22.1,73.0,1.6,1180.0,17.0,0.0,0.0,0.0,Summer,No Holiday,Yes
2018-06-17,1394,0,21.5,76.0,1.4,1015.0,17.0,0.0,0.0,0.0,Summer,No Holiday,Yes
2018-06-17,929,1,20.9,79.0,2.0,932.0,17.1,0.0,0.0,0.0,Summer,No Holiday,Yes
2018-06-17,755,2,20.5,76.0,1.1,994.0,16.1,0.0,0.0,0.0,Summer,No Holiday,Yes
2018-06-17,491,3,19.9,80.0,1.6,741.0,16.3,0.0,0.0,0.0,Summer,No Holiday,Yes
2018-06-17,304,4,19.4,82.0,0.9,531.0,16.2,0.0,0.0,0.0,Summer,No Holiday,Yes
2018-06-17,238,5,19.0,85.0,0.8,567.0,16.4,0.0,0.0,0.0,Summer,No Holiday,Yes
2018-06-17,324,6,18.9,83.0,0.3,576.0,15.9,0.05,0.0,0.0,Summer,No Holiday,Yes
2018-06-17,475,7,19.6,75.0,0.9,884.0,15.0,0.42,0.0,0.0,Summer,No Holiday,Yes
2018-06-17,715,8,21.1,70.0,0.3,766.0,15.4,0.9,0.0,0.0,Summer,No Holiday,Yes
2018-06-17,944,9,22.5,66.0,1.2,605.0,15.8,0.97,0.0,0.0,Summer,No Holiday,Yes
2018-06-17,953,10,23.0,66.0,1.1,516.0,16.2,0.83,0.0,0.0,Summer,No Holiday,Yes
2018-06-17,1146,11,23.6,63.0,0.7,523.0,16.1,0.93,0.0,0.0,Summer,No Holiday,Yes
2018-06-17,1422,12,24.8,56.0,0.9,530.0,15.4,1.57,0.0,0.0,Summer,No Holiday,Yes
2018-06-17,1563,13,25.7,52.0,1.1,639.0,15.0,1.81,0.0,0.0,Summer,No Holiday,Yes
2018-06-17,1709,14,26.8,44.0,1.6,760.0,13.5,2.01,0.0,0.0,Summer,No Holiday,Yes
2018-06-17,1979,15,27.3,51.0,2.6,598.0,16.2,2.4,0.0,0.0,Summer,No Holiday,Yes
2018-06-17,2235,16,26.6,51.0,2.2,809.0,15.6,1.27,0.0,0.0,Summer,No Holiday,Yes
2018-06-17,2330,17,25.6,58.0,3.3,865.0,16.7,0.66,0.0,0.0,Summer,No Holiday,Yes
2018-06-17,2474,18,25.0,59.0,3.4,1324.0,16.4,0.54,0.0,0.0,Summer,No Holiday,Yes
2018-06-17,2481,19,24.2,62.0,1.9,1225.0,16.4,0.39,0.0,0.0,Summer,No Holiday,Yes
2018-06-17,2429,20,23.1,67.0,2.1,1060.0,16.6,0.03,0.0,0.0,Summer,No Holiday,Yes
2018-06-17,2055,21,22.7,66.0,0.9,1069.0,16.0,0.0,0.0,0.0,Summer,No Holiday,Yes
2018-06-17,1819,22,22.2,70.0,0.5,1056.0,16.4,0.0,0.0,0.0,Summer,No Holiday,Yes
2018-06-17,1323,23,21.7,74.0,1.4,920.0,16.8,0.0,0.0,0.0,Summer,No Holiday,Yes
2018-06-18,917,0,21.3,74.0,1.4,963.0,16.4,0.0,0.0,0.0,Summer,No Holiday,Yes
2018-06-18,547,1,21.0,74.0,0.5,990.0,16.1,0.0,0.0,0.0,Summer,No Holiday,Yes
2018-06-18,436,2,20.7,76.0,0.3,920.0,16.3,0.0,0.0,0.0,Summer,No Holiday,Yes
2018-06-18,202,3,20.5,77.0,0.5,865.0,16.3,0.0,0.0,0.0,Summer,No Holiday,Yes
2018-06-18,164,4,20.2,78.0,0.7,884.0,16.2,0.0,0.0,0.0,Summer,No Holiday,Yes
2018-06-18,383,5,20.0,80.0,0.3,824.0,16.4,0.0,0.0,0.0,Summer,No Holiday,Yes
2018-06-18,779,6,20.0,78.0,0.4,752.0,16.0,0.05,0.0,0.0,Summer,No Holiday,Yes
2018-06-18,1590,7,20.6,76.0,0.5,786.0,16.2,0.3,0.0,0.0,Summer,No Holiday,Yes
2018-06-18,2357,8,22.7,65.0,0.7,759.0,15.7,1.05,0.0,0.0,Summer,No Holiday,Yes
2018-06-18,1263,9,24.7,59.0,1.1,616.0,16.1,1.8,0.0,0.0,Summer,No Holiday,Yes
2018-06-18,822,10,26.1,53.0,0.9,554.0,15.7,2.14,0.0,0.0,Summer,No Holiday,Yes
2018-06-18,915,11,27.3,45.0,2.4,846.0,14.3,2.84,0.0,0.0,Summer,No Holiday,Yes
2018-06-18,988,12,28.4,45.0,2.2,649.0,15.3,2.92,0.0,0.0,Summer,No Holiday,Yes
2018-06-18,938,13,29.4,42.0,1.7,689.0,15.1,3.1,0.0,0.0,Summer,No Holiday,Yes
2018-06-18,997,14,29.8,36.0,2.0,1382.0,13.1,2.63,0.0,0.0,Summer,No Holiday,Yes
2018-06-18,1177,15,30.5,34.0,2.8,1590.0,12.8,2.87,0.0,0.0,Summer,No Holiday,Yes
2018-06-18,1401,16,30.5,34.0,2.9,1830.0,12.8,2.51,0.0,0.0,Summer,No Holiday,Yes
2018-06-18,2040,17,29.5,36.0,3.7,1786.0,12.8,1.94,0.0,0.0,Summer,No Holiday,Yes
2018-06-18,746,18,29.2,35.0,2.7,1900.0,12.1,1.27,0.0,0.0,Summer,No Holiday,Yes
2018-06-18,1557,19,28.1,38.0,2.6,2000.0,12.4,0.63,0.0,0.0,Summer,No Holiday,Yes
2018-06-18,2515,20,25.7,43.0,2.1,2000.0,12.1,0.12,0.0,0.0,Summer,No Holiday,Yes
2018-06-18,1702,21,23.8,48.0,2.0,2000.0,12.1,0.0,0.0,0.0,Summer,No Holiday,Yes
2018-06-18,1373,22,22.9,56.0,1.3,1927.0,13.6,0.0,0.0,0.0,Summer,No Holiday,Yes
2018-06-18,1732,23,22.3,59.0,1.1,1892.0,13.8,0.0,0.0,0.0,Summer,No Holiday,Yes
2018-06-19,1055,0,21.5,63.0,1.0,1740.0,14.1,0.0,0.0,0.0,Summer,No Holiday,Yes
2018-06-19,766,1,20.9,66.0,0.8,1528.0,14.3,0.0,0.0,0.0,Summer,No Holiday,Yes
2018-06-19,527,2,20.2,71.0,1.2,1414.0,14.7,0.0,0.0,0.0,Summer,No Holiday,Yes
2018-06-19,369,3,19.9,69.0,1.4,1179.0,14.0,0.0,0.0,0.0,Summer,No Holiday,Yes
2018-06-19,268,4,19.7,73.0,1.6,848.0,14.7,0.0,0.0,0.0,Summer,No Holiday,Yes
2018-06-19,317,5,19.4,77.0,0.8,831.0,15.2,0.0,0.0,0.0,Summer,No Holiday,Yes
2018-06-19,746,6,19.1,75.0,0.4,1039.0,14.5,0.08,0.0,0.0,Summer,No Holiday,Yes
2018-06-19,1616,7,19.9,72.0,0.6,840.0,14.6,0.32,0.0,0.0,Summer,No Holiday,Yes
2018-06-19,2430,8,21.1,66.0,1.0,797.0,14.4,0.62,0.0,0.0,Summer,No Holiday,Yes
2018-06-19,1381,9,22.4,62.0,0.9,761.0,14.7,0.93,0.0,0.0,Summer,No Holiday,Yes
2018-06-19,937,10,23.7,56.0,1.6,1074.0,14.3,1.34,0.0,0.0,Summer,No Holiday,Yes
2018-06-19,1014,11,24.6,53.0,1.4,1472.0,14.3,1.67,0.0,0.0,Summer,No Holiday,Yes
2018-06-19,1224,12,25.8,48.0,1.5,1487.0,13.9,2.31,0.0,0.0,Summer,No Holiday,Yes
2018-06-19,1230,13,26.6,46.0,2.9,1482.0,14.0,2.31,0.0,0.0,Summer,No Holiday,Yes
2018-06-19,1258,14,27.2,44.0,2.9,1377.0,13.8,2.59,0.0,0.0,Summer,No Holiday,Yes
2018-06-19,1363,15,26.7,42.0,2.6,1634.0,12.7,1.89,0.0,0.0,Summer,No Holiday,Yes
2018-06-19,1700,16,26.1,46.0,3.0,1728.0,13.5,1.55,0.0,0.0,Summer,No Holiday,Yes
2018-06-19,2328,17,25.1,51.0,2.4,1714.0,14.2,1.15,0.0,0.0,Summer,No Holiday,Yes
2018-06-19,3556,18,24.1,57.0,2.9,1301.0,15.0,0.56,0.0,0.0,Summer,No Holiday,Yes
2018-06-19,2809,19,23.3,59.0,2.6,1214.0,14.8,0.28,0.0,0.0,Summer,No Holiday,Yes
2018-06-19,2525,20,22.4,62.0,2.2,1041.0,14.7,0.05,0.0,0.0,Summer,No Holiday,Yes
2018-06-19,2378,21,21.6,66.0,2.4,962.0,14.9,0.0,0.0,0.0,Summer,No Holiday,Yes
2018-06-19,2096,22,20.8,71.0,2.1,800.0,15.3,0.0,0.0,0.0,Summer,No Holiday,Yes
2018-06-19,1456,23,20.1,73.0,1.9,771.0,15.1,0.0,0.0,0.0,Summer,No Holiday,Yes
2018-06-20,1030,0,19.7,71.0,2.0,1330.0,14.2,0.0,0.0,0.0,Summer,No Holiday,Yes
2018-06-20,803,1,19.6,73.0,1.4,958.0,14.6,0.0,0.0,0.0,Summer,No Holiday,Yes
2018-06-20,576,2,19.6,78.0,0.8,662.0,15.6,0.0,0.0,0.0,Summer,No Holiday,Yes
2018-06-20,340,3,19.4,79.0,0.8,563.0,15.6,0.0,0.0,0.0,Summer,No Holiday,Yes
2018-06-20,249,4,19.1,82.0,1.5,471.0,15.9,0.0,0.0,0.0,Summer,No Holiday,Yes
2018-06-20,336,5,19.1,83.0,2.0,457.0,16.1,0.0,0.0,0.0,Summer,No Holiday,Yes
2018-06-20,714,6,19.4,83.0,1.6,448.0,16.4,0.03,0.0,0.0,Summer,No Holiday,Yes
2018-06-20,1629,7,20.0,77.0,1.7,595.0,15.8,0.29,0.0,0.0,Summer,No Holiday,Yes
2018-06-20,2440,8,20.6,77.0,1.2,566.0,16.4,0.53,0.0,0.0,Summer,No Holiday,Yes
2018-06-20,1401,9,21.1,73.0,2.0,623.0,16.0,0.43,0.0,0.0,Summer,No Holiday,Yes
2018-06-20,1002,10,22.2,70.0,3.1,740.0,16.4,1.44,0.0,0.0,Summer,No Holiday,Yes
2018-06-20,1100,11,23.7,56.0,2.4,1070.0,14.3,2.33,0.0,0.0,Summer,No Holiday,Yes
2018-06-20,1252,12,25.2,53.0,3.3,976.0,14.9,3.38,0.0,0.0,Summer,No Holiday,Yes
2018-06-20,1184,13,26.2,51.0,3.2,1078.0,15.2,3.36,0.0,0.0,Summer,No Holiday,Yes
2018-06-20,1158,14,27.5,47.0,2.7,990.0,15.1,3.24,0.0,0.0,Summer,No Holiday,Yes
2018-06-20,1266,15,27.9,45.0,3.6,1558.0,14.8,3.04,0.0,0.0,Summer,No Holiday,Yes
2018-06-20,1600,16,28.2,48.0,3.9,1103.0,16.1,2.55,0.0,0.0,Summer,No Holiday,Yes
2018-06-20,2289,17,28.0,50.0,3.2,1137.0,16.6,1.93,0.0,0.0,Summer,No Holiday,Yes
2018-06-20,3384,18,27.0,55.0,3.1,1246.0,17.1,1.26,0.0,0.0,Summer,No Holiday,Yes
2018-06-20,2741,19,25.6,61.0,2.7,1236.0,17.5,0.6,0.0,0.0,Summer,No Holiday,Yes
2018-06-20,2519,20,23.3,68.0,3.6,895.0,17.0,0.11,0.0,0.0,Summer,No Holiday,Yes
2018-06-20,2246,21,21.6,74.0,3.3,758.0,16.7,0.0,0.0,0.0,Summer,No Holiday,Yes
2018-06-20,1979,22,20.6,78.0,3.0,684.0,16.6,0.0,0.0,0.0,Summer,No Holiday,Yes
2018-06-20,1401,23,20.1,82.0,3.6,494.0,16.9,0.0,0.0,0.0,Summer,No Holiday,Yes
2018-06-21,1083,0,20.0,83.0,2.6,547.0,17.0,0.0,0.0,0.0,Summer,No Holiday,Yes
2018-06-21,794,1,20.1,82.0,1.2,582.0,16.9,0.0,0.0,0.0,Summer,No Holiday,Yes
2018-06-21,539,2,20.2,82.0,0.9,575.0,17.0,0.0,0.0,0.0,Summer,No Holiday,Yes
2018-06-21,394,3,20.0,83.0,1.7,607.0,17.0,0.0,0.0,0.0,Summer,No Holiday,Yes
2018-06-21,215,4,19.6,87.0,1.2,465.0,17.3,0.0,0.0,0.0,Summer,No Holiday,Yes
2018-06-21,308,5,19.4,82.0,2.1,677.0,16.2,0.0,0.0,0.0,Summer,No Holiday,Yes
2018-06-21,709,6,19.5,80.0,1.6,709.0,15.9,0.04,0.0,0.0,Summer,No Holiday,Yes
2018-06-21,1543,7,19.9,74.0,1.7,683.0,15.1,0.21,0.0,0.0,Summer,No Holiday,Yes
2018-06-21,2370,8,21.4,65.0,1.9,821.0,14.5,1.15,0.0,0.0,Summer,No Holiday,Yes
2018-06-21,1360,9,22.7,59.0,2.0,940.0,14.2,1.77,0.0,0.0,Summer,No Holiday,Yes
2018-06-21,922,10,23.9,57.0,2.1,977.0,14.8,2.54,0.0,0.0,Summer,No Holiday,Yes
2018-06-21,1066,11,25.5,57.0,1.8,943.0,16.3,3.01,0.0,0.0,Summer,No Holiday,Yes
2018-06-21,1197,12,26.4,46.0,1.4,1103.0,13.8,3.26,0.0,0.0,Summer,No Holiday,Yes
2018-06-21,1147,13,27.3,33.0,3.4,1921.0,9.6,3.42,0.0,0.0,Summer,No Holiday,Yes
2018-06-21,1152,14,28.0,39.0,2.6,1833.0,12.7,3.14,0.0,0.0,Summer,No Holiday,Yes
2018-06-21,1276,15,28.3,40.0,3.2,1619.0,13.4,2.96,0.0,0.0,Summer,No Holiday,Yes
2018-06-21,1473,16,28.5,42.0,3.1,1622.0,14.3,2.62,0.0,0.0,Summer,No Holiday,Yes
2018-06-21,2176,17,28.4,43.0,3.3,1715.0,14.6,2.04,0.0,0.0,Summer,No Holiday,Yes
2018-06-21,3418,18,27.8,43.0,3.0,1933.0,14.0,1.35,0.0,0.0,Summer,No Holiday,Yes
2018-06-21,2811,19,26.9,42.0,2.4,2000.0,12.8,0.62,0.0,0.0,Summer,No Holiday,Yes
2018-06-21,2556,20,25.1,55.0,2.3,1779.0,15.4,0.08,0.0,0.0,Summer,No Holiday,Yes
2018-06-21,2436,21,23.8,63.0,1.5,1455.0,16.3,0.0,0.0,0.0,Summer,No Holiday,Yes
2018-06-21,2179,22,22.8,67.0,2.1,1042.0,16.3,0.0,0.0,0.0,Summer,No Holiday,Yes
2018-06-21,1497,23,21.9,59.0,2.6,1188.0,13.5,0.0,0.0,0.0,Summer,No Holiday,Yes
2018-06-22,1137,0,20.7,67.0,1.9,885.0,14.3,0.0,0.0,0.0,Summer,No Holiday,Yes
2018-06-22,912,1,20.2,75.0,1.4,525.0,15.6,0.0,0.0,0.0,Summer,No Holiday,Yes
2018-06-22,602,2,19.8,80.0,1.5,370.0,16.2,0.0,0.0,0.0,Summer,No Holiday,Yes
2018-06-22,413,3,19.3,85.0,1.6,345.0,16.7,0.0,0.0,0.0,Summer,No Holiday,Yes
2018-06-22,268,4,19.1,86.0,1.4,322.0,16.6,0.0,0.0,0.0,Summer,No Holiday,Yes
2018-06-22,336,5,18.6,85.0,1.0,384.0,16.0,0.0,0.0,0.0,Summer,No Holiday,Yes
2018-06-22,710,6,18.2,83.0,0.6,448.0,15.2,0.06,0.0,0.0,Summer,No Holiday,Yes
2018-06-22,1529,7,18.8,66.0,1.1,814.0,12.3,0.46,0.0,0.0,Summer,No Holiday,Yes
2018-06-22,2283,8,21.9,58.0,1.2,771.0,13.2,1.29,0.0,0.0,Summer,No Holiday,Yes
2018-06-22,1284,9,24.2,47.0,1.2,822.0,12.1,1.94,0.0,0.0,Summer,No Holiday,Yes
2018-06-22,902,10,26.3,34.0,0.9,1792.0,9.1,2.57,0.0,0.0,Summer,No Holiday,Yes
2018-06-22,1020,11,28.1,35.0,1.3,1608.0,11.1,3.02,0.0,0.0,Summer,No Holiday,Yes
2018-06-22,1116,12,29.8,28.0,1.3,1777.0,9.3,3.21,0.0,0.0,Summer,No Holiday,Yes
2018-06-22,1073,13,30.6,26.0,1.2,1792.0,8.9,3.17,0.0,0.0,Summer,No Holiday,Yes
2018-06-22,1087,14,31.6,25.0,2.3,1780.0,9.1,3.21,0.0,0.0,Summer,No Holiday,Yes
2018-06-22,1203,15,31.9,23.0,1.8,1977.0,8.1,2.57,0.0,0.0,Summer,No Holiday,Yes
2018-06-22,1466,16,30.8,31.0,3.8,1246.0,11.7,2.17,0.0,0.0,Summer,No Holiday,Yes
2018-06-22,2146,17,30.4,28.0,2.9,1834.0,9.8,1.9,0.0,0.0,Summer,No Holiday,Yes
2018-06-22,3365,18,29.3,27.0,3.4,1977.0,8.3,1.24,0.0,0.0,Summer,No Holiday,Yes
2018-06-22,2732,19,27.1,32.0,3.5,2000.0,8.9,0.52,0.0,0.0,Summer,No Holiday,Yes
2018-06-22,2493,20,25.4,31.0,2.5,2000.0,7.0,0.07,0.0,0.0,Summer,No Holiday,Yes
2018-06-22,2251,21,24.2,32.0,1.5,2000.0,6.4,0.0,0.0,0.0,Summer,No Holiday,Yes
2018-06-22,2103,22,23.3,32.0,1.1,2000.0,5.6,0.0,0.0,0.0,Summer,No Holiday,Yes
2018-06-22,1648,23,22.9,34.0,1.1,1810.0,6.1,0.0,0.0,0.0,Summer,No Holiday,Yes
2018-06-23,1322,0,22.7,36.0,1.5,2000.0,6.8,0.0,0.0,0.0,Summer,No Holiday,Yes
2018-06-23,1073,1,22.5,39.0,1.1,2000.0,7.8,0.0,0.0,0.0,Summer,No Holiday,Yes
2018-06-23,818,2,22.3,37.0,1.8,2000.0,6.8,0.0,0.0,0.0,Summer,No Holiday,Yes
2018-06-23,540,3,22.0,42.0,0.2,1891.0,8.4,0.0,0.0,0.0,Summer,No Holiday,Yes
2018-06-23,375,4,21.6,47.0,0.4,1985.0,9.7,0.0,0.0,0.0,Summer,No Holiday,Yes
2018-06-23,339,5,21.1,48.0,0.3,2000.0,9.6,0.0,0.0,0.0,Summer,No Holiday,Yes
2018-06-23,417,6,21.0,48.0,0.6,2000.0,9.5,0.01,0.0,0.0,Summer,No Holiday,Yes
2018-06-23,622,7,21.3,44.0,0.5,1911.0,8.5,0.2,0.0,0.0,Summer,No Holiday,Yes
2018-06-23,934,8,22.6,42.0,0.7,1887.0,9.0,0.62,0.0,0.0,Summer,No Holiday,Yes
2018-06-23,1072,9,24.3,37.0,1.1,1939.0,8.6,1.31,0.0,0.0,Summer,No Holiday,Yes
2018-06-23,1064,10,25.8,35.0,1.5,1900.0,9.1,1.66,0.0,0.0,Summer,No Holiday,Yes
2018-06-23,1229,11,27.5,31.0,1.9,1841.0,8.8,2.7,0.0,0.0,Summer,No Holiday,Yes
2018-06-23,1374,12,28.4,31.0,2.7,1849.0,9.6,2.93,0.0,0.0,Summer,No Holiday,Yes
2018-06-23,1483,13,27.9,41.0,3.9,1649.0,13.4,2.08,0.0,0.0,Summer,No Holiday,Yes
2018-06-23,1445,14,28.0,46.0,3.6,1401.0,15.2,2.88,0.0,0.0,Summer,No Holiday,Yes
2018-06-23,1589,15,28.4,43.0,3.1,1337.0,14.6,2.65,0.0,0.0,Summer,No Holiday,Yes
2018-06-23,1837,16,28.3,48.0,3.1,1232.0,16.2,2.41,0.0,0.0,Summer,No Holiday,Yes
2018-06-23,2101,17,28.1,49.0,3.2,1117.0,16.3,1.62,0.0,0.0,Summer,No Holiday,Yes
2018-06-23,2256,18,26.3,55.0,3.2,1119.0,16.5,0.64,0.0,0.0,Summer,No Holiday,Yes
2018-06-23,2288,19,25.7,59.0,2.8,1083.0,17.0,0.38,0.0,0.0,Summer,No Holiday,Yes
2018-06-23,2262,20,24.6,65.0,2.1,1018.0,17.5,0.1,0.0,0.0,Summer,No Holiday,Yes
2018-06-23,2175,21,23.8,68.0,2.2,694.0,17.5,0.0,0.0,0.0,Summer,No Holiday,Yes
2018-06-23,1932,22,23.0,74.0,2.4,473.0,18.1,0.0,0.0,0.0,Summer,No Holiday,Yes
2018-06-23,1402,23,22.5,77.0,2.7,396.0,18.2,0.0,0.0,0.0,Summer,No Holiday,Yes
2018-06-24,849,0,22.0,81.0,1.6,374.0,18.5,0.0,0.0,0.0,Summer,No Holiday,Yes
2018-06-24,545,1,21.5,83.0,1.3,345.0,18.4,0.0,0.0,0.0,Summer,No Holiday,Yes
2018-06-24,1254,2,20.9,87.0,1.8,222.0,18.6,0.0,0.0,0.0,Summer,No Holiday,Yes
2018-06-24,644,3,20.6,91.0,0.8,194.0,19.0,0.0,0.0,0.0,Summer,No Holiday,Yes
2018-06-24,286,4,20.5,90.0,0.8,223.0,18.7,0.0,0.0,0.0,Summer,No Holiday,Yes
2018-06-24,235,5,20.3,87.0,1.0,251.0,18.0,0.0,0.0,0.0,Summer,No Holiday,Yes
2018-06-24,258,6,20.2,87.0,2.0,255.0,17.9,0.01,0.0,0.0,Summer,No Holiday,Yes
2018-06-24,369,7,20.5,82.0,0.8,338.0,17.3,0.16,0.0,0.0,Summer,No Holiday,Yes
2018-06-24,561,8,21.3,78.0,0.7,351.0,17.3,0.51,0.0,0.0,Summer,No Holiday,Yes
2018-06-24,734,9,23.1,68.0,1.9,482.0,16.8,1.64,0.0,0.0,Summer,No Holiday,Yes
2018-06-24,763,10,25.0,60.0,1.5,570.0,16.6,2.33,0.0,0.0,Summer,No Holiday,Yes
2018-06-24,870,11,27.1,52.0,2.1,557.0,16.3,2.82,0.0,0.0,Summer,No Holiday,Yes
2018-06-24,1042,12,28.9,40.0,2.3,809.0,13.9,3.15,0.0,0.0,Summer,No Holiday,Yes
2018-06-24,1062,13,30.6,31.0,2.7,1240.0,11.5,3.24,0.0,0.0,Summer,No Holiday,Yes
2018-06-24,1064,14,31.6,34.0,2.9,1050.0,13.8,3.12,0.0,0.0,Summer,No Holiday,Yes
2018-06-24,1213,15,31.8,31.0,3.4,1400.0,12.5,2.85,0.0,0.0,Summer,No Holiday,Yes
2018-06-24,1471,16,31.3,32.0,3.2,1427.0,12.6,2.38,0.0,0.0,Summer,No Holiday,Yes
2018-06-24,1754,17,30.9,34.0,2.5,1640.0,13.2,1.79,0.0,0.0,Summer,No Holiday,Yes
2018-06-24,2094,18,29.8,35.0,3.3,1805.0,12.6,1.15,0.0,0.0,Summer,No Holiday,Yes
2018-06-24,2290,19,27.8,41.0,2.7,1990.0,13.3,0.45,0.0,0.0,Summer,No Holiday,Yes
2018-06-24,2387,20,26.1,49.0,1.9,1960.0,14.5,0.1,0.0,0.0,Summer,No Holiday,Yes
2018-06-24,2153,21,24.5,71.0,1.7,1295.0,18.8,0.0,0.0,0.0,Summer,No Holiday,Yes
2018-06-24,1801,22,23.9,72.0,0.8,1098.0,18.5,0.0,0.0,0.0,Summer,No Holiday,Yes
2018-06-24,1329,23,23.3,75.0,2.0,890.0,18.6,0.0,0.0,0.0,Summer,No Holiday,Yes
2018-06-25,962,0,22.9,79.0,0.6,715.0,19.0,0.0,0.0,0.0,Summer,No Holiday,Yes
2018-06-25,585,1,22.5,80.0,1.1,619.0,18.8,0.0,0.0,0.0,Summer,No Holiday,Yes
2018-06-25,424,2,22.3,80.0,0.8,709.0,18.6,0.0,0.0,0.0,Summer,No Holiday,Yes
2018-06-25,264,3,22.0,83.0,0.5,684.0,18.9,0.0,0.0,0.0,Summer,No Holiday,Yes
2018-06-25,199,4,21.8,82.0,0.7,702.0,18.5,0.0,0.0,0.0,Summer,No Holiday,Yes
2018-06-25,338,5,21.5,84.0,0.3,569.0,18.6,0.0,0.0,0.0,Summer,No Holiday,Yes
2018-06-25,785,6,21.3,81.0,0.7,604.0,17.8,0.05,0.0,0.0,Summer,No Holiday,Yes
2018-06-25,1620,7,22.1,74.0,0.3,830.0,17.2,0.37,0.0,0.0,Summer,No Holiday,Yes
2018-06-25,2331,8,23.8,66.0,0.9,960.0,17.0,0.74,0.0,0.0,Summer,No Holiday,Yes
2018-06-25,1293,9,25.4,61.0,1.0,1079.0,17.3,1.28,0.0,0.0,Summer,No Holiday,Yes
2018-06-25,878,10,26.4,55.0,0.9,901.0,16.6,1.16,0.0,0.0,Summer,No Holiday,Yes
2018-06-25,968,11,27.8,46.0,1.3,912.0,15.1,1.77,0.0,0.0,Summer,No Holiday,Yes
2018-06-25,1039,12,29.8,42.0,2.1,1220.0,15.5,2.9,0.0,0.0,Summer,No Holiday,Yes
2018-06-25,1073,13,31.2,36.0,2.0,1022.0,14.3,2.91,0.0,0.0,Summer,No Holiday,Yes
2018-06-25,1016,14,32.3,35.0,1.8,982.0,14.8,2.71,0.0,0.0,Summer,No Holiday,Yes
2018-06-25,1184,15,32.7,31.0,1.7,1243.0,13.3,2.3,0.0,0.0,Summer,No Holiday,Yes
2018-06-25,1407,16,32.2,39.0,2.8,928.0,16.4,1.74,0.0,0.0,Summer,No Holiday,Yes
2018-06-25,2008,17,31.5,42.0,2.3,990.0,17.0,1.36,0.0,0.0,Summer,No Holiday,Yes
2018-06-25,3238,18,30.7,43.0,1.6,931.0,16.6,0.74,0.0,0.0,Summer,No Holiday,Yes
2018-06-25,2779,19,29.8,45.0,1.5,956.0,16.5,0.32,0.0,0.0,Summer,No Holiday,Yes
2018-06-25,2456,20,28.8,54.0,1.1,964.0,18.5,0.09,0.0,0.0,Summer,No Holiday,Yes
2018-06-25,2372,21,27.9,55.0,0.5,1083.0,18.0,0.0,0.0,0.0,Summer,No Holiday,Yes
2018-06-25,2046,22,27.4,55.0,0.3,1001.0,17.5,0.0,0.0,0.0,Summer,No Holiday,Yes
2018-06-25,1437,23,27.2,55.0,0.7,920.0,17.3,0.0,0.0,0.0,Summer,No Holiday,Yes
2018-06-26,1052,0,26.9,61.0,1.5,805.0,18.7,0.0,0.0,0.0,Summer,No Holiday,Yes
2018-06-26,783,1,26.7,50.0,1.8,884.0,15.4,0.0,0.0,0.0,Summer,No Holiday,Yes
2018-06-26,524,2,26.1,51.0,1.7,760.0,15.1,0.0,0.0,0.0,Summer,No Holiday,Yes
2018-06-26,353,3,25.4,50.0,1.1,870.0,14.2,0.0,0.0,0.0,Summer,No Holiday,Yes
2018-06-26,143,4,24.7,49.0,1.0,1293.0,13.2,0.0,0.0,0.0,Summer,No Holiday,Yes
2018-06-26,45,5,23.7,64.0,0.9,876.0,16.4,0.0,0.1,0.0,Summer,No Holiday,Yes
2018-06-26,37,6,22.5,83.0,0.8,537.0,19.4,0.0,0.4,0.0,Summer,No Holiday,Yes
2018-06-26,49,7,21.2,87.0,0.8,376.0,18.9,0.03,1.5,0.0,Summer,No Holiday,Yes
2018-06-26,53,8,20.8,94.0,1.0,159.0,19.7,0.05,3.5,0.0,Summer,No Holiday,Yes
2018-06-26,19,9,20.3,96.0,1.1,143.0,19.6,0.06,6.5,0.0,Summer,No Holiday,Yes
2018-06-26,9,10,20.3,97.0,1.0,103.0,19.8,0.12,9.5,0.0,Summer,No Holiday,Yes
2018-06-26,11,11,20.4,97.0,1.4,129.0,19.9,0.09,16.0,0.0,Summer,No Holiday,Yes
2018-06-26,10,12,20.5,97.0,1.8,257.0,20.0,0.15,5.0,0.0,Summer,No Holiday,Yes
2018-06-26,24,13,20.5,97.0,1.2,338.0,20.0,0.11,14.5,0.0,Summer,No Holiday,Yes
2018-06-26,26,14,21.0,97.0,0.7,381.0,20.4,0.26,2.5,0.0,Summer,No Holiday,Yes
2018-06-26,65,15,21.5,97.0,0.6,311.0,20.9,0.21,4.5,0.0,Summer,No Holiday,Yes
2018-06-26,56,16,23.3,96.0,3.4,441.0,22.6,0.08,1.0,0.0,Summer,No Holiday,Yes
2018-06-26,113,17,24.0,95.0,5.0,362.0,23.1,0.07,2.0,0.0,Summer,No Holiday,Yes
2018-06-26,156,18,24.1,95.0,4.4,261.0,23.2,0.03,1.0,0.0,Summer,No Holiday,Yes
2018-06-26,203,19,24.2,94.0,4.7,242.0,23.1,0.03,1.5,0.0,Summer,No Holiday,Yes
2018-06-26,199,20,24.1,94.0,4.5,214.0,23.0,0.0,0.5,0.0,Summer,No Holiday,Yes
2018-06-26,275,21,23.5,94.0,4.6,227.0,22.4,0.0,1.5,0.0,Summer,No Holiday,Yes
2018-06-26,443,22,22.4,95.0,4.1,222.0,21.5,0.0,0.0,0.0,Summer,No Holiday,Yes
2018-06-26,552,23,21.6,89.0,4.3,698.0,19.7,0.0,0.0,0.0,Summer,No Holiday,Yes
2018-06-27,513,0,20.5,94.0,3.7,896.0,19.4,0.0,0.0,0.0,Summer,No Holiday,Yes
2018-06-27,254,1,20.0,96.0,3.0,182.0,19.3,0.0,0.1,0.0,Summer,No Holiday,Yes
2018-06-27,164,2,19.6,97.0,2.6,201.0,19.1,0.0,0.4,0.0,Summer,No Holiday,Yes
2018-06-27,152,3,19.4,97.0,2.9,282.0,18.9,0.0,0.0,0.0,Summer,No Holiday,Yes
2018-06-27,110,4,19.2,97.0,1.0,217.0,18.7,0.0,0.5,0.0,Summer,No Holiday,Yes
2018-06-27,162,5,19.1,97.0,1.2,402.0,18.6,0.0,0.0,0.0,Summer,No Holiday,Yes
2018-06-27,417,6,19.2,97.0,1.5,157.0,18.7,0.0,0.0,0.0,Summer,No Holiday,Yes
2018-06-27,1084,7,19.3,98.0,1.0,188.0,18.9,0.06,0.0,0.0,Summer,No Holiday,Yes
2018-06-27,1995,8,19.7,97.0,1.5,200.0,19.2,0.25,0.0,0.0,Summer,No Holiday,Yes
2018-06-27,1238,9,20.0,96.0,1.6,287.0,19.3,0.39,0.0,0.0,Summer,No Holiday,Yes
2018-06-27,862,10,21.4,85.0,1.1,596.0,18.7,1.34,0.0,0.0,Summer,No Holiday,Yes
2018-06-27,1015,11,23.4,73.0,1.3,827.0,18.2,2.38,0.0,0.0,Summer,No Holiday,Yes
2018-06-27,1145,12,24.1,73.0,2.2,992.0,18.9,2.15,0.0,0.0,Summer,No Holiday,Yes
2018-06-27,1234,13,24.9,69.0,2.2,850.0,18.8,2.14,0.0,0.0,Summer,No Holiday,Yes
2018-06-27,1243,14,24.7,72.0,2.9,720.0,19.3,1.45,0.0,0.0,Summer,No Holiday,Yes
2018-06-27,1362,15,25.5,68.0,2.4,638.0,19.1,1.61,0.0,0.0,Summer,No Holiday,Yes
2018-06-27,1618,16,25.0,74.0,2.2,578.0,20.0,0.52,0.0,0.0,Summer,No Holiday,Yes
2018-06-27,2115,17,25.1,70.0,2.2,796.0,19.2,0.48,0.0,0.0,Summer,No Holiday,Yes
2018-06-27,3172,18,25.0,69.0,1.5,1125.0,18.9,0.52,0.0,0.0,Summer,No Holiday,Yes
2018-06-27,2487,19,24.9,70.0,1.8,1131.0,19.0,0.24,0.0,0.0,Summer,No Holiday,Yes
2018-06-27,2274,20,24.2,72.0,1.4,833.0,18.8,0.03,0.0,0.0,Summer,No Holiday,Yes
2018-06-27,2200,21,23.3,71.0,1.3,1145.0,17.7,0.0,0.0,0.0,Summer,No Holiday,Yes
2018-06-27,1959,22,22.7,77.0,2.0,1099.0,18.4,0.0,0.0,0.0,Summer,No Holiday,Yes
2018-06-27,980,23,22.3,83.0,2.6,490.0,19.2,0.0,0.0,0.0,Summer,No Holiday,Yes
2018-06-28,561,0,22.2,84.0,1.1,482.0,19.3,0.0,0.0,0.0,Summer,No Holiday,Yes
2018-06-28,1068,1,22.2,84.0,0.3,610.0,19.3,0.0,0.0,0.0,Summer,No Holiday,Yes
2018-06-28,652,2,22.4,84.0,0.6,667.0,19.5,0.0,0.0,0.0,Summer,No Holiday,Yes
2018-06-28,344,3,22.4,86.0,0.6,618.0,19.9,0.0,0.0,0.0,Summer,No Holiday,Yes
2018-06-28,233,4,22.3,88.0,0.9,298.0,20.2,0.0,0.0,0.0,Summer,No Holiday,Yes
2018-06-28,266,5,22.1,93.0,0.4,333.0,20.9,0.0,0.0,0.0,Summer,No Holiday,Yes
2018-06-28,594,6,22.0,90.0,0.4,373.0,20.2,0.04,0.1,0.0,Summer,No Holiday,Yes
2018-06-28,1391,7,22.7,81.0,0.4,866.0,19.2,0.4,0.0,0.0,Summer,No Holiday,Yes
2018-06-28,2288,8,24.2,73.0,1.0,1581.0,19.0,0.96,0.0,0.0,Summer,No Holiday,Yes
2018-06-28,1246,9,24.8,75.0,1.1,1418.0,20.0,0.63,0.0,0.0,Summer,No Holiday,Yes
2018-06-28,826,10,25.3,70.0,0.6,1386.0,19.4,0.7,0.0,0.0,Summer,No Holiday,Yes
2018-06-28,938,11,26.5,64.0,1.8,1806.0,19.1,1.3,0.0,0.0,Summer,No Holiday,Yes
2018-06-28,1158,12,27.0,68.0,2.0,1863.0,20.5,1.3,0.0,0.0,Summer,No Holiday,Yes
2018-06-28,1040,13,27.2,68.0,1.8,1575.0,20.7,1.1,0.0,0.0,Summer,No Holiday,Yes
2018-06-28,1030,14,27.1,72.0,3.0,1126.0,21.6,0.91,0.0,0.0,Summer,No Holiday,Yes
2018-06-28,1209,15,26.4,76.0,3.7,1370.0,21.8,1.01,0.0,0.0,Summer,No Holiday,Yes
2018-06-28,766,16,25.2,81.0,3.6,961.0,21.6,0.5,0.0,0.0,Summer,No Holiday,Yes
2018-06-28,65,17,22.2,92.0,1.2,254.0,20.8,0.11,4.9,0.0,Summer,No Holiday,Yes
2018-06-28,596,18,20.6,97.0,0.7,222.0,20.1,0.14,21.5,0.0,Summer,No Holiday,Yes
2018-06-28,944,19,20.9,97.0,1.0,1747.0,20.3,0.19,0.0,0.0,Summer,No Holiday,Yes
2018-06-28,1039,20,21.0,96.0,0.1,1431.0,20.3,0.02,0.0,0.0,Summer,No Holiday,Yes
2018-06-28,1223,21,21.3,94.0,0.3,1314.0,20.2,0.0,0.0,0.0,Summer,No Holiday,Yes
2018-06-28,1239,22,21.6,94.0,1.1,766.0,20.5,0.0,0.0,0.0,Summer,No Holiday,Yes
2018-06-28,931,23,21.7,96.0,0.3,293.0,21.0,0.0,0.0,0.0,Summer,No Holiday,Yes
2018-06-29,470,0,21.9,95.0,1.9,357.0,21.0,0.0,0.0,0.0,Summer,No Holiday,Yes
2018-06-29,460,1,22.0,96.0,0.1,387.0,21.3,0.0,0.1,0.0,Summer,No Holiday,Yes
2018-06-29,345,2,22.2,96.0,0.8,269.0,21.5,0.0,0.2,0.0,Summer,No Holiday,Yes
2018-06-29,227,3,22.3,96.0,1.2,290.0,21.6,0.0,0.1,0.0,Summer,No Holiday,Yes
2018-06-29,123,4,22.3,96.0,0.0,278.0,21.6,0.0,0.1,0.0,Summer,No Holiday,Yes
2018-06-29,133,5,22.1,97.0,0.5,152.0,21.5,0.0,1.5,0.0,Summer,No Holiday,Yes
2018-06-29,308,6,21.9,97.0,0.2,190.0,21.3,0.0,4.5,0.0,Summer,No Holiday,Yes
2018-06-29,883,7,22.0,97.0,0.9,269.0,21.4,0.03,0.0,0.0,Summer,No Holiday,Yes
2018-06-29,2028,8,22.2,95.0,1.6,389.0,21.3,0.26,0.0,0.0,Summer,No Holiday,Yes
2018-06-29,1195,9,22.9,86.0,1.7,538.0,20.4,0.76,0.0,0.0,Summer,No Holiday,Yes
2018-06-29,913,10,24.4,76.0,2.1,617.0,19.8,1.58,0.0,0.0,Summer,No Holiday,Yes
2018-06-29,956,11,24.8,74.0,1.8,644.0,19.8,1.41,0.0,0.0,Summer,No Holiday,Yes
2018-06-29,1168,12,26.1,67.0,2.2,758.0,19.4,2.15,0.0,0.0,Summer,No Holiday,Yes
2018-06-29,1117,13,26.8,65.0,2.0,732.0,19.6,2.37,0.0,0.0,Summer,No Holiday,Yes
2018-06-29,1175,14,27.8,57.0,2.1,760.0,18.4,2.62,0.0,0.0,Summer,No Holiday,Yes
2018-06-29,1209,15,28.4,63.0,2.8,742.0,20.6,2.47,0.0,0.0,Summer,No Holiday,Yes
2018-06-29,1554,16,29.0,57.0,2.3,987.0,19.6,2.36,0.0,0.0,Summer,No Holiday,Yes
2018-06-29,2099,17,28.5,60.0,2.6,1014.0,19.9,1.33,0.0,0.0,Summer,No Holiday,Yes
2018-06-29,3113,18,28.1,60.0,1.9,959.0,19.5,1.05,0.0,0.0,Summer,No Holiday,Yes
2018-06-29,2602,19,27.1,64.0,1.1,829.0,19.6,0.28,0.0,0.0,Summer,No Holiday,Yes
2018-06-29,2339,20,26.2,70.0,1.5,792.0,20.2,0.12,0.0,0.0,Summer,No Holiday,Yes
2018-06-29,2225,21,25.2,75.0,1.4,644.0,20.4,0.0,0.0,0.0,Summer,No Holiday,Yes
2018-06-29,2103,22,24.2,80.0,1.3,500.0,20.5,0.0,0.0,0.0,Summer,No Holiday,Yes
2018-06-29,1552,23,23.5,83.0,1.4,436.0,20.4,0.0,0.0,0.0,Summer,No Holiday,Yes
2018-06-30,1275,0,23.0,84.0,1.9,375.0,20.1,0.0,0.0,0.0,Summer,No Holiday,Yes
2018-06-30,1070,1,22.6,85.0,0.3,323.0,19.9,0.0,0.0,0.0,Summer,No Holiday,Yes
2018-06-30,859,2,22.2,88.0,1.0,295.0,20.1,0.0,0.0,0.0,Summer,No Holiday,Yes
2018-06-30,625,3,21.9,88.0,0.9,274.0,19.8,0.0,0.0,0.0,Summer,No Holiday,Yes
2018-06-30,382,4,21.7,93.0,0.1,244.0,20.5,0.0,0.0,0.0,Summer,No Holiday,Yes
2018-06-30,247,5,21.7,88.0,0.6,289.0,19.6,0.0,0.0,0.0,Summer,No Holiday,Yes
2018-06-30,310,6,22.1,85.0,0.5,303.0,19.4,0.01,0.1,0.0,Summer,No Holiday,Yes
2018-06-30,468,7,22.5,86.0,0.6,299.0,20.0,0.07,0.0,0.0,Summer,No Holiday,Yes
2018-06-30,825,8,23.4,81.0,0.5,313.0,19.9,0.37,0.0,0.0,Summer,No Holiday,Yes
2018-06-30,862,9,24.2,81.0,0.9,295.0,20.7,0.53,0.0,0.0,Summer,No Holiday,Yes
2018-06-30,933,10,25.1,73.0,0.9,358.0,19.9,0.66,0.0,0.0,Summer,No Holiday,Yes
2018-06-30,871,11,26.4,71.0,1.0,430.0,20.7,1.36,0.0,0.0,Summer,No Holiday,Yes
2018-06-30,858,12,25.2,94.0,2.8,166.0,24.1,0.39,6.4,0.0,Summer,No Holiday,Yes
2018-06-30,1144,13,25.6,87.0,1.7,390.0,23.2,0.71,3.5,0.0,Summer,No Holiday,Yes
2018-06-30,1235,14,27.5,69.0,0.5,736.0,21.2,1.84,0.0,0.0,Summer,No Holiday,Yes
2018-06-30,1311,15,27.8,71.0,0.9,733.0,22.0,0.93,0.0,0.0,Summer,No Holiday,Yes
2018-06-30,1317,16,27.9,69.0,0.5,880.0,21.6,0.61,0.0,0.0,Summer,No Holiday,Yes
2018-06-30,1291,17,27.4,75.0,2.3,616.0,22.5,0.46,0.0,0.0,Summer,No Holiday,Yes
2018-06-30,306,18,27.5,79.0,0.5,1237.0,23.5,0.65,0.5,0.0,Summer,No Holiday,Yes
2018-06-30,481,19,24.3,95.0,0.5,958.0,23.4,0.11,4.0,0.0,Summer,No Holiday,Yes
2018-06-30,778,20,24.2,88.0,0.8,1276.0,22.0,0.06,0.0,0.0,Summer,No Holiday,Yes
2018-06-30,1005,21,23.9,84.0,0.7,1552.0,21.0,0.0,0.0,0.0,Summer,No Holiday,Yes
2018-06-30,1107,22,23.4,88.0,0.9,1153.0,21.2,0.0,0.0,0.0,Summer,No Holiday,Yes
2018-06-30,919,23,22.9,92.0,0.6,989.0,21.5,0.0,0.0,0.0,Summer,No Holiday,Yes
2018-07-01,865,0,22.6,88.0,0.2,1259.0,20.5,0.0,0.0,0.0,Summer,No Holiday,Yes
2018-07-01,740,1,22.7,87.0,0.5,1072.0,20.4,0.0,0.0,0.0,Summer,No Holiday,Yes
2018-07-01,586,2,22.7,87.0,0.5,1187.0,20.4,0.0,0.0,0.0,Summer,No Holiday,Yes
2018-07-01,368,3,22.7,86.0,0.7,1455.0,20.2,0.0,0.0,0.0,Summer,No Holiday,Yes
2018-07-01,211,4,22.7,85.0,0.7,1547.0,20.0,0.0,0.0,0.0,Summer,No Holiday,Yes
2018-07-01,54,5,22.6,86.0,0.5,1076.0,20.1,0.0,0.1,0.0,Summer,No Holiday,Yes
2018-07-01,60,6,22.3,93.0,0.6,1262.0,21.1,0.01,0.4,0.0,Summer,No Holiday,Yes
2018-07-01,25,7,22.1,89.0,0.5,1617.0,20.1,0.08,0.5,0.0,Summer,No Holiday,Yes
2018-07-01,20,8,22.1,93.0,0.5,805.0,20.9,0.14,1.0,0.0,Summer,No Holiday,Yes
2018-07-01,9,9,22.1,94.0,0.9,624.0,21.0,0.22,1.5,0.0,Summer,No Holiday,Yes
2018-07-01,13,10,21.6,97.0,0.5,266.0,21.0,0.13,12.0,0.0,Summer,No Holiday,Yes
2018-07-01,11,11,21.2,97.0,1.2,105.0,20.6,0.15,18.5,0.0,Summer,No Holiday,Yes
2018-07-01,9,12,21.1,97.0,1.2,653.0,20.5,0.17,7.5,0.0,Summer,No Holiday,Yes
2018-07-01,30,13,21.2,97.0,1.1,760.0,20.6,0.2,3.5,0.0,Summer,No Holiday,Yes
2018-07-01,14,14,21.5,97.0,0.7,1522.0,20.9,0.29,1.0,0.0,Summer,No Holiday,Yes
2018-07-01,51,15,21.8,97.0,0.7,324.0,21.2,0.14,5.5,0.0,Summer,No Holiday,Yes
2018-07-01,41,16,22.2,97.0,1.1,1745.0,21.6,0.25,1.0,0.0,Summer,No Holiday,Yes
2018-07-01,25,17,22.4,96.0,0.4,1661.0,21.7,0.21,1.5,0.0,Summer,No Holiday,Yes
2018-07-01,17,18,22.2,96.0,1.2,673.0,21.5,0.09,3.5,0.0,Summer,No Holiday,Yes
2018-07-01,18,19,21.9,96.0,1.2,509.0,21.2,0.01,5.5,0.0,Summer,No Holiday,Yes
2018-07-01,16,20,21.9,97.0,1.1,534.0,21.3,0.0,6.0,0.0,Summer,No Holiday,Yes
2018-07-01,17,21,21.8,97.0,0.6,692.0,21.2,0.0,3.5,0.0,Summer,No Holiday,Yes
2018-07-01,16,22,21.7,97.0,0.7,540.0,21.1,0.0,3.5,0.0,Summer,No Holiday,Yes
2018-07-01,15,23,21.5,97.0,1.5,523.0,20.9,0.0,5.0,0.0,Summer,No Holiday,Yes
2018-07-02,26,0,21.4,97.0,0.6,680.0,20.8,0.0,2.5,0.0,Summer,No Holiday,Yes
2018-07-02,28,1,21.3,97.0,1.0,1451.0,20.7,0.0,3.0,0.0,Summer,No Holiday,Yes
2018-07-02,17,2,21.2,97.0,0.8,1018.0,20.6,0.0,2.0,0.0,Summer,No Holiday,Yes
2018-07-02,23,3,21.1,96.0,2.4,866.0,20.4,0.0,4.5,0.0,Summer,No Holiday,Yes
2018-07-02,58,4,20.8,97.0,1.0,2000.0,20.3,0.0,4.0,0.0,Summer,No Holiday,Yes
2018-07-02,28,5,20.7,97.0,0.3,2000.0,20.2,0.0,0.5,0.0,Summer,No Holiday,Yes
2018-07-02,40,6,20.7,97.0,0.3,1262.0,20.2,0.0,1.0,0.0,Summer,No Holiday,Yes
2018-07-02,126,7,20.7,97.0,0.4,1801.0,20.2,0.0,0.5,0.0,Summer,No Holiday,Yes
2018-07-02,104,8,20.8,96.0,0.4,1627.0,20.1,0.11,1.5,0.0,Summer,No Holiday,Yes
2018-07-02,128,9,21.0,97.0,1.3,825.0,20.4,0.14,3.0,0.0,Summer,No Holiday,Yes
2018-07-02,27,10,21.4,97.0,0.6,563.0,20.8,0.27,1.0,0.0,Summer,No Holiday,Yes
2018-07-02,153,11,21.7,97.0,0.5,591.0,21.1,0.25,8.0,0.0,Summer,No Holiday,Yes
2018-07-02,218,12,22.4,97.0,1.0,945.0,21.8,0.46,0.0,0.0,Summer,No Holiday,Yes
2018-07-02,304,13,22.6,97.0,0.6,367.0,22.0,0.3,0.5,0.0,Summer,No Holiday,Yes
2018-07-02,381,14,23.3,96.0,0.3,434.0,22.6,0.53,0.0,0.0,Summer,No Holiday,Yes
2018-07-02,619,15,24.2,93.0,1.0,590.0,22.9,0.78,0.0,0.0,Summer,No Holiday,Yes
2018-07-02,839,16,25.2,87.0,0.9,601.0,22.8,0.88,0.0,0.0,Summer,No Holiday,Yes
2018-07-02,861,17,25.3,87.0,0.6,751.0,22.9,0.49,0.0,0.0,Summer,No Holiday,Yes
2018-07-02,832,18,24.9,87.0,1.9,1742.0,22.5,0.25,0.0,0.0,Summer,No Holiday,Yes
2018-07-02,44,19,24.1,93.0,2.1,1118.0,22.8,0.23,1.5,0.0,Summer,No Holiday,Yes
2018-07-02,61,20,23.5,97.0,0.1,1814.0,22.9,0.04,24.0,0.0,Summer,No Holiday,Yes
2018-07-02,72,21,23.4,98.0,0.4,1038.0,23.0,0.0,1.0,0.0,Summer,No Holiday,Yes
2018-07-02,83,22,23.4,98.0,0.3,585.0,23.0,0.0,2.5,0.0,Summer,No Holiday,Yes
2018-07-02,168,23,23.4,98.0,0.3,662.0,23.0,0.0,0.5,0.0,Summer,No Holiday,Yes
2018-07-03,349,0,23.2,98.0,0.2,927.0,22.8,0.0,0.5,0.0,Summer,No Holiday,Yes
2018-07-03,407,1,23.1,98.0,0.0,958.0,22.7,0.0,0.0,0.0,Summer,No Holiday,Yes
2018-07-03,354,2,23.0,98.0,0.1,1026.0,22.6,0.0,0.0,0.0,Summer,No Holiday,Yes
2018-07-03,233,3,22.8,98.0,0.0,1734.0,22.4,0.0,0.0,0.0,Summer,No Holiday,Yes
2018-07-03,149,4,22.7,97.0,0.2,1808.0,22.1,0.0,0.0,0.0,Summer,No Holiday,Yes
2018-07-03,224,5,22.6,97.0,0.0,1383.0,22.0,0.0,0.0,0.0,Summer,No Holiday,Yes
2018-07-03,600,6,22.6,95.0,0.1,1937.0,21.7,0.05,0.0,0.0,Summer,No Holiday,Yes
2018-07-03,1308,7,23.5,86.0,0.2,1908.0,21.0,0.38,0.0,0.0,Summer,No Holiday,Yes
2018-07-03,2135,8,24.3,83.0,0.5,1986.0,21.2,0.53,0.0,0.0,Summer,No Holiday,Yes
2018-07-03,1156,9,25.7,76.0,0.8,1920.0,21.1,1.11,0.0,0.0,Summer,No Holiday,Yes
2018-07-03,818,10,27.6,71.0,1.6,1870.0,21.8,2.14,0.0,0.0,Summer,No Holiday,Yes
2018-07-03,906,11,29.2,66.0,1.4,1953.0,22.1,2.72,0.0,0.0,Summer,No Holiday,Yes
2018-07-03,944,12,30.1,64.0,1.2,2000.0,22.5,2.54,0.0,0.0,Summer,No Holiday,Yes
2018-07-03,994,13,31.2,54.0,1.3,1961.0,20.7,3.11,0.0,0.0,Summer,No Holiday,Yes
2018-07-03,1001,14,31.0,56.0,1.5,2000.0,21.1,1.47,0.0,0.0,Summer,No Holiday,Yes
2018-07-03,1069,15,32.0,54.0,1.2,1962.0,21.5,2.99,0.0,0.0,Summer,No Holiday,Yes
2018-07-03,1325,16,31.3,52.0,1.2,2000.0,20.2,1.63,0.0,0.0,Summer,No Holiday,Yes
2018-07-03,1783,17,32.4,50.0,2.2,2000.0,20.6,1.92,0.0,0.0,Summer,No Holiday,Yes
2018-07-03,2965,18,32.2,57.0,1.8,1880.0,22.5,1.53,0.0,0.0,Summer,No Holiday,Yes
2018-07-03,2598,19,30.4,62.0,0.9,2000.0,22.2,0.65,0.1,0.0,Summer,No Holiday,Yes
2018-07-03,2398,20,28.8,72.0,0.9,2000.0,23.2,0.11,0.0,0.0,Summer,No Holiday,Yes
2018-07-03,2264,21,27.8,72.0,0.6,2000.0,22.2,0.0,0.0,0.0,Summer,No Holiday,Yes
2018-07-03,1948,22,26.9,78.0,0.6,1806.0,22.7,0.0,0.0,0.0,Summer,No Holiday,Yes
2018-07-03,1365,23,26.4,78.0,0.3,2000.0,22.2,0.0,0.0,0.0,Summer,No Holiday,Yes
2018-07-04,971,0,25.9,79.0,0.3,2000.0,21.9,0.0,0.0,0.0,Summer,No Holiday,Yes
2018-07-04,796,1,25.4,79.0,1.0,2000.0,21.4,0.0,0.0,0.0,Summer,No Holiday,Yes
2018-07-04,555,2,25.1,82.0,0.2,2000.0,21.8,0.0,0.0,0.0,Summer,No Holiday,Yes
2018-07-04,372,3,24.9,83.0,0.2,1857.0,21.8,0.0,0.0,0.0,Summer,No Holiday,Yes
2018-07-04,234,4,24.7,82.0,0.3,2000.0,21.4,0.0,0.0,0.0,Summer,No Holiday,Yes
2018-07-04,316,5,24.2,86.0,0.2,2000.0,21.7,0.0,0.0,0.0,Summer,No Holiday,Yes
2018-07-04,747,6,24.0,84.0,0.1,1969.0,21.1,0.05,0.0,0.0,Summer,No Holiday,Yes
2018-07-04,1450,7,24.6,78.0,0.5,2000.0,20.5,0.33,0.0,0.0,Summer,No Holiday,Yes
2018-07-04,2215,8,26.4,64.0,0.5,1909.0,19.0,1.33,0.0,0.0,Summer,No Holiday,Yes
2018-07-04,1191,9,27.4,68.0,0.5,1941.0,20.9,1.31,0.0,0.0,Summer,No Holiday,Yes
2018-07-04,831,10,28.5,65.0,1.5,1519.0,21.2,1.74,0.0,0.0,Summer,No Holiday,Yes
2018-07-04,941,11,30.0,60.0,2.3,1861.0,21.3,2.61,0.0,0.0,Summer,No Holiday,Yes
2018-07-04,1021,12,30.5,58.0,2.5,1741.0,21.2,2.26,0.0,0.0,Summer,No Holiday,Yes
2018-07-04,1007,13,31.0,60.0,2.6,1657.0,22.3,2.75,0.0,0.0,Summer,No Holiday,Yes
2018-07-04,1005,14,31.3,58.0,3.0,1479.0,22.0,2.46,0.0,0.0,Summer,No Holiday,Yes
2018-07-04,1038,15,31.1,57.0,3.7,1912.0,21.5,2.03,0.0,0.0,Summer,No Holiday,Yes
2018-07-04,1306,16,31.6,57.0,2.7,1882.0,22.0,2.19,0.0,0.0,Summer,No Holiday,Yes
2018-07-04,1856,17,31.2,56.0,3.4,1943.0,21.3,1.82,0.0,0.0,Summer,No Holiday,Yes
2018-07-04,3080,18,30.0,60.0,2.5,1933.0,21.3,0.99,0.0,0.0,Summer,No Holiday,Yes
2018-07-04,2637,19,28.2,64.0,2.8,1978.0,20.7,0.5,0.0,0.0,Summer,No Holiday,Yes
2018-07-04,2415,20,27.1,67.0,2.9,1949.0,20.4,0.06,0.0,0.0,Summer,No Holiday,Yes
2018-07-04,2274,21,26.2,70.0,2.2,1908.0,20.2,0.0,0.0,0.0,Summer,No Holiday,Yes
2018-07-04,2091,22,25.1,73.0,2.5,1808.0,19.9,0.0,0.0,0.0,Summer,No Holiday,Yes
2018-07-04,1432,23,24.7,74.0,1.4,1596.0,19.7,0.0,0.0,0.0,Summer,No Holiday,Yes
2018-07-05,1078,0,24.2,77.0,1.8,1365.0,19.9,0.0,0.0,0.0,Summer,No Holiday,Yes
2018-07-05,846,1,23.9,79.0,1.7,1121.0,20.0,0.0,0.0,0.0,Summer,No Holiday,Yes
2018-07-05,568,2,23.6,80.0,1.5,879.0,19.9,0.0,0.0,0.0,Summer,No Holiday,Yes
2018-07-05,376,3,23.5,81.0,0.9,878.0,20.0,0.0,0.0,0.0,Summer,No Holiday,Yes
2018-07-05,267,4,23.5,80.0,0.4,924.0,19.8,0.0,0.0,0.0,Summer,No Holiday,Yes
2018-07-05,326,5,23.5,80.0,0.3,838.0,19.8,0.0,0.0,0.0,Summer,No Holiday,Yes
2018-07-05,438,6,23.5,80.0,0.3,768.0,19.8,0.0,0.0,0.0,Summer,No Holiday,Yes
2018-07-05,828,7,23.5,90.0,0.5,445.0,21.7,0.05,0.5,0.0,Summer,No Holiday,Yes
2018-07-05,1836,8,23.6,93.0,0.9,308.0,22.3,0.21,0.0,0.0,Summer,No Holiday,Yes
2018-07-05,1112,9,24.2,84.0,0.9,632.0,21.3,0.49,0.0,0.0,Summer,No Holiday,Yes
2018-07-05,827,10,25.6,75.0,1.1,1028.0,20.8,1.22,0.0,0.0,Summer,No Holiday,Yes
2018-07-05,890,11,26.3,71.0,1.1,1340.0,20.6,0.86,0.0,0.0,Summer,No Holiday,Yes
2018-07-05,996,12,27.0,68.0,1.1,1744.0,20.5,1.2,0.0,0.0,Summer,No Holiday,Yes
2018-07-05,929,13,28.1,67.0,1.1,1772.0,21.3,1.43,0.0,0.0,Summer,No Holiday,Yes
2018-07-05,933,14,28.3,67.0,3.0,1242.0,21.5,1.73,0.0,0.0,Summer,No Holiday,Yes
2018-07-05,1011,15,28.8,66.0,0.9,1806.0,21.8,1.55,0.0,0.0,Summer,No Holiday,Yes
2018-07-05,1105,16,28.2,71.0,1.7,2000.0,22.4,0.96,0.0,0.0,Summer,No Holiday,Yes
2018-07-05,1381,17,27.3,76.0,0.9,1971.0,22.6,0.52,0.0,0.0,Summer,No Holiday,Yes
2018-07-05,2594,18,26.8,71.0,1.2,2000.0,21.0,0.21,0.0,0.0,Summer,No Holiday,Yes
2018-07-05,2309,19,26.7,69.0,1.4,2000.0,20.5,0.36,0.0,0.0,Summer,No Holiday,Yes
2018-07-05,2122,20,25.8,68.0,1.4,2000.0,19.4,0.09,0.0,0.0,Summer,No Holiday,Yes
2018-07-05,2063,21,25.2,67.0,1.5,2000.0,18.6,0.0,0.0,0.0,Summer,No Holiday,Yes
2018-07-05,1941,22,24.4,67.0,1.6,2000.0,17.8,0.0,0.0,0.0,Summer,No Holiday,Yes
2018-07-05,1406,23,23.9,66.0,1.5,2000.0,17.1,0.0,0.0,0.0,Summer,No Holiday,Yes
2018-07-06,1075,0,23.5,65.0,1.9,2000.0,16.5,0.0,0.0,0.0,Summer,No Holiday,Yes
2018-07-06,839,1,23.1,66.0,1.6,2000.0,16.3,0.0,0.0,0.0,Summer,No Holiday,Yes
2018-07-06,558,2,22.8,65.0,1.8,2000.0,15.8,0.0,0.0,0.0,Summer,No Holiday,Yes
2018-07-06,403,3,22.6,66.0,1.5,2000.0,15.9,0.0,0.0,0.0,Summer,No Holiday,Yes
2018-07-06,273,4,22.6,66.0,0.9,2000.0,15.9,0.0,0.0,0.0,Summer,No Holiday,Yes
2018-07-06,311,5,22.5,66.0,1.5,2000.0,15.8,0.0,0.0,0.0,Summer,No Holiday,Yes
2018-07-06,723,6,22.4,65.0,1.6,2000.0,15.4,0.01,0.0,0.0,Summer,No Holiday,Yes
2018-07-06,1449,7,22.6,63.0,1.3,2000.0,15.1,0.21,0.0,0.0,Summer,No Holiday,Yes
2018-07-06,2273,8,23.2,60.0,1.7,2000.0,14.9,0.58,0.0,0.0,Summer,No Holiday,Yes
2018-07-06,1318,9,23.3,61.0,1.7,2000.0,15.3,0.8,0.0,0.0,Summer,No Holiday,Yes
2018-07-06,998,10,23.7,59.0,1.7,2000.0,15.2,0.89,0.0,0.0,Summer,No Holiday,Yes
2018-07-06,1024,11,23.9,59.0,2.1,2000.0,15.3,1.08,0.0,0.0,Summer,No Holiday,Yes
2018-07-06,1216,12,25.7,57.0,1.9,2000.0,16.5,2.32,0.0,0.0,Summer,No Holiday,Yes
2018-07-06,1210,13,26.2,53.0,2.1,2000.0,15.8,2.23,0.0,0.0,Summer,No Holiday,Yes
2018-07-06,1209,14,27.0,52.0,2.1,2000.0,16.2,2.51,0.0,0.0,Summer,No Holiday,Yes
2018-07-06,1346,15,26.9,51.0,2.0,2000.0,15.9,1.95,0.0,0.0,Summer,No Holiday,Yes
2018-07-06,1635,16,26.6,54.0,2.3,2000.0,16.5,1.24,0.0,0.0,Summer,No Holiday,Yes
2018-07-06,2282,17,26.6,52.0,2.2,2000.0,15.9,1.02,0.0,0.0,Summer,No Holiday,Yes
2018-07-06,3196,18,25.9,52.0,2.1,2000.0,15.2,0.57,0.0,0.0,Summer,No Holiday,Yes
2018-07-06,2557,19,25.0,52.0,2.2,2000.0,14.4,0.37,0.0,0.0,Summer,No Holiday,Yes
2018-07-06,2223,20,23.8,55.0,2.3,2000.0,14.2,0.05,0.0,0.0,Summer,No Holiday,Yes
2018-07-06,2183,21,23.1,54.0,2.1,2000.0,13.2,0.0,0.0,0.0,Summer,No Holiday,Yes
2018-07-06,1917,22,22.5,54.0,2.1,2000.0,12.7,0.0,0.0,0.0,Summer,No Holiday,Yes
2018-07-06,1458,23,22.0,55.0,1.7,2000.0,12.5,0.0,0.0,0.0,Summer,No Holiday,Yes
2018-07-07,1191,0,21.5,56.0,1.8,2000.0,12.3,0.0,0.0,0.0,Summer,No Holiday,Yes
2018-07-07,1079,1,21.1,57.0,2.0,2000.0,12.2,0.0,0.0,0.0,Summer,No Holiday,Yes
2018-07-07,760,2,20.7,58.0,1.5,2000.0,12.1,0.0,0.0,0.0,Summer,No Holiday,Yes
2018-07-07,545,3,20.4,59.0,1.0,2000.0,12.1,0.0,0.0,0.0,Summer,No Holiday,Yes
2018-07-07,331,4,20.0,63.0,1.8,2000.0,12.7,0.0,0.0,0.0,Summer,No Holiday,Yes
2018-07-07,273,5,19.8,63.0,1.4,2000.0,12.5,0.0,0.0,0.0,Summer,No Holiday,Yes
2018-07-07,396,6,19.5,61.0,1.5,2000.0,11.7,0.03,0.0,0.0,Summer,No Holiday,Yes
2018-07-07,567,7,19.6,57.0,1.6,2000.0,10.8,0.42,0.0,0.0,Summer,No Holiday,Yes
2018-07-07,832,8,21.2,52.0,1.6,1998.0,10.9,1.2,0.0,0.0,Summer,No Holiday,Yes
2018-07-07,1009,9,22.6,51.0,1.7,2000.0,11.9,1.87,0.0,0.0,Summer,No Holiday,Yes
2018-07-07,1050,10,24.0,49.0,1.7,2000.0,12.6,2.48,0.0,0.0,Summer,No Holiday,Yes
2018-07-07,1129,11,25.0,48.0,1.5,1986.0,13.2,2.95,0.0,0.0,Summer,No Holiday,Yes
2018-07-07,1328,12,26.4,47.0,1.7,2000.0,14.1,3.26,0.0,0.0,Summer,No Holiday,Yes
2018-07-07,1399,13,27.5,43.0,2.0,2000.0,13.7,3.41,0.0,0.0,Summer,No Holiday,Yes
2018-07-07,1430,14,28.3,43.0,1.6,1941.0,14.5,3.33,0.0,0.0,Summer,No Holiday,Yes
2018-07-07,1579,15,28.7,42.0,1.3,2000.0,14.5,2.98,0.0,0.0,Summer,No Holiday,Yes
2018-07-07,1764,16,28.9,44.0,1.6,1998.0,15.4,2.2,0.0,0.0,Summer,No Holiday,Yes
2018-07-07,2020,17,28.9,45.0,1.4,2000.0,15.7,1.89,0.0,0.0,Summer,No Holiday,Yes
2018-07-07,2238,18,27.8,48.0,1.2,2000.0,15.7,0.91,0.0,0.0,Summer,No Holiday,Yes
2018-07-07,2352,19,26.1,51.0,1.4,2000.0,15.1,0.32,0.0,0.0,Summer,No Holiday,Yes
2018-07-07,2232,20,24.6,51.0,1.7,2000.0,13.7,0.07,0.0,0.0,Summer,No Holiday,Yes
2018-07-07,2235,21,23.4,52.0,1.4,2000.0,12.9,0.0,0.0,0.0,Summer,No Holiday,Yes
2018-07-07,1921,22,22.6,51.0,1.7,2000.0,11.9,0.0,0.0,0.0,Summer,No Holiday,Yes
2018-07-07,1416,23,21.7,51.0,1.7,2000.0,11.1,0.0,0.0,0.0,Summer,No Holiday,Yes
2018-07-08,1208,0,20.7,51.0,1.7,2000.0,10.1,0.0,0.0,0.0,Summer,No Holiday,Yes
2018-07-08,946,1,19.9,52.0,1.6,2000.0,9.7,0.0,0.0,0.0,Summer,No Holiday,Yes
2018-07-08,648,2,19.3,54.0,1.4,2000.0,9.7,0.0,0.0,0.0,Summer,No Holiday,Yes
2018-07-08,460,3,18.8,56.0,1.2,2000.0,9.8,0.0,0.0,0.0,Summer,No Holiday,Yes
2018-07-08,277,4,18.4,57.0,1.1,2000.0,9.7,0.0,0.0,0.0,Summer,No Holiday,Yes
2018-07-08,253,5,18.1,57.0,1.4,2000.0,9.4,0.0,0.0,0.0,Summer,No Holiday,Yes
2018-07-08,267,6,17.8,58.0,1.1,2000.0,9.4,0.04,0.0,0.0,Summer,No Holiday,Yes
2018-07-08,410,7,18.2,54.0,1.2,2000.0,8.7,0.42,0.0,0.0,Summer,No Holiday,Yes
2018-07-08,684,8,19.1,53.0,1.7,1952.0,9.2,0.8,0.0,0.0,Summer,No Holiday,Yes
2018-07-08,787,9,20.8,51.0,1.5,1973.0,10.2,1.65,0.0,0.0,Summer,No Holiday,Yes
2018-07-08,867,10,22.5,48.0,1.6,1940.0,10.9,2.33,0.0,0.0,Summer,No Holiday,Yes
2018-07-08,1053,11,23.8,47.0,2.1,2000.0,11.8,2.59,0.0,0.0,Summer,No Holiday,Yes
2018-07-08,1237,12,25.0,46.0,1.9,1943.0,12.5,2.93,0.0,0.0,Summer,No Holiday,Yes
2018-07-08,1442,13,26.1,45.0,1.8,2000.0,13.2,3.33,0.0,0.0,Summer,No Holiday,Yes
2018-07-08,1517,14,27.1,41.0,1.4,1941.0,12.7,3.24,0.0,0.0,Summer,No Holiday,Yes
2018-07-08,1693,15,27.6,37.0,1.9,2000.0,11.5,2.58,0.0,0.0,Summer,No Holiday,Yes
2018-07-08,2070,16,27.9,39.0,1.2,2000.0,12.6,2.16,0.0,0.0,Summer,No Holiday,Yes
2018-07-08,2266,17,27.4,44.0,1.7,2000.0,14.0,1.17,0.0,0.0,Summer,No Holiday,Yes
2018-07-08,2351,18,26.7,48.0,1.0,2000.0,14.7,0.53,0.0,0.0,Summer,No Holiday,Yes
2018-07-08,2272,19,26.3,51.0,1.7,2000.0,15.3,0.18,0.0,0.0,Summer,No Holiday,Yes
2018-07-08,2348,20,25.7,53.0,1.3,2000.0,15.3,0.03,0.0,0.0,Summer,No Holiday,Yes
2018-07-08,2055,21,25.3,55.0,1.4,2000.0,15.6,0.0,0.0,0.0,Summer,No Holiday,Yes
2018-07-08,1717,22,25.0,57.0,1.0,2000.0,15.8,0.0,0.0,0.0,Summer,No Holiday,Yes
2018-07-08,1252,23,24.6,60.0,2.6,2000.0,16.3,0.0,0.0,0.0,Summer,No Holiday,Yes
2018-07-09,900,0,24.2,61.0,1.7,2000.0,16.1,0.0,0.0,0.0,Summer,No Holiday,Yes
2018-07-09,554,1,23.7,64.0,0.8,2000.0,16.4,0.0,0.0,0.0,Summer,No Holiday,Yes
2018-07-09,387,2,22.7,63.0,0.9,2000.0,15.2,0.0,0.0,0.0,Summer,No Holiday,Yes
2018-07-09,285,3,21.9,63.0,1.3,2000.0,14.5,0.0,0.0,0.0,Summer,No Holiday,Yes
2018-07-09,206,4,21.4,63.0,1.5,2000.0,14.0,0.0,0.0,0.0,Summer,No Holiday,Yes
2018-07-09,301,5,21.1,64.0,1.5,2000.0,14.0,0.0,0.0,0.0,Summer,No Holiday,Yes
2018-07-09,486,6,21.0,64.0,1.0,2000.0,13.9,0.03,0.0,0.0,Summer,No Holiday,Yes
2018-07-09,451,7,20.9,66.0,1.4,2000.0,14.3,0.1,0.0,0.0,Summer,No Holiday,Yes
2018-07-09,670,8,20.7,73.0,0.8,2000.0,15.6,0.3,0.2,0.0,Summer,No Holiday,Yes
2018-07-09,575,9,21.1,72.0,1.0,1982.0,15.8,0.52,0.0,0.0,Summer,No Holiday,Yes
2018-07-09,217,10,21.1,73.0,1.2,1957.0,16.0,0.4,0.0,0.0,Summer,No Holiday,Yes
2018-07-09,186,11,20.6,82.0,1.0,2000.0,17.4,0.29,0.3,0.0,Summer,No Holiday,Yes
2018-07-09,71,12,20.7,83.0,0.6,1244.0,17.7,0.32,0.0,0.0,Summer,No Holiday,Yes
2018-07-09,99,13,20.3,87.0,1.0,771.0,18.0,0.31,0.5,0.0,Summer,No Holiday,Yes
2018-07-09,110,14,20.2,89.0,1.0,1854.0,18.3,0.27,0.5,0.0,Summer,No Holiday,Yes
2018-07-09,59,15,20.3,90.0,0.9,1356.0,18.5,0.34,0.0,0.0,Summer,No Holiday,Yes
2018-07-09,68,16,20.2,91.0,1.2,1637.0,18.6,0.42,1.0,0.0,Summer,No Holiday,Yes
2018-07-09,104,17,20.3,93.0,1.4,1684.0,19.1,0.32,1.0,0.0,Summer,No Holiday,Yes
2018-07-09,140,18,20.3,93.0,1.3,1832.0,19.1,0.22,0.5,0.0,Summer,No Holiday,Yes
2018-07-09,68,19,20.4,94.0,1.1,1769.0,19.3,0.14,0.5,0.0,Summer,No Holiday,Yes
2018-07-09,48,20,20.3,95.0,0.8,1372.0,19.4,0.02,1.0,0.0,Summer,No Holiday,Yes
2018-07-09,95,21,20.3,96.0,1.0,1007.0,19.6,0.0,1.5,0.0,Summer,No Holiday,Yes
2018-07-09,71,22,20.4,96.0,1.1,1641.0,19.7,0.0,0.5,0.0,Summer,No Holiday,Yes
2018-07-09,40,23,20.4,96.0,0.6,1137.0,19.7,0.0,1.0,0.0,Summer,No Holiday,Yes
2018-07-10,29,0,20.4,97.0,0.3,183.0,19.9,0.0,5.5,0.0,Summer,No Holiday,Yes
2018-07-10,39,1,20.4,97.0,0.3,193.0,19.9,0.0,8.5,0.0,Summer,No Holiday,Yes
2018-07-10,84,2,20.5,98.0,0.5,596.0,20.1,0.0,6.5,0.0,Summer,No Holiday,Yes
2018-07-10,136,3,20.6,98.0,0.8,1986.0,20.2,0.0,0.5,0.0,Summer,No Holiday,Yes
2018-07-10,133,4,20.6,97.0,0.5,1989.0,20.1,0.0,0.0,0.0,Summer,No Holiday,Yes
2018-07-10,174,5,20.6,97.0,0.6,2000.0,20.1,0.0,0.0,0.0,Summer,No Holiday,Yes
2018-07-10,534,6,20.7,97.0,0.9,2000.0,20.2,0.02,0.0,0.0,Summer,No Holiday,Yes
2018-07-10,1209,7,21.1,95.0,0.4,2000.0,20.2,0.14,0.0,0.0,Summer,No Holiday,Yes
2018-07-10,2017,8,21.7,89.0,0.5,2000.0,19.8,0.31,0.0,0.0,Summer,No Holiday,Yes
2018-07-10,1061,9,22.3,86.0,1.0,2000.0,19.8,0.42,0.0,0.0,Summer,No Holiday,Yes
2018-07-10,768,10,22.6,85.0,0.9,1996.0,19.9,0.38,0.0,0.0,Summer,No Holiday,Yes
2018-07-10,909,11,23.2,82.0,1.1,1991.0,19.9,0.47,0.0,0.0,Summer,No Holiday,Yes
2018-07-10,1035,12,24.1,80.0,0.8,2000.0,20.4,0.72,0.0,0.0,Summer,No Holiday,Yes
2018-07-10,1074,13,25.2,77.0,1.2,1951.0,20.8,1.06,0.0,0.0,Summer,No Holiday,Yes
2018-07-10,1142,14,25.5,77.0,0.8,1957.0,21.1,0.75,0.0,0.0,Summer,No Holiday,Yes
2018-07-10,1169,15,25.7,77.0,0.5,1875.0,21.3,0.48,0.0,0.0,Summer,No Holiday,Yes
2018-07-10,1462,16,26.3,74.0,0.7,1580.0,21.2,0.52,0.0,0.0,Summer,No Holiday,Yes
2018-07-10,1603,17,26.5,76.0,1.0,1400.0,21.9,0.36,0.0,0.0,Summer,No Holiday,Yes
2018-07-10,1665,18,26.2,82.0,0.4,1408.0,22.8,0.21,0.0,0.0,Summer,No Holiday,Yes
2018-07-10,794,19,25.7,83.0,1.1,1011.0,22.5,0.08,0.5,0.0,Summer,No Holiday,Yes
2018-07-10,908,20,25.3,89.0,0.3,745.0,23.3,0.0,0.0,0.0,Summer,No Holiday,Yes
2018-07-10,1352,21,25.1,86.0,0.3,870.0,22.5,0.0,0.0,0.0,Summer,No Holiday,Yes
2018-07-10,971,22,25.0,86.0,0.5,796.0,22.4,0.0,0.0,0.0,Summer,No Holiday,Yes
2018-07-10,373,23,24.9,87.0,0.5,658.0,22.5,0.0,0.0,0.0,Summer,No Holiday,Yes
2018-07-11,240,0,24.6,96.0,0.7,308.0,23.9,0.0,0.5,0.0,Summer,No Holiday,Yes
2018-07-11,240,1,24.6,96.0,0.5,443.0,23.9,0.0,0.5,0.0,Summer,No Holiday,Yes
2018-07-11,236,2,24.5,96.0,0.5,476.0,23.8,0.0,0.0,0.0,Summer,No Holiday,Yes
2018-07-11,157,3,24.5,97.0,0.8,263.0,23.9,0.0,0.5,0.0,Summer,No Holiday,Yes
2018-07-11,71,4,24.5,97.0,1.0,317.0,23.9,0.0,0.0,0.0,Summer,No Holiday,Yes
2018-07-11,76,5,24.5,97.0,0.5,229.0,23.9,0.0,0.5,0.0,Summer,No Holiday,Yes
2018-07-11,187,6,24.5,97.0,0.1,290.0,23.9,0.0,0.5,0.0,Summer,No Holiday,Yes
2018-07-11,303,7,24.6,97.0,0.3,180.0,24.0,0.07,0.5,0.0,Summer,No Holiday,Yes
2018-07-11,827,8,25.1,97.0,0.8,490.0,24.5,0.26,0.0,0.0,Summer,No Holiday,Yes
2018-07-11,634,9,25.6,96.0,0.6,450.0,24.9,0.41,0.0,0.0,Summer,No Holiday,Yes
2018-07-11,581,10,26.3,91.0,0.6,749.0,24.7,0.63,0.5,0.0,Summer,No Holiday,Yes
2018-07-11,792,11,27.2,82.0,0.9,1093.0,23.8,0.93,0.0,0.0,Summer,No Holiday,Yes
2018-07-11,964,12,28.1,73.0,2.1,1326.0,22.7,0.87,0.0,0.0,Summer,No Holiday,Yes
2018-07-11,991,13,28.7,69.0,2.6,1546.0,22.4,1.02,0.0,0.0,Summer,No Holiday,Yes
2018-07-11,1052,14,29.2,67.0,2.8,1725.0,22.4,1.13,0.0,0.0,Summer,No Holiday,Yes
2018-07-11,1106,15,29.4,68.0,2.3,1525.0,22.8,1.29,0.0,0.0,Summer,No Holiday,Yes
2018-07-11,1344,16,28.7,70.0,3.2,1586.0,22.6,0.73,0.0,0.0,Summer,No Holiday,Yes
2018-07-11,1923,17,28.7,71.0,2.9,1666.0,22.9,0.71,0.0,0.0,Summer,No Holiday,Yes
2018-07-11,2931,18,28.4,75.0,2.4,1564.0,23.5,0.52,0.0,0.0,Summer,No Holiday,Yes
2018-07-11,2328,19,28.2,72.0,1.6,1745.0,22.6,0.13,0.0,0.0,Summer,No Holiday,Yes
2018-07-11,2048,20,27.7,76.0,1.8,1727.0,23.0,0.04,0.0,0.0,Summer,No Holiday,Yes
2018-07-11,1936,21,27.3,78.0,1.2,1606.0,23.1,0.0,0.0,0.0,Summer,No Holiday,Yes
2018-07-11,1870,22,27.1,79.0,1.2,1578.0,23.1,0.0,0.0,0.0,Summer,No Holiday,Yes
2018-07-11,1298,23,26.9,79.0,0.1,1541.0,22.9,0.0,0.0,0.0,Summer,No Holiday,Yes
2018-07-12,938,0,26.7,79.0,0.9,1590.0,22.7,0.0,0.0,0.0,Summer,No Holiday,Yes
2018-07-12,787,1,26.6,80.0,0.0,1485.0,22.8,0.0,0.0,0.0,Summer,No Holiday,Yes
2018-07-12,517,2,26.3,84.0,0.3,1361.0,23.3,0.0,0.0,0.0,Summer,No Holiday,Yes
2018-07-12,322,3,26.2,83.0,0.3,1294.0,23.0,0.0,0.0,0.0,Summer,No Holiday,Yes
2018-07-12,159,4,26.1,85.0,0.6,1081.0,23.3,0.0,0.0,0.0,Summer,No Holiday,Yes
2018-07-12,231,5,25.9,91.0,0.4,872.0,24.3,0.0,0.5,0.0,Summer,No Holiday,Yes
2018-07-12,593,6,25.6,93.0,1.1,852.0,24.3,0.01,0.0,0.0,Summer,No Holiday,Yes
2018-07-12,1279,7,25.9,87.0,1.7,834.0,23.5,0.26,0.0,0.0,Summer,No Holiday,Yes
2018-07-12,1811,8,26.3,84.0,2.1,973.0,23.3,0.48,0.0,0.0,Summer,No Holiday,Yes
2018-07-12,982,9,26.5,82.0,2.7,815.0,23.1,0.57,0.0,0.0,Summer,No Holiday,Yes
2018-07-12,746,10,26.7,88.0,1.6,802.0,24.5,0.89,0.5,0.0,Summer,No Holiday,Yes
2018-07-12,805,11,27.4,78.0,2.3,1164.0,23.2,1.11,0.0,0.0,Summer,No Holiday,Yes
2018-07-12,991,12,27.4,80.0,2.7,1083.0,23.6,0.97,0.0,0.0,Summer,No Holiday,Yes
2018-07-12,959,13,27.7,76.0,2.6,1258.0,23.0,1.0,0.0,0.0,Summer,No Holiday,Yes
2018-07-12,976,14,27.8,76.0,3.1,1517.0,23.1,1.0,0.0,0.0,Summer,No Holiday,Yes
2018-07-12,1163,15,28.0,76.0,2.3,1437.0,23.3,1.0,0.0,0.0,Summer,No Holiday,Yes
2018-07-12,1296,16,28.1,74.0,2.8,1559.0,23.0,1.06,0.0,0.0,Summer,No Holiday,Yes
2018-07-12,1915,17,27.9,75.0,2.5,1643.0,23.0,0.75,0.0,0.0,Summer,No Holiday,Yes
2018-07-12,3016,18,27.5,77.0,2.1,1897.0,23.0,0.46,0.0,0.0,Summer,No Holiday,Yes
2018-07-12,2313,19,27.4,78.0,1.1,1899.0,23.2,0.27,0.0,0.0,Summer,No Holiday,Yes
2018-07-12,2214,20,26.9,80.0,1.5,1806.0,23.1,0.09,0.0,0.0,Summer,No Holiday,Yes
2018-07-12,2115,21,26.3,81.0,0.8,1910.0,22.7,0.0,0.0,0.0,Summer,No Holiday,Yes
2018-07-12,1945,22,25.9,83.0,0.6,1827.0,22.7,0.0,0.0,0.0,Summer,No Holiday,Yes
2018-07-12,1355,23,25.5,84.0,0.8,1906.0,22.5,0.0,0.0,0.0,Summer,No Holiday,Yes
2018-07-13,1006,0,25.1,87.0,0.4,1800.0,22.7,0.0,0.0,0.0,Summer,No Holiday,Yes
2018-07-13,760,1,24.8,89.0,0.9,1555.0,22.8,0.0,0.0,0.0,Summer,No Holiday,Yes
2018-07-13,600,2,24.9,86.0,1.3,1469.0,22.3,0.0,0.0,0.0,Summer,No Holiday,Yes
2018-07-13,377,3,24.9,86.0,2.0,1079.0,22.3,0.0,0.0,0.0,Summer,No Holiday,Yes
2018-07-13,241,4,24.8,86.0,2.1,1103.0,22.2,0.0,0.0,0.0,Summer,No Holiday,Yes
2018-07-13,301,5,24.8,84.0,1.4,1303.0,21.9,0.0,0.0,0.0,Summer,No Holiday,Yes
2018-07-13,665,6,24.8,84.0,1.1,1426.0,21.9,0.0,0.0,0.0,Summer,No Holiday,Yes
2018-07-13,1321,7,25.0,83.0,1.0,1350.0,21.9,0.13,0.0,0.0,Summer,No Holiday,Yes
2018-07-13,2114,8,25.5,80.0,1.8,1402.0,21.7,0.37,0.0,0.0,Summer,No Holiday,Yes
2018-07-13,1240,9,26.6,73.0,2.2,1147.0,21.3,1.01,0.0,0.0,Summer,No Holiday,Yes
2018-07-13,836,10,27.4,70.0,2.4,1335.0,21.4,1.28,0.0,0.0,Summer,No Holiday,Yes
2018-07-13,887,11,27.5,70.0,2.4,1719.0,21.5,1.07,0.0,0.0,Summer,No Holiday,Yes
2018-07-13,1013,12,28.3,68.0,1.9,1546.0,21.8,1.35,0.0,0.0,Summer,No Holiday,Yes
2018-07-13,1046,13,28.9,68.0,2.8,1934.0,22.3,1.55,0.0,0.0,Summer,No Holiday,Yes
2018-07-13,999,14,29.5,62.0,2.7,1941.0,21.4,1.79,0.0,0.0,Summer,No Holiday,Yes
2018-07-13,1094,15,30.2,62.0,2.4,1806.0,22.1,1.91,0.0,0.0,Summer,No Holiday,Yes
2018-07-13,1291,16,30.0,67.0,2.0,1698.0,23.1,1.46,0.0,0.0,Summer,No Holiday,Yes
2018-07-13,1782,17,30.1,65.0,1.8,1923.0,22.7,1.36,0.0,0.0,Summer,No Holiday,Yes
2018-07-13,2884,18,30.8,60.0,2.5,1793.0,22.1,1.43,0.0,0.0,Summer,No Holiday,Yes
2018-07-13,2320,19,29.8,68.0,2.6,1749.0,23.2,0.81,0.0,0.0,Summer,No Holiday,Yes
2018-07-13,2069,20,28.2,76.0,2.2,1888.0,23.5,0.08,0.0,0.0,Summer,No Holiday,Yes
2018-07-13,1924,21,27.2,80.0,2.3,1870.0,23.4,0.0,0.0,0.0,Summer,No Holiday,Yes
2018-07-13,1879,22,26.7,82.0,1.3,1725.0,23.3,0.0,0.0,0.0,Summer,No Holiday,Yes
2018-07-13,1439,23,26.2,84.0,1.0,1646.0,23.2,0.0,0.0,0.0,Summer,No Holiday,Yes
2018-07-14,1169,0,25.7,85.0,0.4,1519.0,22.9,0.0,0.0,0.0,Summer,No Holiday,Yes
2018-07-14,1062,1,25.4,85.0,1.4,1663.0,22.6,0.0,0.0,0.0,Summer,No Holiday,Yes
2018-07-14,783,2,25.3,85.0,1.7,1594.0,22.5,0.0,0.0,0.0,Summer,No Holiday,Yes
2018-07-14,545,3,25.2,83.0,1.1,1835.0,22.0,0.0,0.0,0.0,Summer,No Holiday,Yes
2018-07-14,307,4,25.1,82.0,1.5,1336.0,21.8,0.0,0.0,0.0,Summer,No Holiday,Yes
2018-07-14,266,5,24.8,86.0,1.6,1170.0,22.2,0.0,0.0,0.0,Summer,No Holiday,Yes
2018-07-14,356,6,24.6,86.0,0.4,1119.0,22.0,0.02,0.0,0.0,Summer,No Holiday,Yes
2018-07-14,537,7,24.9,81.0,0.3,1289.0,21.4,0.24,0.0,0.0,Summer,No Holiday,Yes
2018-07-14,787,8,26.1,74.0,0.7,1254.0,21.0,0.87,0.0,0.0,Summer,No Holiday,Yes
2018-07-14,909,9,27.0,70.0,1.1,1393.0,21.0,1.15,0.0,0.0,Summer,No Holiday,Yes
2018-07-14,910,10,27.8,68.0,2.1,1490.0,21.3,1.29,0.0,0.0,Summer,No Holiday,Yes
2018-07-14,945,11,29.0,65.0,2.0,1642.0,21.7,2.22,0.0,0.0,Summer,No Holiday,Yes
2018-07-14,1039,12,30.2,58.0,2.3,1359.0,21.0,2.64,0.0,0.0,Summer,No Holiday,Yes
2018-07-14,1078,13,30.7,59.0,2.3,1534.0,21.7,2.67,0.0,0.0,Summer,No Holiday,Yes
2018-07-14,1038,14,30.7,59.0,2.9,1612.0,21.7,2.05,0.0,0.0,Summer,No Holiday,Yes
2018-07-14,1058,15,31.1,59.0,2.3,1929.0,22.1,2.34,0.0,0.0,Summer,No Holiday,Yes
2018-07-14,1177,16,31.7,55.0,2.3,1895.0,21.5,2.16,0.0,0.0,Summer,No Holiday,Yes
2018-07-14,1433,17,31.5,53.0,3.7,1974.0,20.7,2.02,0.0,0.0,Summer,No Holiday,Yes
2018-07-14,1624,18,31.1,55.0,2.2,1897.0,20.9,1.05,0.0,0.0,Summer,No Holiday,Yes
2018-07-14,1797,19,30.4,59.0,2.4,1972.0,21.4,0.69,0.0,0.0,Summer,No Holiday,Yes
2018-07-14,2023,20,29.2,63.0,1.7,1988.0,21.4,0.1,0.0,0.0,Summer,No Holiday,Yes
2018-07-14,2011,21,28.2,64.0,2.8,2000.0,20.7,0.0,0.0,0.0,Summer,No Holiday,Yes
2018-07-14,1682,22,27.6,70.0,2.7,1994.0,21.6,0.0,0.0,0.0,Summer,No Holiday,Yes
2018-07-14,1278,23,26.6,80.0,2.0,1527.0,22.8,0.0,0.0,0.0,Summer,No Holiday,Yes
2018-07-15,1143,0,26.0,82.0,1.9,1674.0,22.6,0.0,0.0,0.0,Summer,No Holiday,Yes
2018-07-15,868,1,25.5,83.0,2.3,1576.0,22.3,0.0,0.0,0.0,Summer,No Holiday,Yes
2018-07-15,632,2,25.1,85.0,1.1,1379.0,22.3,0.0,0.0,0.0,Summer,No Holiday,Yes
2018-07-15,443,3,24.8,86.0,0.2,1354.0,22.2,0.0,0.0,0.0,Summer,No Holiday,Yes
2018-07-15,278,4,24.6,86.0,0.1,1358.0,22.0,0.0,0.0,0.0,Summer,No Holiday,Yes
2018-07-15,223,5,24.5,85.0,0.7,1345.0,21.8,0.0,0.0,0.0,Summer,No Holiday,Yes
2018-07-15,292,6,24.8,83.0,0.2,1534.0,21.7,0.02,0.0,0.0,Summer,No Holiday,Yes
2018-07-15,402,7,25.2,80.0,0.2,1551.0,21.4,0.18,0.0,0.0,Summer,No Holiday,Yes
2018-07-15,613,8,26.2,75.0,0.9,1560.0,21.4,0.77,0.0,0.0,Summer,No Holiday,Yes
2018-07-15,715,9,27.0,71.0,1.0,1518.0,21.2,0.97,0.0,0.0,Summer,No Holiday,Yes
2018-07-15,701,10,28.5,66.0,1.7,1319.0,21.5,1.83,0.0,0.0,Summer,No Holiday,Yes
2018-07-15,712,11,28.7,64.0,1.3,1332.0,21.2,1.53,0.0,0.0,Summer,No Holiday,Yes
2018-07-15,803,12,30.1,58.0,1.6,1491.0,20.9,2.15,0.0,0.0,Summer,No Holiday,Yes
2018-07-15,810,13,31.4,53.0,3.2,1695.0,20.6,3.28,0.0,0.0,Summer,No Holiday,Yes
2018-07-15,822,14,32.4,50.0,2.0,1735.0,20.6,3.13,0.0,0.0,Summer,No Holiday,Yes
2018-07-15,946,15,32.9,49.0,2.6,1631.0,20.7,2.81,0.0,0.0,Summer,No Holiday,Yes
2018-07-15,1125,16,32.8,52.0,3.0,1803.0,21.6,2.28,0.0,0.0,Summer,No Holiday,Yes
2018-07-15,1247,17,32.7,52.0,3.0,1872.0,21.5,1.96,0.0,0.0,Summer,No Holiday,Yes
2018-07-15,1466,18,32.2,55.0,2.4,1769.0,22.0,1.28,0.0,0.0,Summer,No Holiday,Yes
2018-07-15,1847,19,31.2,62.0,2.1,1852.0,23.0,0.63,0.0,0.0,Summer,No Holiday,Yes
2018-07-15,2058,20,29.2,72.0,2.1,1932.0,23.6,0.09,0.0,0.0,Summer,No Holiday,Yes
2018-07-15,1924,21,28.1,74.0,3.1,1840.0,23.0,0.0,0.0,0.0,Summer,No Holiday,Yes
2018-07-15,1607,22,27.5,77.0,0.9,1778.0,23.0,0.0,0.0,0.0,Summer,No Holiday,Yes
2018-07-15,1113,23,27.0,78.0,1.6,1609.0,22.8,0.0,0.0,0.0,Summer,No Holiday,Yes
2018-07-16,732,0,26.5,81.0,0.9,1650.0,22.9,0.0,0.0,0.0,Summer,No Holiday,Yes
2018-07-16,498,1,25.9,83.0,1.3,1520.0,22.7,0.0,0.0,0.0,Summer,No Holiday,Yes
2018-07-16,469,2,25.4,84.0,0.6,1340.0,22.4,0.0,0.0,0.0,Summer,No Holiday,Yes
2018-07-16,276,3,25.1,85.0,0.7,1507.0,22.3,0.0,0.0,0.0,Summer,No Holiday,Yes
2018-07-16,211,4,24.6,84.0,0.7,1373.0,21.7,0.0,0.0,0.0,Summer,No Holiday,Yes
2018-07-16,324,5,24.3,85.0,1.0,1496.0,21.6,0.0,0.0,0.0,Summer,No Holiday,Yes
2018-07-16,703,6,24.0,85.0,0.9,1569.0,21.3,0.02,0.0,0.0,Summer,No Holiday,Yes
2018-07-16,1344,7,24.5,73.0,0.9,1901.0,19.3,0.36,0.0,0.0,Summer,No Holiday,Yes
2018-07-16,1935,8,26.4,69.0,0.5,1559.0,20.2,1.09,0.0,0.0,Summer,No Holiday,Yes
2018-07-16,1014,9,28.0,64.0,1.0,1682.0,20.5,1.35,0.0,0.0,Summer,No Holiday,Yes
2018-07-16,678,10,29.8,54.0,1.8,1737.0,19.4,2.34,0.0,0.0,Summer,No Holiday,Yes
2018-07-16,688,11,31.5,51.0,2.1,1498.0,20.1,2.83,0.0,0.0,Summer,No Holiday,Yes
2018-07-16,719,12,32.4,49.0,2.0,1844.0,20.3,3.09,0.0,0.0,Summer,No Holiday,Yes
2018-07-16,727,13,33.0,51.0,2.5,1100.0,21.5,3.09,0.0,0.0,Summer,No Holiday,Yes
2018-07-16,691,14,33.7,45.0,2.5,1843.0,20.1,3.23,0.0,0.0,Summer,No Holiday,Yes
2018-07-16,745,15,33.4,44.0,3.1,1928.0,19.4,2.95,0.0,0.0,Summer,No Holiday,Yes
2018-07-16,818,16,33.3,46.0,3.1,1914.0,20.1,2.51,0.0,0.0,Summer,No Holiday,Yes
2018-07-16,1425,17,33.0,46.0,3.1,1926.0,19.8,1.89,0.0,0.0,Summer,No Holiday,Yes
2018-07-16,2636,18,32.3,47.0,3.0,1961.0,19.5,1.26,0.0,0.0,Summer,No Holiday,Yes
2018-07-16,2368,19,31.2,52.0,2.4,1990.0,20.1,0.57,0.0,0.0,Summer,No Holiday,Yes
2018-07-16,2362,20,29.3,58.0,2.4,2000.0,20.1,0.09,0.0,0.0,Summer,No Holiday,Yes
2018-07-16,2241,21,28.0,64.0,1.5,2000.0,20.5,0.0,0.0,0.0,Summer,No Holiday,Yes
2018-07-16,1934,22,27.2,69.0,1.7,2000.0,21.0,0.0,0.0,0.0,Summer,No Holiday,Yes
2018-07-16,1285,23,26.6,75.0,1.5,1996.0,21.7,0.0,0.0,0.0,Summer,No Holiday,Yes
2018-07-17,1003,0,26.4,76.0,1.2,2000.0,21.8,0.0,0.0,0.0,Summer,No Holiday,Yes
2018-07-17,692,1,25.8,78.0,0.4,2000.0,21.6,0.0,0.0,0.0,Summer,No Holiday,Yes
2018-07-17,497,2,25.3,78.0,1.0,2000.0,21.1,0.0,0.0,0.0,Summer,No Holiday,Yes
2018-07-17,372,3,24.8,80.0,1.0,1988.0,21.1,0.0,0.0,0.0,Summer,No Holiday,Yes
2018-07-17,222,4,24.4,80.0,1.0,1112.0,20.7,0.0,0.0,0.0,Summer,No Holiday,Yes
2018-07-17,372,5,24.1,81.0,0.9,1646.0,20.6,0.0,0.0,0.0,Summer,No Holiday,Yes
2018-07-17,713,6,24.0,81.0,0.9,1271.0,20.5,0.02,0.0,0.0,Summer,No Holiday,Yes
2018-07-17,1356,7,24.4,75.0,1.0,841.0,19.6,0.35,0.0,0.0,Summer,No Holiday,Yes
2018-07-17,1955,8,25.8,69.0,0.8,969.0,19.6,1.06,0.0,0.0,Summer,No Holiday,Yes
2018-07-17,1031,9,27.5,60.0,2.2,1252.0,19.0,1.59,0.0,0.0,Summer,No Holiday,Yes
2018-07-17,719,10,29.2,55.0,1.6,1404.0,19.2,2.36,0.0,0.0,Summer,No Holiday,Yes
2018-07-17,797,11,30.4,53.0,1.8,1359.0,19.7,2.74,0.0,0.0,Summer,No Holiday,Yes
2018-07-17,803,12,30.8,57.0,2.3,940.0,21.2,2.52,0.0,0.0,Summer,No Holiday,Yes
2018-07-17,763,13,31.1,53.0,3.2,1162.0,20.3,2.63,0.0,0.0,Summer,No Holiday,Yes
2018-07-17,786,14,31.8,49.0,3.5,1429.0,19.7,2.93,0.0,0.0,Summer,No Holiday,Yes
2018-07-17,878,15,31.9,51.0,3.3,1465.0,20.4,3.01,0.0,0.0,Summer,No Holiday,Yes
2018-07-17,1062,16,32.0,51.0,2.4,1402.0,20.5,2.55,0.0,0.0,Summer,No Holiday,Yes
2018-07-17,1591,17,31.8,52.0,2.4,1438.0,20.7,1.93,0.0,0.0,Summer,No Holiday,Yes
2018-07-17,2770,18,31.3,55.0,2.5,1550.0,21.1,1.2,0.0,0.0,Summer,No Holiday,Yes
2018-07-17,2326,19,30.6,57.0,1.4,1529.0,21.1,0.58,0.0,0.0,Summer,No Holiday,Yes
2018-07-17,2174,20,28.9,64.0,1.7,1567.0,21.3,0.1,0.0,0.0,Summer,No Holiday,Yes
2018-07-17,2273,21,27.9,69.0,1.9,1194.0,21.6,0.0,0.0,0.0,Summer,No Holiday,Yes
2018-07-17,1940,22,27.2,70.0,1.9,1110.0,21.2,0.0,0.0,0.0,Summer,No Holiday,Yes
2018-07-17,1340,23,26.6,76.0,1.6,936.0,22.0,0.0,0.0,0.0,Summer,No Holiday,Yes
2018-07-18,1002,0,26.2,79.0,0.7,850.0,22.2,0.0,0.0,0.0,Summer,No Holiday,Yes
2018-07-18,741,1,25.7,80.0,0.2,805.0,21.9,0.0,0.0,0.0,Summer,No Holiday,Yes
2018-07-18,526,2,25.2,82.0,0.4,791.0,21.9,0.0,0.0,0.0,Summer,No Holiday,Yes
2018-07-18,381,3,24.7,84.0,0.7,694.0,21.8,0.0,0.0,0.0,Summer,No Holiday,Yes
2018-07-18,266,4,24.3,83.0,0.7,621.0,21.2,0.0,0.0,0.0,Summer,No Holiday,Yes
2018-07-18,327,5,23.9,83.0,0.4,780.0,20.8,0.0,0.0,0.0,Summer,No Holiday,Yes
2018-07-18,695,6,23.7,83.0,0.1,713.0,20.6,0.03,0.0,0.0,Summer,No Holiday,Yes
2018-07-18,1308,7,24.2,74.0,0.7,656.0,19.2,0.35,0.0,0.0,Summer,No Holiday,Yes
2018-07-18,1944,8,25.8,71.0,0.4,760.0,20.1,0.93,0.0,0.0,Summer,No Holiday,Yes
2018-07-18,982,9,27.2,59.0,0.4,948.0,18.4,1.18,0.0,0.0,Summer,No Holiday,Yes
2018-07-18,722,10,28.9,61.0,1.5,941.0,20.6,2.04,0.0,0.0,Summer,No Holiday,Yes
2018-07-18,701,11,30.2,53.0,2.2,1143.0,19.5,2.77,0.0,0.0,Summer,No Holiday,Yes
2018-07-18,780,12,31.2,51.0,2.0,1101.0,19.8,2.96,0.0,0.0,Summer,No Holiday,Yes
2018-07-18,778,13,32.1,51.0,2.3,776.0,20.6,2.96,0.0,0.0,Summer,No Holiday,Yes
2018-07-18,762,14,32.7,49.0,1.5,765.0,20.5,2.62,0.0,0.0,Summer,No Holiday,Yes
2018-07-18,776,15,32.9,46.0,2.5,1248.0,19.7,2.9,0.0,0.0,Summer,No Holiday,Yes
2018-07-18,912,16,33.1,42.0,2.9,1712.0,18.4,2.52,0.0,0.0,Summer,No Holiday,Yes
2018-07-18,1596,17,32.6,46.0,2.8,1560.0,19.4,1.95,0.0,0.0,Summer,No Holiday,Yes
2018-07-18,2692,18,32.0,50.0,2.6,1374.0,20.2,1.25,0.0,0.0,Summer,No Holiday,Yes
2018-07-18,2281,19,30.6,54.0,2.8,1531.0,20.2,0.59,0.0,0.0,Summer,No Holiday,Yes
2018-07-18,2202,20,28.8,66.0,1.9,1209.0,21.8,0.09,0.0,0.0,Summer,No Holiday,Yes
2018-07-18,2188,21,28.0,69.0,1.8,1140.0,21.7,0.0,0.0,0.0,Summer,No Holiday,Yes
2018-07-18,1980,22,27.2,73.0,1.5,1005.0,21.9,0.0,0.0,0.0,Summer,No Holiday,Yes
2018-07-18,1354,23,26.4,76.0,0.6,959.0,21.8,0.0,0.0,0.0,Summer,No Holiday,Yes
2018-07-19,1068,0,25.9,76.0,1.3,984.0,21.3,0.0,0.0,0.0,Summer,No Holiday,Yes
2018-07-19,824,1,25.4,79.0,0.8,924.0,21.4,0.0,0.0,0.0,Summer,No Holiday,Yes
2018-07-19,591,2,24.8,80.0,1.5,888.0,21.1,0.0,0.0,0.0,Summer,No Holiday,Yes
2018-07-19,393,3,24.4,85.0,0.6,678.0,21.7,0.0,0.0,0.0,Summer,No Holiday,Yes
2018-07-19,231,4,24.0,87.0,0.9,582.0,21.6,0.0,0.0,0.0,Summer,No Holiday,Yes
2018-07-19,329,5,23.6,88.0,0.2,604.0,21.4,0.0,0.0,0.0,Summer,No Holiday,Yes
2018-07-19,672,6,23.3,83.0,0.2,875.0,20.2,0.02,0.0,0.0,Summer,No Holiday,Yes
2018-07-19,1315,7,23.6,75.0,0.9,856.0,18.9,0.36,0.0,0.0,Summer,No Holiday,Yes
2018-07-19,1993,8,25.5,65.0,0.9,833.0,18.4,1.1,0.0,0.0,Summer,No Holiday,Yes
2018-07-19,985,9,27.6,62.0,1.5,1043.0,19.6,1.76,0.0,0.0,Summer,No Holiday,Yes
2018-07-19,695,10,29.4,56.0,2.2,1153.0,19.7,2.38,0.0,0.0,Summer,No Holiday,Yes
2018-07-19,687,11,30.7,48.0,1.6,1705.0,18.4,2.92,0.0,0.0,Summer,No Holiday,Yes
2018-07-19,828,12,31.7,42.0,2.6,1868.0,17.2,3.23,0.0,0.0,Summer,No Holiday,Yes
2018-07-19,798,13,32.6,47.0,2.7,1641.0,19.8,3.36,0.0,0.0,Summer,No Holiday,Yes
2018-07-19,722,14,33.1,47.0,2.5,1785.0,20.2,3.26,0.0,0.0,Summer,No Holiday,Yes
2018-07-19,827,15,33.7,41.0,2.5,1924.0,18.6,3.04,0.0,0.0,Summer,No Holiday,Yes
2018-07-19,1017,16,33.7,43.0,2.7,1890.0,19.3,2.55,0.0,0.0,Summer,No Holiday,Yes
2018-07-19,1536,17,34.0,44.0,2.3,1891.0,20.0,1.95,0.0,0.0,Summer,No Holiday,Yes
2018-07-19,2640,18,33.0,51.0,2.4,1566.0,21.5,1.23,0.0,0.0,Summer,No Holiday,Yes
2018-07-19,2245,19,31.6,58.0,2.3,1556.0,22.3,0.56,0.0,0.0,Summer,No Holiday,Yes
2018-07-19,2114,20,29.8,62.0,2.9,1931.0,21.7,0.08,0.0,0.0,Summer,No Holiday,Yes
2018-07-19,2122,21,28.8,69.0,2.4,1619.0,22.5,0.0,0.0,0.0,Summer,No Holiday,Yes
2018-07-19,1870,22,28.0,76.0,1.5,1542.0,23.3,0.0,0.0,0.0,Summer,No Holiday,Yes
2018-07-19,1318,23,27.2,78.0,1.9,1601.0,23.0,0.0,0.0,0.0,Summer,No Holiday,Yes
2018-07-20,1041,0,26.7,80.0,1.4,1465.0,22.9,0.0,0.0,0.0,Summer,No Holiday,Yes
2018-07-20,773,1,26.1,81.0,1.6,1409.0,22.5,0.0,0.0,0.0,Summer,No Holiday,Yes
2018-07-20,557,2,25.7,84.0,0.1,1293.0,22.7,0.0,0.0,0.0,Summer,No Holiday,Yes
2018-07-20,428,3,25.4,84.0,0.9,1174.0,22.4,0.0,0.0,0.0,Summer,No Holiday,Yes
2018-07-20,267,4,25.1,83.0,0.0,1253.0,22.0,0.0,0.0,0.0,Summer,No Holiday,Yes
2018-07-20,327,5,24.9,83.0,0.3,1207.0,21.8,0.0,0.0,0.0,Summer,No Holiday,Yes
2018-07-20,672,6,24.6,82.0,0.2,1157.0,21.3,0.02,0.0,0.0,Summer,No Holiday,Yes
2018-07-20,1251,7,25.2,75.0,0.6,1056.0,20.4,0.34,0.0,0.0,Summer,No Holiday,Yes
2018-07-20,1896,8,26.6,70.0,1.3,1062.0,20.6,1.01,0.0,0.0,Summer,No Holiday,Yes
2018-07-20,1029,9,28.4,65.0,1.2,806.0,21.1,1.69,0.0,0.0,Summer,No Holiday,Yes
2018-07-20,641,10,29.8,59.0,1.2,973.0,20.9,2.32,0.0,0.0,Summer,No Holiday,Yes
2018-07-20,791,11,31.6,54.0,1.3,990.0,21.1,2.84,0.0,0.0,Summer,No Holiday,Yes
2018-07-20,822,12,32.6,51.0,2.1,800.0,21.1,3.21,0.0,0.0,Summer,No Holiday,Yes
2018-07-20,805,13,32.4,54.0,2.4,708.0,21.8,2.5,0.0,0.0,Summer,No Holiday,Yes
2018-07-20,741,14,33.4,52.0,2.7,685.0,22.1,2.67,0.0,0.0,Summer,No Holiday,Yes
2018-07-20,794,15,34.1,45.0,2.4,1110.0,20.4,2.88,0.0,0.0,Summer,No Holiday,Yes
2018-07-20,928,16,34.3,45.0,2.3,1466.0,20.6,2.47,0.0,0.0,Summer,No Holiday,Yes
2018-07-20,1468,17,34.3,44.0,2.1,1704.0,20.2,1.87,0.0,0.0,Summer,No Holiday,Yes
2018-07-20,2419,18,33.9,42.0,2.0,1969.0,19.1,1.25,0.0,0.0,Summer,No Holiday,Yes
2018-07-20,2084,19,32.9,44.0,2.0,1985.0,19.0,0.59,0.0,0.0,Summer,No Holiday,Yes
2018-07-20,1888,20,30.9,51.0,2.2,2000.0,19.5,0.07,0.0,0.0,Summer,No Holiday,Yes
2018-07-20,1869,21,29.8,59.0,1.4,2000.0,20.9,0.0,0.0,0.0,Summer,No Holiday,Yes
2018-07-20,1782,22,28.8,65.0,1.3,1988.0,21.5,0.0,0.0,0.0,Summer,No Holiday,Yes
2018-07-20,1426,23,28.2,70.0,1.3,1811.0,22.2,0.0,0.0,0.0,Summer,No Holiday,Yes
2018-07-21,1132,0,27.5,73.0,1.1,1834.0,22.2,0.0,0.0,0.0,Summer,No Holiday,Yes
2018-07-21,945,1,27.0,74.0,1.1,1833.0,21.9,0.0,0.0,0.0,Summer,No Holiday,Yes
2018-07-21,684,2,26.4,72.0,0.2,1766.0,20.9,0.0,0.0,0.0,Summer,No Holiday,Yes
2018-07-21,477,3,26.1,74.0,0.1,1683.0,21.0,0.0,0.0,0.0,Summer,No Holiday,Yes
2018-07-21,347,4,25.6,77.0,1.2,1203.0,21.2,0.0,0.0,0.0,Summer,No Holiday,Yes
2018-07-21,292,5,25.0,78.0,0.3,1474.0,20.8,0.0,0.0,0.0,Summer,No Holiday,Yes
2018-07-21,381,6,24.9,76.0,0.0,1473.0,20.3,0.02,0.0,0.0,Summer,No Holiday,Yes
2018-07-21,491,7,25.3,71.0,0.4,1226.0,19.6,0.34,0.0,0.0,Summer,No Holiday,Yes
2018-07-21,720,8,27.4,63.0,0.9,1043.0,19.7,1.03,0.0,0.0,Summer,No Holiday,Yes
2018-07-21,729,9,29.6,57.0,0.9,977.0,20.1,1.71,0.0,0.0,Summer,No Holiday,Yes
2018-07-21,699,10,31.4,51.0,1.1,847.0,20.0,2.32,0.0,0.0,Summer,No Holiday,Yes
2018-07-21,676,11,32.9,45.0,2.1,1020.0,19.3,2.72,0.0,0.0,Summer,No Holiday,Yes
2018-07-21,735,12,34.2,35.0,1.8,1528.0,16.5,3.14,0.0,0.0,Summer,No Holiday,Yes
2018-07-21,727,13,35.2,34.0,1.8,1636.0,16.9,3.21,0.0,0.0,Summer,No Holiday,Yes
2018-07-21,682,14,36.3,34.0,1.3,1493.0,17.9,3.17,0.0,0.0,Summer,No Holiday,Yes
2018-07-21,785,15,36.5,35.0,3.0,1355.0,18.5,2.71,0.0,0.0,Summer,No Holiday,Yes
2018-07-21,883,16,36.8,30.0,2.8,1756.0,16.3,2.41,0.0,0.0,Summer,No Holiday,Yes
2018-07-21,1011,17,36.3,36.0,3.1,1972.0,18.8,1.91,0.0,0.0,Summer,No Holiday,Yes
2018-07-21,1202,18,35.0,42.0,2.9,1953.0,20.1,1.26,0.0,0.0,Summer,No Holiday,Yes
2018-07-21,1423,19,33.4,51.0,2.6,2000.0,21.8,0.59,0.0,0.0,Summer,No Holiday,Yes
2018-07-21,1655,20,31.5,53.0,1.8,2000.0,20.7,0.08,0.0,0.0,Summer,No Holiday,Yes
2018-07-21,1731,21,30.2,54.0,1.8,2000.0,19.8,0.0,0.0,0.0,Summer,No Holiday,Yes
2018-07-21,1588,22,29.4,55.0,1.4,2000.0,19.4,0.0,0.0,0.0,Summer,No Holiday,Yes
2018-07-21,1288,23,28.8,56.0,1.6,2000.0,19.1,0.0,0.0,0.0,Summer,No Holiday,Yes
2018-07-22,1088,0,28.1,56.0,0.2,2000.0,18.4,0.0,0.0,0.0,Summer,No Holiday,Yes
2018-07-22,772,1,27.3,60.0,0.8,2000.0,18.8,0.0,0.0,0.0,Summer,No Holiday,Yes
2018-07-22,587,2,26.8,63.0,0.6,2000.0,19.1,0.0,0.0,0.0,Summer,No Holiday,Yes
2018-07-22,438,3,26.3,63.0,0.2,2000.0,18.6,0.0,0.0,0.0,Summer,No Holiday,Yes
2018-07-22,270,4,25.9,71.0,0.3,2000.0,20.2,0.0,0.0,0.0,Summer,No Holiday,Yes
2018-07-22,256,5,25.5,72.0,0.4,2000.0,20.0,0.0,0.0,0.0,Summer,No Holiday,Yes
2018-07-22,286,6,25.3,73.0,0.6,1979.0,20.1,0.02,0.0,0.0,Summer,No Holiday,Yes
2018-07-22,360,7,25.8,67.0,0.9,1773.0,19.1,0.34,0.0,0.0,Summer,No Holiday,Yes
2018-07-22,477,8,27.9,60.0,0.6,1835.0,19.4,1.06,0.0,0.0,Summer,No Holiday,Yes
2018-07-22,526,9,30.5,54.0,0.9,1907.0,20.1,1.71,0.0,0.0,Summer,No Holiday,Yes
2018-07-22,522,10,32.2,50.0,0.8,1881.0,20.4,2.29,0.0,0.0,Summer,No Holiday,Yes
2018-07-22,499,11,33.8,45.0,1.9,1928.0,20.2,2.74,0.0,0.0,Summer,No Holiday,Yes
2018-07-22,560,12,35.5,39.0,1.9,1803.0,19.4,3.05,0.0,0.0,Summer,No Holiday,Yes
2018-07-22,569,13,36.7,33.0,1.8,1911.0,17.7,3.24,0.0,0.0,Summer,No Holiday,Yes
2018-07-22,565,14,37.4,34.0,2.3,1860.0,18.8,3.05,0.0,0.0,Summer,No Holiday,Yes
2018-07-22,632,15,37.5,33.0,2.0,1816.0,18.4,2.32,0.0,0.0,Summer,No Holiday,Yes
2018-07-22,771,16,37.8,31.0,2.5,1929.0,17.7,2.46,0.0,0.0,Summer,No Holiday,Yes
2018-07-22,965,17,37.6,33.0,2.1,1837.0,18.5,1.82,0.0,0.0,Summer,No Holiday,Yes
2018-07-22,1212,18,36.3,35.0,3.0,1860.0,18.3,0.89,0.0,0.0,Summer,No Holiday,Yes
2018-07-22,1478,19,34.5,47.0,2.8,1762.0,21.5,0.42,0.0,0.0,Summer,No Holiday,Yes
2018-07-22,1688,20,33.3,50.0,2.3,1706.0,21.4,0.1,0.0,0.0,Summer,No Holiday,Yes
2018-07-22,1666,21,32.3,50.0,1.7,1784.0,20.5,0.0,0.0,0.0,Summer,No Holiday,Yes
2018-07-22,1346,22,31.7,51.0,1.4,1742.0,20.3,0.0,0.0,0.0,Summer,No Holiday,Yes
2018-07-22,1030,23,31.2,52.0,1.5,1670.0,20.1,0.0,0.0,0.0,Summer,No Holiday,Yes
2018-07-23,792,0,30.6,50.0,2.3,1631.0,18.9,0.0,0.0,0.0,Summer,No Holiday,Yes
2018-07-23,542,1,30.0,52.0,1.5,1774.0,19.0,0.0,0.0,0.0,Summer,No Holiday,Yes
2018-07-23,382,2,29.7,53.0,1.4,1682.0,19.0,0.0,0.0,0.0,Summer,No Holiday,Yes
2018-07-23,238,3,29.6,50.0,2.1,1970.0,18.0,0.0,0.0,0.0,Summer,No Holiday,Yes
2018-07-23,174,4,29.3,51.0,0.9,1498.0,18.1,0.0,0.0,0.0,Summer,No Holiday,Yes
2018-07-23,310,5,29.3,55.0,1.6,2000.0,19.3,0.0,0.0,0.0,Summer,No Holiday,Yes
2018-07-23,652,6,29.2,58.0,1.7,2000.0,20.0,0.01,0.0,0.0,Summer,No Holiday,Yes
2018-07-23,1241,7,29.3,58.0,0.8,2000.0,20.1,0.23,0.0,0.0,Summer,No Holiday,Yes
2018-07-23,1889,8,30.0,56.0,0.9,2000.0,20.2,0.54,0.0,0.0,Summer,No Holiday,Yes
2018-07-23,985,9,31.0,55.0,1.5,1945.0,20.8,1.14,0.0,0.0,Summer,No Holiday,Yes
2018-07-23,636,10,31.8,51.0,1.5,1900.0,20.4,1.71,0.0,0.0,Summer,No Holiday,Yes
2018-07-23,611,11,32.7,48.0,2.2,1908.0,20.2,2.53,0.0,0.0,Summer,No Holiday,Yes
2018-07-23,655,12,34.1,47.0,2.3,1862.0,21.1,2.94,0.0,0.0,Summer,No Holiday,Yes
2018-07-23,688,13,33.8,47.0,1.7,1887.0,20.9,1.57,0.0,0.0,Summer,No Holiday,Yes
2018-07-23,670,14,34.3,45.0,2.2,1967.0,20.6,1.64,0.0,0.0,Summer,No Holiday,Yes
2018-07-23,739,15,35.4,46.0,2.2,1861.0,22.0,2.48,0.0,0.0,Summer,No Holiday,Yes
2018-07-23,960,16,34.8,47.0,2.2,1839.0,21.8,1.32,0.0,0.0,Summer,No Holiday,Yes
2018-07-23,1310,17,34.8,49.0,3.0,1866.0,22.5,1.37,0.0,0.0,Summer,No Holiday,Yes
2018-07-23,2405,18,33.9,53.0,3.2,1886.0,22.9,0.94,0.0,0.0,Summer,No Holiday,Yes
2018-07-23,2112,19,32.6,58.0,3.2,1962.0,23.2,0.45,0.0,0.0,Summer,No Holiday,Yes
2018-07-23,2051,20,31.5,61.0,1.8,2000.0,23.0,0.07,0.0,0.0,Summer,No Holiday,Yes
2018-07-23,1994,21,30.8,60.0,1.8,2000.0,22.1,0.0,0.0,0.0,Summer,No Holiday,Yes
2018-07-23,1697,22,30.3,60.0,1.8,2000.0,21.6,0.0,0.0,0.0,Summer,No Holiday,Yes
2018-07-23,1157,23,30.0,58.0,1.6,2000.0,20.8,0.0,0.0,0.0,Summer,No Holiday,Yes
2018-07-24,874,0,29.6,61.0,1.0,2000.0,21.2,0.0,0.0,0.0,Summer,No Holiday,Yes
2018-07-24,715,1,29.1,64.0,1.2,2000.0,21.5,0.0,0.0,0.0,Summer,No Holiday,Yes
2018-07-24,487,2,28.6,66.0,0.9,2000.0,21.6,0.0,0.0,0.0,Summer,No Holiday,Yes
2018-07-24,332,3,28.2,65.0,0.3,1999.0,20.9,0.0,0.0,0.0,Summer,No Holiday,Yes
2018-07-24,218,4,27.8,67.0,0.2,1982.0,21.1,0.0,0.0,0.0,Summer,No Holiday,Yes
2018-07-24,306,5,27.5,70.0,0.1,1976.0,21.5,0.0,0.0,0.0,Summer,No Holiday,Yes
2018-07-24,673,6,27.2,71.0,0.8,1920.0,21.4,0.02,0.0,0.0,Summer,No Holiday,Yes
2018-07-24,1213,7,27.8,63.0,1.2,1781.0,20.1,0.32,0.0,0.0,Summer,No Holiday,Yes
2018-07-24,1820,8,29.9,59.0,0.8,1727.0,21.0,1.03,0.0,0.0,Summer,No Holiday,Yes
2018-07-24,926,9,31.7,59.0,1.0,1706.0,22.6,1.69,0.0,0.0,Summer,No Holiday,Yes
2018-07-24,610,10,32.4,54.0,0.9,1631.0,21.8,1.45,0.0,0.0,Summer,No Holiday,Yes
2018-07-24,620,11,33.9,46.0,1.6,1387.0,20.6,2.15,0.0,0.0,Summer,No Holiday,Yes
2018-07-24,671,12,34.5,50.0,1.4,1901.0,22.5,1.89,0.0,0.0,Summer,No Holiday,Yes
2018-07-24,688,13,36.4,41.0,1.3,1655.0,21.0,2.86,0.0,0.0,Summer,No Holiday,Yes
2018-07-24,649,14,35.8,49.0,2.8,1264.0,23.4,2.4,0.0,0.0,Summer,No Holiday,Yes
2018-07-24,735,15,35.8,47.0,2.2,1029.0,22.7,1.51,0.0,0.0,Summer,No Holiday,Yes
2018-07-24,834,16,34.9,51.0,2.0,1221.0,23.2,0.76,0.0,0.0,Summer,No Holiday,Yes
2018-07-24,1297,17,34.9,51.0,2.2,1235.0,23.2,0.98,0.0,0.0,Summer,No Holiday,Yes
2018-07-24,2300,18,34.9,53.0,2.2,1296.0,23.8,0.86,0.0,0.0,Summer,No Holiday,Yes
2018-07-24,1968,19,33.1,57.0,2.2,1670.0,23.4,0.44,0.0,0.0,Summer,No Holiday,Yes
2018-07-24,1834,20,31.1,63.0,2.0,1542.0,23.2,0.06,0.0,0.0,Summer,No Holiday,Yes
2018-07-24,1899,21,30.2,65.0,2.3,1642.0,22.8,0.0,0.0,0.0,Summer,No Holiday,Yes
2018-07-24,1773,22,29.8,66.0,3.2,1511.0,22.7,0.0,0.0,0.0,Summer,No Holiday,Yes
2018-07-24,1193,23,29.3,66.0,2.8,1854.0,22.2,0.0,0.0,0.0,Summer,No Holiday,Yes
2018-07-25,939,0,28.9,66.0,2.2,2000.0,21.9,0.0,0.0,0.0,Summer,No Holiday,Yes
2018-07-25,726,1,28.7,67.0,2.6,2000.0,21.9,0.0,0.0,0.0,Summer,No Holiday,Yes
2018-07-25,499,2,28.8,68.0,1.8,2000.0,22.2,0.0,0.0,0.0,Summer,No Holiday,Yes
2018-07-25,327,3,28.9,69.0,2.8,1871.0,22.6,0.0,0.0,0.0,Summer,No Holiday,Yes
2018-07-25,212,4,28.5,74.0,2.6,1549.0,23.4,0.0,0.0,0.0,Summer,No Holiday,Yes
2018-07-25,299,5,28.3,74.0,2.4,1378.0,23.2,0.0,0.0,0.0,Summer,No Holiday,Yes
2018-07-25,657,6,28.1,75.0,1.8,1092.0,23.2,0.01,0.0,0.0,Summer,No Holiday,Yes
2018-07-25,1171,7,28.3,72.0,2.0,1200.0,22.7,0.1,0.0,0.0,Summer,No Holiday,Yes
2018-07-25,1893,8,28.7,70.0,3.5,1470.0,22.6,0.52,0.0,0.0,Summer,No Holiday,Yes
2018-07-25,995,9,29.4,66.0,2.5,1308.0,22.3,0.91,0.0,0.0,Summer,No Holiday,Yes
2018-07-25,696,10,30.7,61.0,2.8,1521.0,22.3,1.5,0.0,0.0,Summer,No Holiday,Yes
2018-07-25,749,11,30.7,63.0,3.4,1323.0,22.8,1.13,0.0,0.0,Summer,No Holiday,Yes
2018-07-25,791,12,31.1,60.0,2.7,1331.0,22.4,1.02,0.0,0.0,Summer,No Holiday,Yes
2018-07-25,783,13,32.3,56.0,3.0,1504.0,22.3,1.74,0.0,0.0,Summer,No Holiday,Yes
2018-07-25,754,14,33.0,53.0,1.7,1357.0,22.1,1.73,0.0,0.0,Summer,No Holiday,Yes
2018-07-25,781,15,34.0,50.0,3.0,1705.0,22.1,1.72,0.0,0.0,Summer,No Holiday,Yes
2018-07-25,977,16,34.1,52.0,2.5,1304.0,22.8,2.23,0.0,0.0,Summer,No Holiday,Yes
2018-07-25,1412,17,33.2,56.0,2.2,1428.0,23.2,1.03,0.0,0.0,Summer,No Holiday,Yes
2018-07-25,2416,18,32.2,58.0,2.5,1553.0,22.8,0.44,0.0,0.0,Summer,No Holiday,Yes
2018-07-25,2039,19,31.7,60.0,2.3,1492.0,22.9,0.23,0.0,0.0,Summer,No Holiday,Yes
2018-07-25,1935,20,30.9,67.0,1.7,1470.0,24.0,0.05,0.0,0.0,Summer,No Holiday,Yes
2018-07-25,1811,21,29.7,74.0,2.2,1342.0,24.5,0.0,0.0,0.0,Summer,No Holiday,Yes
2018-07-25,1767,22,28.8,76.0,2.8,1231.0,24.1,0.0,0.0,0.0,Summer,No Holiday,Yes
2018-07-25,1289,23,28.0,77.0,1.9,1346.0,23.5,0.0,0.0,0.0,Summer,No Holiday,Yes
2018-07-26,939,0,27.7,78.0,1.2,1341.0,23.5,0.0,0.0,0.0,Summer,No Holiday,Yes
2018-07-26,718,1,27.6,79.0,1.0,1261.0,23.6,0.0,0.0,0.0,Summer,No Holiday,Yes
2018-07-26,498,2,27.6,78.0,0.1,1289.0,23.4,0.0,0.0,0.0,Summer,No Holiday,Yes
2018-07-26,355,3,27.7,76.0,0.2,1376.0,23.0,0.0,0.0,0.0,Summer,No Holiday,Yes
2018-07-26,252,4,27.7,75.0,1.0,1360.0,22.8,0.0,0.0,0.0,Summer,No Holiday,Yes
2018-07-26,306,5,27.4,78.0,0.8,1301.0,23.2,0.0,0.0,0.0,Summer,No Holiday,Yes
2018-07-26,602,6,27.4,77.0,0.7,1113.0,23.0,0.0,0.0,0.0,Summer,No Holiday,Yes
2018-07-26,1175,7,27.7,75.0,1.2,1103.0,22.8,0.1,0.0,0.0,Summer,No Holiday,Yes
2018-07-26,1823,8,28.3,72.0,0.8,1165.0,22.7,0.34,0.0,0.0,Summer,No Holiday,Yes
2018-07-26,966,9,29.1,69.0,1.0,853.0,22.8,0.67,0.0,0.0,Summer,No Holiday,Yes
2018-07-26,644,10,29.5,68.0,1.8,946.0,22.9,0.54,0.0,0.0,Summer,No Holiday,Yes
2018-07-26,614,11,30.2,67.0,1.5,1003.0,23.3,0.87,0.0,0.0,Summer,No Holiday,Yes
2018-07-26,600,12,32.0,57.0,1.6,1075.0,22.4,1.94,0.0,0.0,Summer,No Holiday,Yes
2018-07-26,628,13,32.4,54.0,0.7,896.0,21.8,1.41,0.0,0.0,Summer,No Holiday,Yes
2018-07-26,706,14,33.0,56.0,2.5,879.0,23.0,1.33,0.0,0.0,Summer,No Holiday,Yes
2018-07-26,774,15,33.1,58.0,1.9,882.0,23.7,0.87,0.0,0.0,Summer,No Holiday,Yes
2018-07-26,920,16,33.5,57.0,2.8,989.0,23.8,1.55,0.0,0.0,Summer,No Holiday,Yes
2018-07-26,1394,17,33.1,59.0,2.9,1038.0,24.0,1.14,0.0,0.0,Summer,No Holiday,Yes
2018-07-26,2367,18,33.2,59.0,1.8,1069.0,24.0,0.99,0.0,0.0,Summer,No Holiday,Yes
2018-07-26,1994,19,32.3,63.0,2.1,1037.0,24.3,0.41,0.0,0.0,Summer,No Holiday,Yes
2018-07-26,1790,20,31.0,68.0,1.4,1162.0,24.3,0.05,0.0,0.0,Summer,No Holiday,Yes
2018-07-26,1868,21,30.0,74.0,2.7,1056.0,24.8,0.0,0.0,0.0,Summer,No Holiday,Yes
2018-07-26,1709,22,29.4,78.0,1.6,1011.0,25.1,0.0,0.0,0.0,Summer,No Holiday,Yes
2018-07-26,1273,23,29.0,79.0,1.2,971.0,24.9,0.0,0.0,0.0,Summer,No Holiday,Yes
2018-07-27,909,0,28.6,80.0,0.6,990.0,24.8,0.0,0.0,0.0,Summer,No Holiday,Yes
2018-07-27,747,1,28.3,78.0,0.5,1072.0,24.0,0.0,0.0,0.0,Summer,No Holiday,Yes
2018-07-27,537,2,27.8,79.0,1.4,1049.0,23.8,0.0,0.0,0.0,Summer,No Holiday,Yes
2018-07-27,371,3,27.6,80.0,1.6,929.0,23.8,0.0,0.0,0.0,Summer,No Holiday,Yes
2018-07-27,218,4,27.3,85.0,1.6,671.0,24.5,0.0,0.0,0.0,Summer,No Holiday,Yes
2018-07-27,295,5,27.2,86.0,0.8,657.0,24.6,0.0,0.0,0.0,Summer,No Holiday,Yes
2018-07-27,647,6,27.2,85.0,0.1,702.0,24.4,0.02,0.0,0.0,Summer,No Holiday,Yes
2018-07-27,1111,7,27.6,80.0,1.0,783.0,23.8,0.27,0.0,0.0,Summer,No Holiday,Yes
2018-07-27,1763,8,28.5,76.0,0.9,725.0,23.8,0.59,0.0,0.0,Summer,No Holiday,Yes
2018-07-27,934,9,29.9,69.0,1.5,769.0,23.5,1.12,0.0,0.0,Summer,No Holiday,Yes
2018-07-27,639,10,31.2,61.0,2.3,901.0,22.7,1.71,0.0,0.0,Summer,No Holiday,Yes
2018-07-27,619,11,32.7,56.0,1.9,1034.0,22.7,2.57,0.0,0.0,Summer,No Holiday,Yes
2018-07-27,714,12,33.7,53.0,1.9,990.0,22.7,2.5,0.0,0.0,Summer,No Holiday,Yes
2018-07-27,653,13,35.3,48.0,2.5,880.0,22.6,2.89,0.0,0.0,Summer,No Holiday,Yes
2018-07-27,507,14,34.1,57.0,1.8,667.0,24.3,1.13,0.0,0.0,Summer,No Holiday,Yes
2018-07-27,776,15,35.3,52.0,1.9,822.0,23.9,2.15,0.0,0.0,Summer,No Holiday,Yes
2018-07-27,905,16,35.0,55.0,2.8,835.0,24.6,1.56,0.0,0.0,Summer,No Holiday,Yes
2018-07-27,1289,17,34.7,59.0,2.7,1095.0,25.5,1.49,0.0,0.0,Summer,No Holiday,Yes
2018-07-27,2183,18,33.7,62.0,3.2,1082.0,25.3,0.87,0.0,0.0,Summer,No Holiday,Yes
2018-07-27,1657,19,32.0,68.0,3.0,1286.0,25.3,0.38,0.0,0.0,Summer,No Holiday,Yes
2018-07-27,1565,20,30.7,73.0,2.8,1310.0,25.2,0.04,0.0,0.0,Summer,No Holiday,Yes
2018-07-27,1547,21,30.3,75.0,1.1,1289.0,25.3,0.0,0.0,0.0,Summer,No Holiday,Yes
2018-07-27,1507,22,29.9,74.0,2.0,1201.0,24.7,0.0,0.0,0.0,Summer,No Holiday,Yes
2018-07-27,1182,23,29.7,76.0,1.2,1159.0,25.0,0.0,0.0,0.0,Summer,No Holiday,Yes
2018-07-28,992,0,29.4,78.0,2.1,1072.0,25.1,0.0,0.0,0.0,Summer,No Holiday,Yes
2018-07-28,875,1,29.1,79.0,1.3,975.0,25.0,0.0,0.0,0.0,Summer,No Holiday,Yes
2018-07-28,656,2,28.8,80.0,1.9,925.0,24.9,0.0,0.0,0.0,Summer,No Holiday,Yes
2018-07-28,461,3,28.5,81.0,1.2,911.0,24.9,0.0,0.0,0.0,Summer,No Holiday,Yes
2018-07-28,340,4,28.3,83.0,1.7,814.0,25.1,0.0,0.0,0.0,Summer,No Holiday,Yes
2018-07-28,248,5,28.1,84.0,0.5,754.0,25.1,0.0,0.0,0.0,Summer,No Holiday,Yes
2018-07-28,313,6,28.0,85.0,0.8,647.0,25.2,0.01,0.0,0.0,Summer,No Holiday,Yes
2018-07-28,428,7,28.4,82.0,0.7,748.0,25.0,0.16,0.0,0.0,Summer,No Holiday,Yes
2018-07-28,606,8,29.6,75.0,0.4,749.0,24.6,0.66,0.0,0.0,Summer,No Holiday,Yes
2018-07-28,671,9,30.6,74.0,1.4,716.0,25.4,0.95,0.0,0.0,Summer,No Holiday,Yes
2018-07-28,654,10,32.0,65.0,0.9,966.0,24.5,1.19,0.0,0.0,Summer,No Holiday,Yes
2018-07-28,592,11,32.8,62.0,0.6,881.0,24.5,1.3,0.0,0.0,Summer,No Holiday,Yes
2018-07-28,632,12,33.6,62.0,1.9,820.0,25.3,1.35,0.0,0.0,Summer,No Holiday,Yes
2018-07-28,741,13,34.2,58.0,1.8,933.0,24.7,1.33,0.0,0.0,Summer,No Holiday,Yes
2018-07-28,314,14,34.4,65.0,1.8,960.0,26.8,1.75,0.2,0.0,Summer,No Holiday,Yes
2018-07-28,468,15,28.9,86.0,2.2,1592.0,26.3,0.26,7.3,0.0,Summer,No Holiday,Yes
2018-07-28,706,16,28.6,82.0,3.4,1022.0,25.2,0.14,0.0,0.0,Summer,No Holiday,Yes
2018-07-28,863,17,28.2,83.0,1.3,1099.0,25.0,0.11,0.0,0.0,Summer,No Holiday,Yes
2018-07-28,843,18,29.0,81.0,0.8,989.0,25.4,0.22,0.0,0.0,Summer,No Holiday,Yes
2018-07-28,974,19,29.3,78.0,0.0,988.0,25.0,0.15,0.0,0.0,Summer,No Holiday,Yes
2018-07-28,1095,20,29.2,82.0,0.4,1000.0,25.8,0.01,0.0,0.0,Summer,No Holiday,Yes
2018-07-28,1211,21,29.1,78.0,1.1,1362.0,24.8,0.0,0.0,0.0,Summer,No Holiday,Yes
2018-07-28,1158,22,29.0,74.0,0.9,1652.0,23.8,0.0,0.0,0.0,Summer,No Holiday,Yes
2018-07-28,1039,23,28.6,74.0,0.7,1807.0,23.5,0.0,0.0,0.0,Summer,No Holiday,Yes
2018-07-29,921,0,28.4,70.0,0.9,1945.0,22.3,0.0,0.0,0.0,Summer,No Holiday,Yes
2018-07-29,636,1,28.0,71.0,0.6,1799.0,22.2,0.0,0.0,0.0,Summer,No Holiday,Yes
2018-07-29,511,2,27.7,73.0,0.4,1832.0,22.4,0.0,0.0,0.0,Summer,No Holiday,Yes
2018-07-29,403,3,27.4,73.0,0.6,1893.0,22.1,0.0,0.0,0.0,Summer,No Holiday,Yes
2018-07-29,245,4,27.0,74.0,0.8,1816.0,21.9,0.0,0.0,0.0,Summer,No Holiday,Yes
2018-07-29,199,5,26.7,75.0,0.3,1871.0,21.8,0.0,0.0,0.0,Summer,No Holiday,Yes
2018-07-29,266,6,26.4,76.0,0.4,1813.0,21.8,0.01,0.0,0.0,Summer,No Holiday,Yes
2018-07-29,345,7,26.9,69.0,0.8,1960.0,20.7,0.29,0.0,0.0,Summer,No Holiday,Yes
2018-07-29,456,8,28.6,63.0,0.8,1867.0,20.8,1.0,0.0,0.0,Summer,No Holiday,Yes
2018-07-29,519,9,30.6,54.0,1.7,1831.0,20.2,1.68,0.0,0.0,Summer,No Holiday,Yes
2018-07-29,473,10,32.4,48.0,1.9,1952.0,19.9,2.33,0.0,0.0,Summer,No Holiday,Yes
2018-07-29,476,11,33.6,46.0,1.7,1965.0,20.3,2.6,0.0,0.0,Summer,No Holiday,Yes
2018-07-29,644,12,33.8,47.0,1.7,1962.0,20.9,1.92,0.0,0.0,Summer,No Holiday,Yes
2018-07-29,622,13,34.4,41.0,2.9,1970.0,19.2,2.33,0.0,0.0,Summer,No Holiday,Yes
2018-07-29,630,14,35.4,43.0,1.4,2000.0,20.9,2.48,0.0,0.0,Summer,No Holiday,Yes
2018-07-29,713,15,35.9,37.0,1.9,1949.0,18.9,1.98,0.0,0.0,Summer,No Holiday,Yes
2018-07-29,760,16,36.0,33.0,1.4,2000.0,17.1,1.97,0.0,0.0,Summer,No Holiday,Yes
2018-07-29,895,17,36.3,36.0,1.5,2000.0,18.8,1.87,0.0,0.0,Summer,No Holiday,Yes
2018-07-29,1141,18,35.8,35.0,1.3,2000.0,17.9,1.21,0.0,0.0,Summer,No Holiday,Yes
2018-07-29,1486,19,34.4,39.0,1.2,2000.0,18.4,0.58,0.0,0.0,Summer,No Holiday,Yes
2018-07-29,1697,20,32.3,48.0,1.4,2000.0,19.8,0.08,0.0,0.0,Summer,No Holiday,Yes
2018-07-29,1638,21,31.1,47.0,1.3,2000.0,18.4,0.0,0.0,0.0,Summer,No Holiday,Yes
2018-07-29,1406,22,30.4,45.0,1.6,2000.0,17.1,0.0,0.0,0.0,Summer,No Holiday,Yes
2018-07-29,1108,23,29.9,45.0,1.4,2000.0,16.6,0.0,0.0,0.0,Summer,No Holiday,Yes
2018-07-30,810,0,29.2,50.0,1.1,2000.0,17.7,0.0,0.0,0.0,Summer,No Holiday,Yes
2018-07-30,575,1,28.5,54.0,1.1,2000.0,18.2,0.0,0.0,0.0,Summer,No Holiday,Yes
2018-07-30,363,2,28.0,57.0,1.2,2000.0,18.6,0.0,0.0,0.0,Summer,No Holiday,Yes
2018-07-30,253,3,27.4,59.0,1.4,2000.0,18.6,0.0,0.0,0.0,Summer,No Holiday,Yes
2018-07-30,209,4,26.7,62.0,1.0,2000.0,18.8,0.0,0.0,0.0,Summer,No Holiday,Yes
2018-07-30,273,5,26.4,62.0,0.6,2000.0,18.5,0.0,0.0,0.0,Summer,No Holiday,Yes
2018-07-30,668,6,26.2,64.0,1.4,2000.0,18.8,0.01,0.0,0.0,Summer,No Holiday,Yes
2018-07-30,1130,7,26.8,59.0,1.1,2000.0,18.1,0.28,0.0,0.0,Summer,No Holiday,Yes
2018-07-30,1646,8,28.8,56.0,1.4,2000.0,19.1,1.08,0.0,0.0,Summer,No Holiday,Yes
2018-07-30,866,9,30.5,53.0,1.6,2000.0,19.8,1.74,0.0,0.0,Summer,No Holiday,Yes
2018-07-30,609,10,32.0,50.0,2.1,1992.0,20.2,2.34,0.0,0.0,Summer,No Holiday,Yes
2018-07-30,623,11,33.2,46.0,1.4,1968.0,20.0,2.16,0.0,0.0,Summer,No Holiday,Yes
2018-07-30,663,12,33.6,48.0,1.6,2000.0,21.0,1.89,0.0,0.0,Summer,No Holiday,Yes
2018-07-30,688,13,34.7,43.0,1.3,2000.0,20.2,2.05,0.0,0.0,Summer,No Holiday,Yes
2018-07-30,645,14,35.3,41.0,1.3,2000.0,20.0,2.01,0.0,0.0,Summer,No Holiday,Yes
2018-07-30,666,15,35.5,43.0,1.3,2000.0,20.9,1.61,0.0,0.0,Summer,No Holiday,Yes
2018-07-30,845,16,36.4,40.0,1.1,2000.0,20.6,1.79,0.0,0.0,Summer,No Holiday,Yes
2018-07-30,1224,17,35.4,44.0,0.8,2000.0,21.2,1.1,0.0,0.0,Summer,No Holiday,Yes
2018-07-30,2347,18,36.5,38.0,0.9,2000.0,19.8,1.17,0.0,0.0,Summer,No Holiday,Yes
2018-07-30,2016,19,35.2,43.0,0.9,2000.0,20.7,0.42,0.0,0.0,Summer,No Holiday,Yes
2018-07-30,1947,20,33.9,46.0,1.4,2000.0,20.6,0.03,0.0,0.0,Summer,No Holiday,Yes
2018-07-30,1875,21,33.1,48.0,1.1,2000.0,20.6,0.0,0.0,0.0,Summer,No Holiday,Yes
2018-07-30,1552,22,32.5,50.0,1.2,2000.0,20.7,0.0,0.0,0.0,Summer,No Holiday,Yes
2018-07-30,1202,23,31.7,52.0,1.2,2000.0,20.6,0.0,0.0,0.0,Summer,No Holiday,Yes
2018-07-31,901,0,31.0,54.0,0.8,2000.0,20.5,0.0,0.0,0.0,Summer,No Holiday,Yes
2018-07-31,695,1,30.2,57.0,0.7,2000.0,20.7,0.0,0.0,0.0,Summer,No Holiday,Yes
2018-07-31,476,2,29.8,57.0,0.8,2000.0,20.3,0.0,0.0,0.0,Summer,No Holiday,Yes
2018-07-31,334,3,29.3,57.0,1.6,2000.0,19.8,0.0,0.0,0.0,Summer,No Holiday,Yes
2018-07-31,244,4,28.8,58.0,0.9,2000.0,19.7,0.0,0.0,0.0,Summer,No Holiday,Yes
2018-07-31,284,5,28.3,60.0,1.6,2000.0,19.7,0.0,0.0,0.0,Summer,No Holiday,Yes
2018-07-31,584,6,27.9,63.0,0.5,2000.0,20.1,0.01,0.0,0.0,Summer,No Holiday,Yes
2018-07-31,1091,7,27.9,60.0,1.1,1983.0,19.4,0.28,0.0,0.0,Summer,No Holiday,Yes
2018-07-31,1665,8,29.3,51.0,0.9,2000.0,18.1,1.02,0.0,0.0,Summer,No Holiday,Yes
2018-07-31,860,9,30.9,47.0,1.0,2000.0,18.2,1.62,0.0,0.0,Summer,No Holiday,Yes
2018-07-31,582,10,32.7,43.0,1.2,2000.0,18.4,2.31,0.0,0.0,Summer,No Holiday,Yes
2018-07-31,583,11,34.1,40.0,1.5,1947.0,18.5,2.8,0.0,0.0,Summer,No Holiday,Yes
2018-07-31,626,12,35.2,39.0,1.2,2000.0,19.1,2.86,0.0,0.0,Summer,No Holiday,Yes
2018-07-31,623,13,36.1,38.0,1.0,2000.0,19.5,3.12,0.0,0.0,Summer,No Holiday,Yes
2018-07-31,579,14,36.4,35.0,1.3,1967.0,18.4,2.46,0.0,0.0,Summer,No Holiday,Yes
2018-07-31,665,15,37.8,34.0,1.8,1965.0,19.2,2.81,0.0,0.0,Summer,No Holiday,Yes
2018-07-31,763,16,37.0,38.0,1.2,2000.0,20.3,2.07,0.0,0.0,Summer,No Holiday,Yes
2018-07-31,1184,17,38.0,36.0,1.3,1989.0,20.3,2.03,0.0,0.0,Summer,No Holiday,Yes
2018-07-31,2092,18,36.2,45.0,2.0,2000.0,22.3,0.65,0.0,0.0,Summer,No Holiday,Yes
2018-07-31,1865,19,34.9,47.0,2.4,2000.0,21.9,0.42,0.0,0.0,Summer,No Holiday,Yes
2018-07-31,1772,20,33.5,50.0,2.1,2000.0,21.6,0.04,0.0,0.0,Summer,No Holiday,Yes
2018-07-31,1719,21,32.7,51.0,2.8,2000.0,21.2,0.0,0.0,0.0,Summer,No Holiday,Yes
2018-07-31,1613,22,31.6,66.0,3.0,2000.0,24.4,0.0,0.0,0.0,Summer,No Holiday,Yes
2018-07-31,1097,23,31.0,65.0,0.5,2000.0,23.6,0.0,0.0,0.0,Summer,No Holiday,Yes
2018-08-01,875,0,30.5,68.0,1.9,2000.0,23.9,0.0,0.0,0.0,Summer,No Holiday,Yes
2018-08-01,724,1,29.9,70.0,1.0,2000.0,23.8,0.0,0.0,0.0,Summer,No Holiday,Yes
2018-08-01,501,2,29.5,69.0,0.8,2000.0,23.2,0.0,0.0,0.0,Summer,No Holiday,Yes
2018-08-01,362,3,29.1,64.0,0.5,1997.0,21.5,0.0,0.0,0.0,Summer,No Holiday,Yes
2018-08-01,250,4,28.5,69.0,0.3,2000.0,22.2,0.0,0.0,0.0,Summer,No Holiday,Yes
2018-08-01,315,5,28.3,68.0,0.3,2000.0,21.8,0.0,0.0,0.0,Summer,No Holiday,Yes
2018-08-01,622,6,27.8,73.0,0.9,1971.0,22.5,0.01,0.0,0.0,Summer,No Holiday,Yes
2018-08-01,1061,7,28.2,68.0,0.5,1748.0,21.7,0.27,0.0,0.0,Summer,No Holiday,Yes
2018-08-01,1550,8,30.3,59.0,0.8,1920.0,21.3,1.02,0.0,0.0,Summer,No Holiday,Yes
2018-08-01,853,9,32.4,53.0,0.7,1264.0,21.5,1.69,0.0,0.0,Summer,No Holiday,Yes
2018-08-01,540,10,34.3,45.0,1.0,1919.0,20.6,2.31,0.0,0.0,Summer,No Holiday,Yes
2018-08-01,521,11,35.8,41.0,1.6,1795.0,20.4,2.77,0.0,0.0,Summer,No Holiday,Yes
2018-08-01,569,12,36.8,39.0,1.3,1944.0,20.5,2.8,0.0,0.0,Summer,No Holiday,Yes
2018-08-01,533,13,37.9,38.0,2.3,1868.0,21.1,3.05,0.0,0.0,Summer,No Holiday,Yes
2018-08-01,475,14,38.7,38.0,2.4,1943.0,21.8,3.12,0.0,0.0,Summer,No Holiday,Yes
2018-08-01,531,15,39.3,37.0,2.3,1892.0,21.9,2.82,0.0,0.0,Summer,No Holiday,Yes
2018-08-01,561,16,39.4,39.0,2.5,1897.0,22.8,2.42,0.0,0.0,Summer,No Holiday,Yes
2018-08-01,1033,17,39.0,41.0,2.6,1881.0,23.3,1.83,0.0,0.0,Summer,No Holiday,Yes
2018-08-01,1929,18,37.8,47.0,3.8,1931.0,24.5,1.09,0.0,0.0,Summer,No Holiday,Yes
2018-08-01,1553,19,36.1,56.0,3.7,1837.0,25.9,0.47,0.0,0.0,Summer,No Holiday,Yes
2018-08-01,1441,20,34.5,62.0,2.8,1701.0,26.1,0.02,0.0,0.0,Summer,No Holiday,Yes
2018-08-01,1500,21,33.3,64.0,3.0,1680.0,25.5,0.0,0.0,0.0,Summer,No Holiday,Yes
2018-08-01,1367,22,32.6,64.0,2.4,1703.0,24.8,0.0,0.0,0.0,Summer,No Holiday,Yes
2018-08-01,1046,23,32.3,67.0,1.0,1592.0,25.3,0.0,0.0,0.0,Summer,No Holiday,Yes
2018-08-02,850,0,31.9,67.0,1.5,1550.0,25.0,0.0,0.0,0.0,Summer,No Holiday,Yes
2018-08-02,647,1,31.5,69.0,1.5,1512.0,25.1,0.0,0.0,0.0,Summer,No Holiday,Yes
2018-08-02,459,2,31.5,68.0,0.0,1504.0,24.8,0.0,0.0,0.0,Summer,No Holiday,Yes
2018-08-02,295,3,31.1,70.0,0.4,1449.0,24.9,0.0,0.0,0.0,Summer,No Holiday,Yes
2018-08-02,215,4,31.1,54.0,1.9,2000.0,20.6,0.0,0.0,0.0,Summer,No Holiday,Yes
2018-08-02,265,5,30.7,57.0,0.9,2000.0,21.1,0.0,0.0,0.0,Summer,No Holiday,Yes
2018-08-02,578,6,30.4,54.0,1.3,2000.0,20.0,0.01,0.0,0.0,Summer,No Holiday,Yes
2018-08-02,1006,7,30.5,53.0,1.1,2000.0,19.8,0.22,0.0,0.0,Summer,No Holiday,Yes
2018-08-02,1579,8,31.6,50.0,1.1,1943.0,19.9,0.76,0.0,0.0,Summer,No Holiday,Yes
2018-08-02,813,9,32.9,49.0,1.8,1843.0,20.7,1.53,0.0,0.0,Summer,No Holiday,Yes
2018-08-02,549,10,34.4,46.0,2.0,1880.0,21.1,1.94,0.0,0.0,Summer,No Holiday,Yes
2018-08-02,547,11,35.3,45.0,1.7,1829.0,21.5,2.27,0.0,0.0,Summer,No Holiday,Yes
2018-08-02,562,12,36.6,41.0,2.0,1866.0,21.2,2.58,0.0,0.0,Summer,No Holiday,Yes
2018-08-02,550,13,36.7,44.0,1.4,1765.0,22.4,1.9,0.0,0.0,Summer,No Holiday,Yes
2018-08-02,535,14,37.3,40.0,1.8,1666.0,21.4,1.52,0.0,0.0,Summer,No Holiday,Yes
2018-08-02,605,15,36.6,44.0,1.5,1771.0,22.3,1.13,0.0,0.0,Summer,No Holiday,Yes
2018-08-02,676,16,37.9,39.0,1.6,1757.0,21.5,1.76,0.0,0.0,Summer,No Holiday,Yes
2018-08-02,1066,17,37.4,44.0,2.3,1829.0,23.0,1.49,0.0,0.0,Summer,No Holiday,Yes
2018-08-02,1881,18,36.7,47.0,2.5,1803.0,23.5,0.99,0.0,0.0,Summer,No Holiday,Yes
2018-08-02,1605,19,35.2,52.0,2.3,1754.0,23.8,0.44,0.0,0.0,Summer,No Holiday,Yes
2018-08-02,1480,20,33.9,58.0,2.4,1519.0,24.4,0.04,0.0,0.0,Summer,No Holiday,Yes
2018-08-02,1535,21,33.3,63.0,1.2,1304.0,25.2,0.0,0.0,0.0,Summer,No Holiday,Yes
2018-08-02,1375,22,32.9,64.0,1.0,1088.0,25.1,0.0,0.0,0.0,Summer,No Holiday,Yes
2018-08-02,1020,23,32.4,64.0,1.7,1153.0,24.7,0.0,0.0,0.0,Summer,No Holiday,Yes
2018-08-03,763,0,32.1,67.0,1.1,1077.0,25.1,0.0,0.0,0.0,Summer,No Holiday,Yes
2018-08-03,675,1,31.7,68.0,0.3,1103.0,25.0,0.0,0.0,0.0,Summer,No Holiday,Yes
2018-08-03,443,2,31.5,68.0,0.3,1001.0,24.8,0.0,0.0,0.0,Summer,No Holiday,Yes
2018-08-03,327,3,31.2,68.0,1.4,968.0,24.5,0.0,0.0,0.0,Summer,No Holiday,Yes
2018-08-03,236,4,31.0,73.0,0.5,990.0,25.5,0.0,0.0,0.0,Summer,No Holiday,Yes
2018-08-03,266,5,30.5,72.0,0.5,1084.0,24.8,0.0,0.0,0.0,Summer,No Holiday,Yes
2018-08-03,544,6,30.5,62.0,1.3,1583.0,22.3,0.01,0.0,0.0,Summer,No Holiday,Yes
2018-08-03,937,7,30.8,58.0,1.6,1777.0,21.5,0.22,0.0,0.0,Summer,No Holiday,Yes
2018-08-03,1471,8,31.8,55.0,1.3,1537.0,21.6,0.78,0.0,0.0,Summer,No Holiday,Yes
2018-08-03,784,9,33.0,50.0,1.7,1722.0,21.1,1.49,0.0,0.0,Summer,No Holiday,Yes
2018-08-03,530,10,34.3,48.0,2.5,1822.0,21.7,2.12,0.0,0.0,Summer,No Holiday,Yes
2018-08-03,575,11,35.7,42.0,1.6,1727.0,20.7,2.56,0.0,0.0,Summer,No Holiday,Yes
2018-08-03,585,12,36.8,41.0,2.1,1759.0,21.3,2.53,0.0,0.0,Summer,No Holiday,Yes
2018-08-03,585,13,36.8,44.0,1.8,1625.0,22.5,1.79,0.0,0.0,Summer,No Holiday,Yes
2018-08-03,575,14,37.4,40.0,2.8,1519.0,21.5,2.03,0.0,0.0,Summer,No Holiday,Yes
2018-08-03,600,15,37.4,44.0,3.2,1499.0,23.0,2.71,0.0,0.0,Summer,No Holiday,Yes
2018-08-03,763,16,36.7,44.0,3.5,1666.0,22.4,2.16,0.0,0.0,Summer,No Holiday,Yes
2018-08-03,1105,17,35.8,49.0,3.9,1633.0,23.4,1.52,0.0,0.0,Summer,No Holiday,Yes
2018-08-03,1920,18,34.4,53.0,3.3,1650.0,23.4,0.8,0.0,0.0,Summer,No Holiday,Yes
2018-08-03,1558,19,33.5,54.0,2.7,1871.0,22.9,0.35,0.0,0.0,Summer,No Holiday,Yes
2018-08-03,1517,20,32.2,58.0,1.9,1673.0,22.8,0.02,0.0,0.0,Summer,No Holiday,Yes
2018-08-03,1511,21,31.2,63.0,1.7,1537.0,23.3,0.0,0.0,0.0,Summer,No Holiday,Yes
2018-08-03,1421,22,30.6,64.0,1.2,1705.0,23.0,0.0,0.0,0.0,Summer,No Holiday,Yes
2018-08-03,1103,23,30.2,62.0,0.8,1708.0,22.1,0.0,0.0,0.0,Summer,No Holiday,Yes
2018-08-04,953,0,30.0,61.0,1.7,1794.0,21.6,0.0,0.0,0.0,Summer,No Holiday,Yes
2018-08-04,872,1,29.9,61.0,1.1,1745.0,21.5,0.0,0.0,0.0,Summer,No Holiday,Yes
2018-08-04,594,2,29.9,59.0,1.9,1902.0,21.0,0.0,0.0,0.0,Summer,No Holiday,Yes
2018-08-04,435,3,29.7,57.0,1.5,1964.0,20.2,0.0,0.0,0.0,Summer,No Holiday,Yes
2018-08-04,304,4,29.5,60.0,1.2,1774.0,20.9,0.0,0.0,0.0,Summer,No Holiday,Yes
2018-08-04,234,5,29.2,62.0,2.1,1835.0,21.1,0.0,0.0,0.0,Summer,No Holiday,Yes
2018-08-04,289,6,29.1,63.0,1.6,1818.0,21.3,0.0,0.0,0.0,Summer,No Holiday,Yes
2018-08-04,405,7,29.4,62.0,1.9,1758.0,21.3,0.24,0.0,0.0,Summer,No Holiday,Yes
2018-08-04,568,8,30.2,61.0,1.8,1562.0,21.8,0.65,0.0,0.0,Summer,No Holiday,Yes
2018-08-04,598,9,31.3,58.0,1.9,1598.0,22.0,1.24,0.0,0.0,Summer,No Holiday,Yes
2018-08-04,569,10,32.3,56.0,1.7,1625.0,22.3,1.61,0.0,0.0,Summer,No Holiday,Yes
2018-08-04,655,11,33.4,52.0,2.8,1462.0,22.1,2.19,0.0,0.0,Summer,No Holiday,Yes
2018-08-04,640,12,33.2,52.0,2.5,1514.0,22.0,1.59,0.0,0.0,Summer,No Holiday,Yes
2018-08-04,703,13,33.6,54.0,3.7,1754.0,23.0,2.56,0.0,0.0,Summer,No Holiday,Yes
2018-08-04,676,14,33.1,54.0,4.2,1879.0,22.5,2.09,0.0,0.0,Summer,No Holiday,Yes
2018-08-04,690,15,34.7,48.0,3.6,1973.0,22.0,2.47,0.0,0.0,Summer,No Holiday,Yes
2018-08-04,700,16,34.5,49.0,4.0,1925.0,22.2,2.35,0.0,0.0,Summer,No Holiday,Yes
2018-08-04,901,17,34.3,48.0,3.4,2000.0,21.7,1.82,0.0,0.0,Summer,No Holiday,Yes
2018-08-04,1044,18,33.2,52.0,3.7,1986.0,22.0,1.14,0.0,0.0,Summer,No Holiday,Yes
2018-08-04,1277,19,32.0,57.0,2.9,2000.0,22.4,0.48,0.0,0.0,Summer,No Holiday,Yes
2018-08-04,1387,20,30.2,66.0,2.8,2000.0,23.1,0.02,0.0,0.0,Summer,No Holiday,Yes
2018-08-04,1377,21,29.2,73.0,1.9,1933.0,23.8,0.0,0.0,0.0,Summer,No Holiday,Yes
2018-08-04,1337,22,28.6,74.0,2.5,1804.0,23.5,0.0,0.0,0.0,Summer,No Holiday,Yes
2018-08-04,1155,23,28.2,78.0,2.5,1678.0,23.9,0.0,0.0,0.0,Summer,No Holiday,Yes
2018-08-05,983,0,28.0,82.0,1.4,1221.0,24.6,0.0,0.0,0.0,Summer,No Holiday,Yes
2018-08-05,758,1,27.7,83.0,2.7,1128.0,24.5,0.0,0.0,0.0,Summer,No Holiday,Yes
2018-08-05,509,2,27.5,83.0,2.7,1118.0,24.3,0.0,0.0,0.0,Summer,No Holiday,Yes
2018-08-05,401,3,27.3,84.0,1.7,1089.0,24.3,0.0,0.0,0.0,Summer,No Holiday,Yes
2018-08-05,253,4,27.3,83.0,2.2,1054.0,24.1,0.0,0.0,0.0,Summer,No Holiday,Yes
2018-08-05,188,5,27.3,84.0,0.8,1067.0,24.3,0.0,0.0,0.0,Summer,No Holiday,Yes
2018-08-05,222,6,27.3,83.0,1.4,1080.0,24.1,0.0,0.0,0.0,Summer,No Holiday,Yes
2018-08-05,223,7,27.5,86.0,1.8,485.0,24.9,0.03,0.4,0.0,Summer,No Holiday,Yes
2018-08-05,309,8,27.5,95.0,0.7,404.0,26.6,0.14,1.6,0.0,Summer,No Holiday,Yes
2018-08-05,422,9,29.1,76.0,2.2,1041.0,24.4,1.38,0.0,0.0,Summer,No Holiday,Yes
2018-08-05,461,10,29.5,78.0,2.0,1091.0,25.2,1.28,0.0,0.0,Summer,No Holiday,Yes
2018-08-05,499,11,31.2,63.0,2.6,1695.0,23.3,1.99,0.0,0.0,Summer,No Holiday,Yes
2018-08-05,565,12,32.5,59.0,3.4,1780.0,23.4,2.33,0.0,0.0,Summer,No Holiday,Yes
2018-08-05,600,13,33.0,56.0,3.5,1857.0,23.0,2.68,0.0,0.0,Summer,No Holiday,Yes
2018-08-05,639,14,33.3,55.0,4.7,1921.0,23.0,3.05,0.0,0.0,Summer,No Holiday,Yes
2018-08-05,712,15,33.7,55.0,3.7,1843.0,23.3,2.67,0.0,0.0,Summer,No Holiday,Yes
2018-08-05,818,16,33.6,57.0,3.5,1901.0,23.8,2.19,0.0,0.0,Summer,No Holiday,Yes
2018-08-05,978,17,32.8,61.0,4.0,1878.0,24.2,1.46,0.0,0.0,Summer,No Holiday,Yes
2018-08-05,1247,18,31.8,63.0,4.0,1849.0,23.8,0.81,0.0,0.0,Summer,No Holiday,Yes
2018-08-05,1411,19,30.9,68.0,3.3,1821.0,24.2,0.52,0.0,0.0,Summer,No Holiday,Yes
2018-08-05,1524,20,30.0,72.0,3.5,1765.0,24.3,0.09,0.0,0.0,Summer,No Holiday,Yes
2018-08-05,1465,21,29.3,75.0,3.6,1674.0,24.4,0.0,0.0,0.0,Summer,No Holiday,Yes
2018-08-05,1286,22,29.1,77.0,3.0,1559.0,24.6,0.0,0.0,0.0,Summer,No Holiday,Yes
2018-08-05,942,23,28.8,79.0,1.3,1484.0,24.7,0.0,0.0,0.0,Summer,No Holiday,Yes
2018-08-06,707,0,28.7,79.0,2.2,1473.0,24.6,0.0,0.0,0.0,Summer,No Holiday,Yes
2018-08-06,455,1,28.7,80.0,1.5,1295.0,24.8,0.0,0.0,0.0,Summer,No Holiday,Yes
2018-08-06,309,2,28.6,80.0,1.2,1163.0,24.8,0.0,0.0,0.0,Summer,No Holiday,Yes
2018-08-06,219,3,28.6,81.0,1.1,1105.0,25.0,0.0,0.0,0.0,Summer,No Holiday,Yes
2018-08-06,162,4,28.4,82.0,0.5,1144.0,25.0,0.0,0.0,0.0,Summer,No Holiday,Yes
2018-08-06,258,5,28.3,83.0,1.7,969.0,25.1,0.0,0.0,0.0,Summer,No Holiday,Yes
2018-08-06,546,6,28.3,83.0,1.1,900.0,25.1,0.0,0.0,0.0,Summer,No Holiday,Yes
2018-08-06,699,7,28.5,82.0,0.8,914.0,25.1,0.09,0.0,0.0,Summer,No Holiday,Yes
2018-08-06,797,8,28.7,86.0,1.4,532.0,26.1,0.32,0.5,0.0,Summer,No Holiday,Yes
2018-08-06,614,9,28.4,87.0,1.7,1313.0,26.0,0.56,4.0,0.0,Summer,No Holiday,Yes
2018-08-06,533,10,29.8,76.0,1.4,850.0,25.1,1.52,0.0,0.0,Summer,No Holiday,Yes
2018-08-06,569,11,31.3,70.0,1.0,1227.0,25.1,1.89,0.0,0.0,Summer,No Holiday,Yes
2018-08-06,613,12,33.2,59.0,2.6,1289.0,24.0,2.37,0.0,0.0,Summer,No Holiday,Yes
2018-08-06,666,13,34.3,54.0,2.2,1540.0,23.6,2.93,0.0,0.0,Summer,No Holiday,Yes
2018-08-06,571,14,34.0,59.0,3.2,1180.0,24.8,1.98,0.0,0.0,Summer,No Holiday,Yes
2018-08-06,646,15,33.6,58.0,3.6,1448.0,24.1,1.98,0.0,0.0,Summer,No Holiday,Yes
2018-08-06,752,16,34.6,55.0,2.5,1650.0,24.2,2.01,0.0,0.0,Summer,No Holiday,Yes
2018-08-06,1063,17,35.0,53.0,1.5,1618.0,23.9,1.78,0.0,0.0,Summer,No Holiday,Yes
2018-08-06,1956,18,32.8,63.0,1.3,1799.0,24.8,0.31,0.0,0.0,Summer,No Holiday,Yes
2018-08-06,1548,19,32.2,65.0,0.8,1894.0,24.7,0.1,0.0,0.0,Summer,No Holiday,Yes
2018-08-06,1537,20,31.3,65.0,2.0,1586.0,23.9,0.02,0.0,0.0,Summer,No Holiday,Yes
2018-08-06,1611,21,30.6,70.0,1.6,1542.0,24.4,0.0,0.0,0.0,Summer,No Holiday,Yes
2018-08-06,1371,22,30.1,72.0,0.4,1806.0,24.4,0.0,0.0,0.0,Summer,No Holiday,Yes
2018-08-06,969,23,29.4,79.0,1.2,777.0,25.3,0.0,2.0,0.0,Summer,No Holiday,Yes
2018-08-07,842,0,28.8,72.0,0.8,2000.0,23.2,0.0,0.0,0.0,Summer,No Holiday,Yes
2018-08-07,619,1,28.2,68.0,0.9,2000.0,21.7,0.0,0.0,0.0,Summer,No Holiday,Yes
2018-08-07,443,2,27.9,68.0,0.9,2000.0,21.4,0.0,0.0,0.0,Summer,No Holiday,Yes
2018-08-07,278,3,27.6,69.0,0.9,2000.0,21.3,0.0,0.0,0.0,Summer,No Holiday,Yes
2018-08-07,201,4,27.3,68.0,0.7,2000.0,20.8,0.0,0.0,0.0,Summer,No Holiday,Yes
2018-08-07,273,5,27.1,69.0,0.9,2000.0,20.9,0.0,0.0,0.0,Summer,No Holiday,Yes
2018-08-07,634,6,26.8,70.0,0.7,2000.0,20.8,0.0,0.0,0.0,Summer,No Holiday,Yes
2018-08-07,1059,7,27.0,69.0,0.8,2000.0,20.8,0.23,0.0,0.0,Summer,No Holiday,Yes
2018-08-07,1695,8,28.5,64.0,2.0,2000.0,21.0,0.89,0.0,0.0,Summer,No Holiday,Yes
2018-08-07,961,9,29.3,66.0,1.1,2000.0,22.2,1.07,0.0,0.0,Summer,No Holiday,Yes
2018-08-07,635,10,30.1,65.0,1.2,2000.0,22.7,1.11,0.0,0.0,Summer,No Holiday,Yes
2018-08-07,657,11,31.4,59.0,0.8,2000.0,22.4,1.3,0.0,0.0,Summer,No Holiday,Yes
2018-08-07,770,12,31.9,57.0,0.9,1981.0,22.3,1.28,0.0,0.0,Summer,No Holiday,Yes
2018-08-07,662,13,33.0,55.0,1.0,1967.0,22.7,1.49,0.0,0.0,Summer,No Holiday,Yes
2018-08-07,658,14,34.0,50.0,1.2,1744.0,22.1,1.68,0.0,0.0,Summer,No Holiday,Yes
2018-08-07,698,15,34.3,49.0,1.0,1633.0,22.0,1.62,0.0,0.0,Summer,No Holiday,Yes
2018-08-07,855,16,35.4,45.0,2.6,1529.0,21.6,1.84,0.0,0.0,Summer,No Holiday,Yes
2018-08-07,1232,17,35.6,44.0,2.4,1860.0,21.4,1.69,0.0,0.0,Summer,No Holiday,Yes
2018-08-07,2274,18,34.6,50.0,3.1,1821.0,22.6,1.0,0.0,0.0,Summer,No Holiday,Yes
2018-08-07,1898,19,32.9,56.0,2.6,1944.0,22.9,0.4,0.0,0.0,Summer,No Holiday,Yes
2018-08-07,1836,20,31.1,64.0,2.7,1770.0,23.4,0.02,0.0,0.0,Summer,No Holiday,Yes
2018-08-07,1826,21,30.3,69.0,2.2,1834.0,23.9,0.0,0.0,0.0,Summer,No Holiday,Yes
2018-08-07,1664,22,29.8,75.0,1.4,1609.0,24.8,0.0,0.0,0.0,Summer,No Holiday,Yes
2018-08-07,1136,23,29.5,78.0,1.4,1469.0,25.2,0.0,0.0,0.0,Summer,No Holiday,Yes
2018-08-08,853,0,29.1,77.0,2.1,1465.0,24.6,0.0,0.0,0.0,Summer,No Holiday,Yes
2018-08-08,700,1,28.5,80.0,1.5,1306.0,24.7,0.0,0.0,0.0,Summer,No Holiday,Yes
2018-08-08,489,2,28.3,84.0,2.1,1099.0,25.3,0.0,0.0,0.0,Summer,No Holiday,Yes
2018-08-08,322,3,28.3,84.0,0.5,1006.0,25.3,0.0,0.0,0.0,Summer,No Holiday,Yes
2018-08-08,183,4,28.0,85.0,1.0,1079.0,25.2,0.0,0.0,0.0,Summer,No Holiday,Yes
2018-08-08,260,5,27.9,84.0,0.0,1172.0,24.9,0.0,0.0,0.0,Summer,No Holiday,Yes
2018-08-08,614,6,27.6,84.0,1.2,1123.0,24.6,0.01,0.0,0.0,Summer,No Holiday,Yes
2018-08-08,1079,7,28.2,82.0,1.5,985.0,24.8,0.19,0.0,0.0,Summer,No Holiday,Yes
2018-08-08,1693,8,28.6,80.0,1.6,708.0,24.8,0.49,0.0,0.0,Summer,No Holiday,Yes
2018-08-08,920,9,30.2,66.0,1.4,1131.0,23.1,1.48,0.0,0.0,Summer,No Holiday,Yes
2018-08-08,657,10,31.6,58.0,2.3,1528.0,22.3,2.02,0.0,0.0,Summer,No Holiday,Yes
2018-08-08,624,11,32.7,55.0,2.7,1836.0,22.4,2.44,0.0,0.0,Summer,No Holiday,Yes
2018-08-08,629,12,34.1,46.0,1.6,1885.0,20.8,2.72,0.0,0.0,Summer,No Holiday,Yes
2018-08-08,673,13,34.4,48.0,2.1,1921.0,21.7,2.37,0.0,0.0,Summer,No Holiday,Yes
2018-08-08,670,14,33.6,50.0,3.5,1993.0,21.7,1.15,0.0,0.0,Summer,No Holiday,Yes
2018-08-08,687,15,34.5,47.0,3.2,1958.0,21.5,2.32,0.0,0.0,Summer,No Holiday,Yes
2018-08-08,839,16,35.1,40.0,2.6,1989.0,19.4,2.29,0.0,0.0,Summer,No Holiday,Yes
2018-08-08,1266,17,35.0,37.0,2.6,2000.0,18.1,1.72,0.0,0.0,Summer,No Holiday,Yes
2018-08-08,2326,18,34.5,45.0,2.0,2000.0,20.8,1.0,0.0,0.0,Summer,No Holiday,Yes
2018-08-08,1983,19,32.6,60.0,3.5,1982.0,23.8,0.37,0.0,0.0,Summer,No Holiday,Yes
2018-08-08,1822,20,31.0,66.0,2.9,1857.0,23.8,0.02,0.0,0.0,Summer,No Holiday,Yes
2018-08-08,1783,21,29.7,71.0,3.2,1934.0,23.8,0.0,0.0,0.0,Summer,No Holiday,Yes
2018-08-08,1628,22,29.5,73.0,0.9,1936.0,24.1,0.0,0.0,0.0,Summer,No Holiday,Yes
2018-08-08,1180,23,29.1,77.0,0.4,1552.0,24.6,0.0,0.0,0.0,Summer,No Holiday,Yes
2018-08-09,929,0,28.9,75.0,1.6,1946.0,24.0,0.0,0.0,0.0,Summer,No Holiday,Yes
2018-08-09,733,1,28.8,75.0,2.1,1975.0,23.9,0.0,0.0,0.0,Summer,No Holiday,Yes
2018-08-09,466,2,28.5,79.0,1.2,1546.0,24.4,0.0,0.0,0.0,Summer,No Holiday,Yes
2018-08-09,334,3,28.3,80.0,1.4,1617.0,24.5,0.0,0.0,0.0,Summer,No Holiday,Yes
2018-08-09,189,4,28.1,81.0,1.5,1729.0,24.5,0.0,0.0,0.0,Summer,No Holiday,Yes
2018-08-09,292,5,27.8,82.0,1.0,1599.0,24.4,0.0,0.0,0.0,Summer,No Holiday,Yes
2018-08-09,619,6,27.7,84.0,1.4,1436.0,24.7,0.0,0.0,0.0,Summer,No Holiday,Yes
2018-08-09,1088,7,27.9,81.0,1.8,1497.0,24.3,0.12,0.0,0.0,Summer,No Holiday,Yes
2018-08-09,1731,8,28.6,75.0,1.2,1588.0,23.7,0.56,0.0,0.0,Summer,No Holiday,Yes
2018-08-09,977,9,29.4,64.0,2.3,1926.0,21.8,0.9,0.0,0.0,Summer,No Holiday,Yes
2018-08-09,649,10,30.4,63.0,1.8,1883.0,22.5,1.32,0.0,0.0,Summer,No Holiday,Yes
2018-08-09,659,11,30.8,63.0,2.4,1919.0,22.9,0.94,0.0,0.0,Summer,No Holiday,Yes
2018-08-09,484,12,31.1,63.0,3.0,1795.0,23.2,1.14,0.0,0.0,Summer,No Holiday,Yes
2018-08-09,628,13,29.7,80.0,1.7,1312.0,25.8,0.73,0.4,0.0,Summer,No Holiday,Yes
2018-08-09,561,14,30.8,69.0,1.8,1218.0,24.4,1.58,0.0,0.0,Summer,No Holiday,Yes
2018-08-09,644,15,31.2,67.0,2.7,1368.0,24.3,1.39,0.0,0.0,Summer,No Holiday,Yes
2018-08-09,559,16,31.6,73.0,3.0,1133.0,26.1,1.57,0.0,0.0,Summer,No Holiday,Yes
2018-08-09,740,17,28.8,83.0,4.0,969.0,25.6,0.39,1.1,0.0,Summer,No Holiday,Yes
2018-08-09,1850,18,28.1,86.0,2.3,1244.0,25.5,0.28,0.5,0.0,Summer,No Holiday,Yes
2018-08-09,1698,19,28.2,82.0,0.4,1832.0,24.8,0.16,0.0,0.0,Summer,No Holiday,Yes
2018-08-09,1591,20,27.9,78.0,0.6,1989.0,23.7,0.03,0.0,0.0,Summer,No Holiday,Yes
2018-08-09,1654,21,27.8,82.0,0.3,1397.0,24.4,0.0,0.0,0.0,Summer,No Holiday,Yes
2018-08-09,1494,22,27.5,82.0,0.4,1228.0,24.1,0.0,0.0,0.0,Summer,No Holiday,Yes
2018-08-09,1075,23,27.3,81.0,0.0,1287.0,23.7,0.0,0.0,0.0,Summer,No Holiday,Yes
2018-08-10,903,0,27.1,84.0,0.2,1161.0,24.1,0.0,0.0,0.0,Summer,No Holiday,Yes
2018-08-10,708,1,26.9,84.0,0.2,1061.0,23.9,0.0,0.0,0.0,Summer,No Holiday,Yes
2018-08-10,484,2,26.9,84.0,0.8,1007.0,23.9,0.0,0.0,0.0,Summer,No Holiday,Yes
2018-08-10,346,3,26.7,84.0,0.4,994.0,23.7,0.0,0.0,0.0,Summer,No Holiday,Yes
2018-08-10,214,4,26.3,85.0,0.4,1216.0,23.5,0.0,0.0,0.0,Summer,No Holiday,Yes
2018-08-10,283,5,26.1,83.0,0.3,1617.0,22.9,0.0,0.0,0.0,Summer,No Holiday,Yes
2018-08-10,645,6,25.7,83.0,0.6,1483.0,22.5,0.0,0.0,0.0,Summer,No Holiday,Yes
2018-08-10,1027,7,26.0,78.0,0.7,1988.0,21.8,0.16,0.0,0.0,Summer,No Holiday,Yes
2018-08-10,1728,8,27.2,69.0,1.8,1999.0,21.0,0.7,0.0,0.0,Summer,No Holiday,Yes
2018-08-10,892,9,29.0,64.0,0.8,1987.0,21.4,1.45,0.0,0.0,Summer,No Holiday,Yes
2018-08-10,683,10,30.5,58.0,0.6,1875.0,21.2,1.84,0.0,0.0,Summer,No Holiday,Yes
2018-08-10,697,11,31.9,53.0,1.2,2000.0,21.1,2.33,0.0,0.0,Summer,No Holiday,Yes
2018-08-10,721,12,33.4,47.0,1.3,2000.0,20.5,2.51,0.0,0.0,Summer,No Holiday,Yes
2018-08-10,696,13,34.2,41.0,1.7,2000.0,19.0,2.31,0.0,0.0,Summer,No Holiday,Yes
2018-08-10,658,14,35.1,44.0,1.6,2000.0,21.0,2.25,0.0,0.0,Summer,No Holiday,Yes
2018-08-10,725,15,34.8,47.0,2.4,2000.0,21.8,2.21,0.0,0.0,Summer,No Holiday,Yes
2018-08-10,853,16,36.4,40.0,3.2,2000.0,20.6,2.59,0.0,0.0,Summer,No Holiday,Yes
2018-08-10,1293,17,36.3,40.0,2.7,2000.0,20.5,1.93,0.0,0.0,Summer,No Holiday,Yes
2018-08-10,2289,18,35.2,44.0,2.6,2000.0,21.1,1.23,0.0,0.0,Summer,No Holiday,Yes
2018-08-10,1903,19,33.4,49.0,2.6,2000.0,21.2,0.32,0.0,0.0,Summer,No Holiday,Yes
2018-08-10,1702,20,32.2,52.0,2.3,2000.0,21.0,0.02,0.0,0.0,Summer,No Holiday,Yes
2018-08-10,1641,21,31.3,55.0,0.9,2000.0,21.1,0.0,0.0,0.0,Summer,No Holiday,Yes
2018-08-10,1544,22,30.9,54.0,0.8,2000.0,20.5,0.0,0.0,0.0,Summer,No Holiday,Yes
2018-08-10,1198,23,30.4,58.0,1.4,2000.0,21.2,0.0,0.0,0.0,Summer,No Holiday,Yes
2018-08-11,1022,0,29.8,63.0,2.0,2000.0,21.9,0.0,0.0,0.0,Summer,No Holiday,Yes
2018-08-11,881,1,29.0,67.0,1.1,2000.0,22.2,0.0,0.0,0.0,Summer,No Holiday,Yes
2018-08-11,691,2,28.5,68.0,1.1,1839.0,22.0,0.0,0.0,0.0,Summer,No Holiday,Yes
2018-08-11,441,3,27.9,69.0,0.8,2000.0,21.6,0.0,0.0,0.0,Summer,No Holiday,Yes
2018-08-11,266,4,27.4,69.0,1.0,2000.0,21.2,0.0,0.0,0.0,Summer,No Holiday,Yes
2018-08-11,263,5,26.9,69.0,0.7,2000.0,20.7,0.0,0.0,0.0,Summer,No Holiday,Yes
2018-08-11,355,6,26.5,69.0,0.8,2000.0,20.3,0.0,0.0,0.0,Summer,No Holiday,Yes
2018-08-11,425,7,26.7,67.0,0.8,2000.0,20.0,0.13,0.0,0.0,Summer,No Holiday,Yes
2018-08-11,647,8,28.0,60.0,1.0,2000.0,19.5,0.91,0.0,0.0,Summer,No Holiday,Yes
2018-08-11,672,9,29.7,58.0,1.3,1955.0,20.5,1.68,0.0,0.0,Summer,No Holiday,Yes
2018-08-11,643,10,31.3,53.0,1.8,2000.0,20.5,2.34,0.0,0.0,Summer,No Holiday,Yes
2018-08-11,766,11,31.5,54.0,2.5,1918.0,21.0,1.78,0.0,0.0,Summer,No Holiday,Yes
2018-08-11,759,12,33.2,50.0,2.3,2000.0,21.3,2.84,0.0,0.0,Summer,No Holiday,Yes
2018-08-11,830,13,34.1,45.0,1.5,1993.0,20.4,2.57,0.0,0.0,Summer,No Holiday,Yes
2018-08-11,733,14,34.5,43.0,2.6,2000.0,20.0,2.37,0.0,0.0,Summer,No Holiday,Yes
2018-08-11,694,15,35.0,41.0,1.5,2000.0,19.7,2.4,0.0,0.0,Summer,No Holiday,Yes
2018-08-11,826,16,35.6,39.0,2.7,2000.0,19.5,1.81,0.0,0.0,Summer,No Holiday,Yes
2018-08-11,1006,17,35.8,36.0,2.2,2000.0,18.3,1.58,0.0,0.0,Summer,No Holiday,Yes
2018-08-11,1274,18,34.4,40.0,1.8,2000.0,18.8,0.65,0.0,0.0,Summer,No Holiday,Yes
2018-08-11,1482,19,33.8,44.0,2.2,2000.0,19.8,0.3,0.0,0.0,Summer,No Holiday,Yes
2018-08-11,1469,20,32.8,47.0,1.9,2000.0,19.9,0.01,0.0,0.0,Summer,No Holiday,Yes
2018-08-11,1437,21,31.6,63.0,1.2,1980.0,23.6,0.0,0.0,0.0,Summer,No Holiday,Yes
2018-08-11,1351,22,31.3,53.0,2.3,2000.0,20.5,0.0,0.0,0.0,Summer,No Holiday,Yes
2018-08-11,1076,23,30.7,55.0,1.5,2000.0,20.6,0.0,0.0,0.0,Summer,No Holiday,Yes
2018-08-12,997,0,29.9,56.0,2.0,2000.0,20.1,0.0,0.0,0.0,Summer,No Holiday,Yes
2018-08-12,703,1,29.4,58.0,1.5,2000.0,20.2,0.0,0.0,0.0,Summer,No Holiday,Yes
2018-08-12,554,2,29.0,60.0,1.4,2000.0,20.4,0.0,0.0,0.0,Summer,No Holiday,Yes
2018-08-12,387,3,28.5,62.0,1.6,2000.0,20.5,0.0,0.0,0.0,Summer,No Holiday,Yes
2018-08-12,260,4,28.1,63.0,0.8,2000.0,20.3,0.0,0.0,0.0,Summer,No Holiday,Yes
2018-08-12,196,5,27.7,65.0,1.4,2000.0,20.5,0.0,0.0,0.0,Summer,No Holiday,Yes
2018-08-12,261,6,27.2,66.0,0.9,2000.0,20.2,0.0,0.0,0.0,Summer,No Holiday,Yes
2018-08-12,316,7,27.4,61.0,0.6,2000.0,19.2,0.17,0.0,0.0,Summer,No Holiday,Yes
2018-08-12,520,8,28.6,54.0,1.1,2000.0,18.3,0.82,0.0,0.0,Summer,No Holiday,Yes
2018-08-12,568,9,29.7,55.0,1.6,2000.0,19.6,1.44,0.0,0.0,Summer,No Holiday,Yes
2018-08-12,483,10,31.6,51.0,2.3,1969.0,20.2,2.3,0.0,0.0,Summer,No Holiday,Yes
2018-08-12,526,11,32.8,49.0,2.8,2000.0,20.6,2.87,0.0,0.0,Summer,No Holiday,Yes
2018-08-12,670,12,33.8,44.0,2.0,1899.0,19.8,2.72,0.0,0.0,Summer,No Holiday,Yes
2018-08-12,704,13,34.0,47.0,1.4,2000.0,21.0,2.24,0.0,0.0,Summer,No Holiday,Yes
2018-08-12,697,14,35.0,45.0,2.2,1957.0,21.2,2.73,0.0,0.0,Summer,No Holiday,Yes
2018-08-12,820,15,34.9,46.0,2.0,2000.0,21.5,1.54,0.0,0.0,Summer,No Holiday,Yes
2018-08-12,959,16,34.1,47.0,2.5,2000.0,21.1,0.61,0.0,0.0,Summer,No Holiday,Yes
2018-08-12,1156,17,33.7,48.0,2.3,2000.0,21.1,0.41,0.0,0.0,Summer,No Holiday,Yes
2018-08-12,1225,18,33.4,49.0,1.6,1971.0,21.2,0.25,0.0,0.0,Summer,No Holiday,Yes
2018-08-12,1117,19,32.0,76.0,2.1,692.0,27.2,0.1,1.0,0.0,Summer,No Holiday,Yes
2018-08-12,1208,20,29.4,86.0,1.1,1194.0,26.8,0.03,4.0,0.0,Summer,No Holiday,Yes
2018-08-12,1337,21,28.9,83.0,0.3,1449.0,25.7,0.0,0.0,0.0,Summer,No Holiday,Yes
2018-08-12,1127,22,28.8,79.0,0.2,1604.0,24.7,0.0,0.0,0.0,Summer,No Holiday,Yes
2018-08-12,707,23,28.7,81.0,0.4,1586.0,25.1,0.0,0.0,0.0,Summer,No Holiday,Yes
2018-08-13,409,0,28.4,85.0,1.3,1406.0,25.6,0.0,0.0,0.0,Summer,No Holiday,Yes
2018-08-13,231,1,28.2,88.0,0.2,929.0,26.0,0.0,1.0,0.0,Summer,No Holiday,Yes
2018-08-13,212,2,28.1,78.0,0.9,1191.0,23.8,0.0,0.0,0.0,Summer,No Holiday,Yes
2018-08-13,196,3,27.7,88.0,0.5,833.0,25.5,0.0,0.0,0.0,Summer,No Holiday,Yes
2018-08-13,151,4,27.1,91.0,0.9,585.0,25.4,0.0,0.0,0.0,Summer,No Holiday,Yes
2018-08-13,230,5,26.8,90.0,0.6,591.0,25.0,0.0,0.0,0.0,Summer,No Holiday,Yes
2018-08-13,594,6,26.7,89.0,0.6,615.0,24.7,0.0,0.0,0.0,Summer,No Holiday,Yes
2018-08-13,1065,7,27.0,86.0,0.9,718.0,24.4,0.22,0.0,0.0,Summer,No Holiday,Yes
2018-08-13,1657,8,28.0,78.0,1.1,865.0,23.7,0.74,0.0,0.0,Summer,No Holiday,Yes
2018-08-13,903,9,29.4,74.0,2.0,917.0,24.2,1.18,0.0,0.0,Summer,No Holiday,Yes
2018-08-13,639,10,30.6,67.0,0.7,1354.0,23.7,1.2,0.0,0.0,Summer,No Holiday,Yes
2018-08-13,677,11,31.7,58.0,1.1,1584.0,22.4,1.27,0.0,0.0,Summer,No Holiday,Yes
2018-08-13,724,12,33.4,54.0,2.6,1648.0,22.8,2.09,0.0,0.0,Summer,No Holiday,Yes
2018-08-13,698,13,33.0,54.0,1.7,1458.0,22.4,1.23,0.0,0.0,Summer,No Holiday,Yes
2018-08-13,651,14,33.6,55.0,1.1,1375.0,23.3,0.94,0.0,0.0,Summer,No Holiday,Yes
2018-08-13,709,15,34.0,51.0,1.8,1508.0,22.4,0.98,0.0,0.0,Summer,No Holiday,Yes
2018-08-13,901,16,33.5,52.0,2.2,1804.0,22.2,0.91,0.0,0.0,Summer,No Holiday,Yes
2018-08-13,1358,17,33.2,55.0,2.7,1600.0,22.9,0.55,0.0,0.0,Summer,No Holiday,Yes
2018-08-13,2367,18,33.1,59.0,3.1,1726.0,24.0,0.72,0.0,0.0,Summer,No Holiday,Yes
2018-08-13,2036,19,32.1,60.0,2.3,1987.0,23.3,0.25,0.0,0.0,Summer,No Holiday,Yes
2018-08-13,1847,20,31.0,64.0,2.9,1992.0,23.3,0.01,0.0,0.0,Summer,No Holiday,Yes
2018-08-13,1851,21,30.4,66.0,1.6,2000.0,23.3,0.0,0.0,0.0,Summer,No Holiday,Yes
2018-08-13,1635,22,29.9,60.0,1.3,2000.0,21.2,0.0,0.0,0.0,Summer,No Holiday,Yes
2018-08-13,1086,23,29.6,63.0,0.1,2000.0,21.8,0.0,0.0,0.0,Summer,No Holiday,Yes
2018-08-14,872,0,29.3,68.0,1.6,2000.0,22.7,0.0,0.0,0.0,Summer,No Holiday,Yes
2018-08-14,681,1,28.9,71.0,1.2,1982.0,23.1,0.0,0.0,0.0,Summer,No Holiday,Yes
2018-08-14,467,2,28.6,70.0,1.5,2000.0,22.5,0.0,0.0,0.0,Summer,No Holiday,Yes
2018-08-14,345,3,28.4,73.0,1.4,1990.0,23.0,0.0,0.0,0.0,Summer,No Holiday,Yes
2018-08-14,209,4,28.1,71.0,0.4,2000.0,22.3,0.0,0.0,0.0,Summer,No Holiday,Yes
2018-08-14,254,5,27.9,71.0,0.3,2000.0,22.1,0.0,0.0,0.0,Summer,No Holiday,Yes
2018-08-14,643,6,27.8,71.0,0.1,2000.0,22.0,0.0,0.0,0.0,Summer,No Holiday,Yes
2018-08-14,1097,7,27.9,71.0,0.4,2000.0,22.1,0.13,0.0,0.0,Summer,No Holiday,Yes
2018-08-14,1708,8,29.3,63.0,0.9,1810.0,21.5,0.76,0.0,0.0,Summer,No Holiday,Yes
2018-08-14,944,9,31.0,56.0,0.8,1945.0,21.1,1.32,0.0,0.0,Summer,No Holiday,Yes
2018-08-14,615,10,31.7,57.0,1.3,1875.0,22.1,1.25,0.0,0.0,Summer,No Holiday,Yes
2018-08-14,636,11,32.4,54.0,1.9,1962.0,21.8,0.96,0.0,0.0,Summer,No Holiday,Yes
2018-08-14,699,12,33.9,49.0,1.5,1841.0,21.6,1.91,0.0,0.0,Summer,No Holiday,Yes
2018-08-14,695,13,35.7,38.0,2.4,1863.0,19.1,2.5,0.0,0.0,Summer,No Holiday,Yes
2018-08-14,627,14,36.2,41.0,2.9,1814.0,20.8,2.68,0.0,0.0,Summer,No Holiday,Yes
2018-08-14,700,15,37.2,38.0,2.5,1832.0,20.5,2.68,0.0,0.0,Summer,No Holiday,Yes
2018-08-14,920,16,36.3,41.0,2.4,1957.0,20.9,1.85,0.0,0.0,Summer,No Holiday,Yes
2018-08-14,1306,17,34.7,51.0,3.0,2000.0,23.0,1.22,0.0,0.0,Summer,No Holiday,Yes
2018-08-14,2305,18,33.7,53.0,2.4,2000.0,22.7,0.78,0.0,0.0,Summer,No Holiday,Yes
2018-08-14,1972,19,32.7,56.0,2.2,2000.0,22.7,0.33,0.0,0.0,Summer,No Holiday,Yes
2018-08-14,1705,20,31.8,59.0,0.9,2000.0,22.7,0.0,0.0,0.0,Summer,No Holiday,Yes
2018-08-14,1684,21,31.3,59.0,0.3,2000.0,22.3,0.0,0.0,0.0,Summer,No Holiday,Yes
2018-08-14,1587,22,30.9,63.0,0.7,2000.0,23.0,0.0,0.0,0.0,Summer,No Holiday,Yes
2018-08-14,1165,23,30.3,65.0,0.4,2000.0,22.9,0.0,0.0,0.0,Summer,No Holiday,Yes
2018-08-15,1034,0,30.0,67.0,0.8,1986.0,23.1,0.0,0.0,0.0,Summer,Holiday,Yes
2018-08-15,850,1,29.6,69.0,0.4,1942.0,23.3,0.0,0.0,0.0,Summer,Holiday,Yes
2018-08-15,676,2,29.5,68.0,0.4,1949.0,22.9,0.0,0.0,0.0,Summer,Holiday,Yes
2018-08-15,474,3,29.1,70.0,0.3,1952.0,23.0,0.0,0.0,0.0,Summer,Holiday,Yes
2018-08-15,310,4,28.8,73.0,0.5,1835.0,23.4,0.0,0.0,0.0,Summer,Holiday,Yes
2018-08-15,227,5,28.6,73.0,0.8,1808.0,23.2,0.0,0.0,0.0,Summer,Holiday,Yes
2018-08-15,346,6,28.4,74.0,1.0,1700.0,23.3,0.0,0.0,0.0,Summer,Holiday,Yes
2018-08-15,429,7,28.6,71.0,0.6,1797.0,22.8,0.17,0.0,0.0,Summer,Holiday,Yes
2018-08-15,553,8,29.9,60.0,0.8,1772.0,21.2,0.83,0.0,0.0,Summer,Holiday,Yes
2018-08-15,563,9,32.0,53.0,1.6,2000.0,21.2,1.56,0.0,0.0,Summer,Holiday,Yes
2018-08-15,547,10,33.5,49.0,1.0,1937.0,21.3,2.09,0.0,0.0,Summer,Holiday,Yes
2018-08-15,586,11,35.4,44.0,1.2,1887.0,21.2,2.58,0.0,0.0,Summer,Holiday,Yes
2018-08-15,563,12,36.5,41.0,1.1,1807.0,21.1,2.73,0.0,0.0,Summer,Holiday,Yes
2018-08-15,591,13,36.9,39.0,1.5,2000.0,20.6,2.46,0.0,0.0,Summer,Holiday,Yes
2018-08-15,627,14,37.2,38.0,0.9,1976.0,20.5,1.96,0.0,0.0,Summer,Holiday,Yes
2018-08-15,761,15,37.4,38.0,1.4,2000.0,20.6,1.72,0.0,0.0,Summer,Holiday,Yes
2018-08-15,877,16,36.6,39.0,0.7,2000.0,20.3,0.44,0.0,0.0,Summer,Holiday,Yes
2018-08-15,960,17,33.6,55.0,3.9,1929.0,23.3,0.86,0.0,0.0,Summer,Holiday,Yes
2018-08-15,925,18,32.8,63.0,2.3,1546.0,24.8,0.89,0.1,0.0,Summer,Holiday,Yes
2018-08-15,1301,19,28.7,76.0,0.7,2000.0,24.0,0.11,0.9,0.0,Summer,Holiday,Yes
2018-08-15,1500,20,28.4,69.0,1.5,2000.0,22.1,0.01,0.0,0.0,Summer,Holiday,Yes
2018-08-15,1507,21,28.6,69.0,1.3,2000.0,22.3,0.0,0.0,0.0,Summer,Holiday,Yes
2018-08-15,1350,22,28.6,67.0,1.0,2000.0,21.8,0.0,0.0,0.0,Summer,Holiday,Yes
2018-08-15,1008,23,28.5,69.0,1.1,2000.0,22.2,0.0,0.0,0.0,Summer,Holiday,Yes
2018-08-16,808,0,28.4,68.0,0.9,2000.0,21.9,0.0,0.0,0.0,Summer,No Holiday,Yes
2018-08-16,535,1,28.2,70.0,1.0,2000.0,22.2,0.0,0.0,0.0,Summer,No Holiday,Yes
2018-08-16,381,2,28.1,68.0,0.8,2000.0,21.6,0.0,0.0,0.0,Summer,No Holiday,Yes
2018-08-16,252,3,27.9,68.0,0.6,2000.0,21.4,0.0,0.0,0.0,Summer,No Holiday,Yes
2018-08-16,173,4,27.8,69.0,0.9,2000.0,21.5,0.0,0.0,0.0,Summer,No Holiday,Yes
2018-08-16,263,5,28.0,66.0,0.5,2000.0,21.0,0.0,0.0,0.0,Summer,No Holiday,Yes
2018-08-16,631,6,27.5,72.0,1.1,2000.0,21.9,0.0,0.0,0.0,Summer,No Holiday,Yes
2018-08-16,1105,7,27.6,71.0,1.2,2000.0,21.8,0.14,0.0,0.0,Summer,No Holiday,Yes
2018-08-16,1660,8,28.2,68.0,1.3,2000.0,21.7,0.41,0.0,0.0,Summer,No Holiday,Yes
2018-08-16,876,9,30.6,55.0,1.1,2000.0,20.5,1.46,0.0,0.0,Summer,No Holiday,Yes
2018-08-16,612,10,31.9,51.0,2.2,1939.0,20.4,2.04,0.0,0.0,Summer,No Holiday,Yes
2018-08-16,672,11,33.5,48.0,2.4,1968.0,20.9,2.71,0.0,0.0,Summer,No Holiday,Yes
2018-08-16,668,12,34.5,44.0,2.2,2000.0,20.4,3.19,0.0,0.0,Summer,No Holiday,Yes
2018-08-16,652,13,35.1,39.0,2.0,2000.0,19.0,3.45,0.0,0.0,Summer,No Holiday,Yes
2018-08-16,638,14,35.3,40.0,2.0,2000.0,19.6,3.17,0.0,0.0,Summer,No Holiday,Yes
2018-08-16,720,15,35.0,38.0,2.0,2000.0,18.5,2.8,0.0,0.0,Summer,No Holiday,Yes
2018-08-16,902,16,34.5,37.0,1.9,2000.0,17.6,2.36,0.0,0.0,Summer,No Holiday,Yes
2018-08-16,1384,17,33.8,37.0,2.2,2000.0,17.0,1.74,0.0,0.0,Summer,No Holiday,Yes
2018-08-16,2481,18,32.4,40.0,2.1,2000.0,17.0,1.04,0.0,0.0,Summer,No Holiday,Yes
2018-08-16,2286,19,29.8,45.0,2.5,2000.0,16.5,0.36,0.0,0.0,Summer,No Holiday,Yes
2018-08-16,2114,20,27.9,47.0,1.9,2000.0,15.5,0.01,0.0,0.0,Summer,No Holiday,Yes
2018-08-16,2127,21,26.8,46.0,2.0,2000.0,14.2,0.0,0.0,0.0,Summer,No Holiday,Yes
2018-08-16,1943,22,25.9,45.0,2.1,2000.0,13.0,0.0,0.0,0.0,Summer,No Holiday,Yes
2018-08-16,1446,23,25.0,44.0,2.2,2000.0,11.8,0.0,0.0,0.0,Summer,No Holiday,Yes
2018-08-17,1109,0,24.1,45.0,2.0,2000.0,11.4,0.0,0.0,0.0,Summer,No Holiday,Yes
2018-08-17,842,1,23.4,47.0,2.1,2000.0,11.4,0.0,0.0,0.0,Summer,No Holiday,Yes
2018-08-17,572,2,22.8,50.0,1.4,2000.0,11.8,0.0,0.0,0.0,Summer,No Holiday,Yes
2018-08-17,375,3,22.4,52.0,1.3,2000.0,12.0,0.0,0.0,0.0,Summer,No Holiday,Yes
2018-08-17,276,4,22.1,54.0,1.6,2000.0,12.3,0.0,0.0,0.0,Summer,No Holiday,Yes
2018-08-17,304,5,21.8,55.0,1.9,2000.0,12.3,0.0,0.0,0.0,Summer,No Holiday,Yes
2018-08-17,719,6,21.8,51.0,2.0,2000.0,11.2,0.0,0.0,0.0,Summer,No Holiday,Yes
2018-08-17,1271,7,22.0,49.0,1.7,2000.0,10.7,0.23,0.0,0.0,Summer,No Holiday,Yes
2018-08-17,1918,8,23.5,44.0,1.7,1944.0,10.5,0.98,0.0,0.0,Summer,No Holiday,Yes
2018-08-17,1069,9,25.5,40.0,2.6,1990.0,10.8,1.7,0.0,0.0,Summer,No Holiday,Yes
2018-08-17,717,10,27.0,36.0,2.2,1977.0,10.6,2.34,0.0,0.0,Summer,No Holiday,Yes
2018-08-17,844,11,28.8,33.0,2.2,1951.0,10.9,2.85,0.0,0.0,Summer,No Holiday,Yes
2018-08-17,904,12,30.3,30.0,1.9,1981.0,10.7,3.17,0.0,0.0,Summer,No Holiday,Yes
2018-08-17,820,13,31.3,30.0,2.1,2000.0,11.6,3.3,0.0,0.0,Summer,No Holiday,Yes
2018-08-17,791,14,32.7,27.0,2.0,1964.0,11.2,3.21,0.0,0.0,Summer,No Holiday,Yes
2018-08-17,970,15,33.5,26.0,2.1,2000.0,11.3,2.9,0.0,0.0,Summer,No Holiday,Yes
2018-08-17,1112,16,33.7,26.0,1.5,2000.0,11.5,2.39,0.0,0.0,Summer,No Holiday,Yes
2018-08-17,1666,17,33.1,27.0,1.9,1975.0,11.5,1.76,0.0,0.0,Summer,No Holiday,Yes
2018-08-17,2797,18,32.5,28.0,1.4,2000.0,11.6,1.06,0.0,0.0,Summer,No Holiday,Yes
2018-08-17,2353,19,31.0,31.0,1.5,2000.0,11.8,0.34,0.0,0.0,Summer,No Holiday,Yes
2018-08-17,2130,20,28.4,40.0,1.7,1887.0,13.4,0.0,0.0,0.0,Summer,No Holiday,Yes
2018-08-17,2008,21,27.1,43.0,1.6,2000.0,13.4,0.0,0.0,0.0,Summer,No Holiday,Yes
2018-08-17,1787,22,26.0,45.0,1.7,2000.0,13.1,0.0,0.0,0.0,Summer,No Holiday,Yes
2018-08-17,1466,23,25.2,47.0,1.2,2000.0,13.0,0.0,0.0,0.0,Summer,No Holiday,Yes
2018-08-18,1191,0,24.5,48.0,1.2,2000.0,12.7,0.0,0.0,0.0,Summer,No Holiday,Yes
2018-08-18,969,1,23.9,51.0,0.9,2000.0,13.1,0.0,0.0,0.0,Summer,No Holiday,Yes
2018-08-18,698,2,23.4,53.0,1.1,2000.0,13.2,0.0,0.0,0.0,Summer,No Holiday,Yes
2018-08-18,483,3,23.0,54.0,1.0,1818.0,13.1,0.0,0.0,0.0,Summer,No Holiday,Yes
2018-08-18,316,4,22.6,55.0,1.4,2000.0,13.0,0.0,0.0,0.0,Summer,No Holiday,Yes
2018-08-18,262,5,22.0,58.0,1.0,2000.0,13.3,0.0,0.0,0.0,Summer,No Holiday,Yes
2018-08-18,397,6,21.6,60.0,1.0,2000.0,13.4,0.0,0.0,0.0,Summer,No Holiday,Yes
2018-08-18,475,7,21.7,57.0,1.3,2000.0,12.8,0.23,0.0,0.0,Summer,No Holiday,Yes
2018-08-18,754,8,23.2,47.0,1.0,2000.0,11.2,0.93,0.0,0.0,Summer,No Holiday,Yes
2018-08-18,771,9,25.3,42.0,1.4,1921.0,11.4,1.7,0.0,0.0,Summer,No Holiday,Yes
2018-08-18,769,10,27.0,37.0,1.2,1962.0,11.0,2.32,0.0,0.0,Summer,No Holiday,Yes
2018-08-18,857,11,28.4,35.0,1.6,2000.0,11.4,2.82,0.0,0.0,Summer,No Holiday,Yes
2018-08-18,952,12,29.8,33.0,1.5,1936.0,11.7,3.14,0.0,0.0,Summer,No Holiday,Yes
2018-08-18,1003,13,31.1,30.0,1.5,2000.0,11.4,3.24,0.0,0.0,Summer,No Holiday,Yes
2018-08-18,1121,14,31.0,31.0,1.8,1999.0,11.8,2.8,0.0,0.0,Summer,No Holiday,Yes
2018-08-18,1196,15,31.7,30.0,1.9,1943.0,11.9,2.23,0.0,0.0,Summer,No Holiday,Yes
2018-08-18,1398,16,31.8,33.0,2.1,2000.0,13.5,1.88,0.0,0.0,Summer,No Holiday,Yes
2018-08-18,1806,17,29.9,39.0,2.9,2000.0,14.4,0.86,0.0,0.0,Summer,No Holiday,Yes
2018-08-18,1979,18,30.1,37.0,2.1,2000.0,13.8,0.88,0.0,0.0,Summer,No Holiday,Yes
2018-08-18,2127,19,28.5,45.0,1.6,2000.0,15.4,0.23,0.0,0.0,Summer,No Holiday,Yes
2018-08-18,1965,20,27.6,46.0,1.2,2000.0,14.9,0.01,0.0,0.0,Summer,No Holiday,Yes
2018-08-18,1886,21,26.8,48.0,0.9,2000.0,14.8,0.0,0.0,0.0,Summer,No Holiday,Yes
2018-08-18,1681,22,26.3,48.0,0.8,2000.0,14.4,0.0,0.0,0.0,Summer,No Holiday,Yes
2018-08-18,1342,23,25.9,52.0,1.3,2000.0,15.2,0.0,0.0,0.0,Summer,No Holiday,Yes
2018-08-19,1100,0,25.3,53.0,2.4,2000.0,15.0,0.0,0.0,0.0,Summer,No Holiday,Yes
2018-08-19,844,1,25.0,57.0,0.9,2000.0,15.8,0.0,0.0,0.0,Summer,No Holiday,Yes
2018-08-19,611,2,24.5,59.0,0.3,2000.0,15.9,0.0,0.0,0.0,Summer,No Holiday,Yes
2018-08-19,425,3,24.0,59.0,0.6,2000.0,15.4,0.0,0.0,0.0,Summer,No Holiday,Yes
2018-08-19,264,4,23.6,61.0,0.3,2000.0,15.6,0.0,0.0,0.0,Summer,No Holiday,Yes
2018-08-19,223,5,23.4,63.0,0.3,2000.0,15.9,0.0,0.0,0.0,Summer,No Holiday,Yes
2018-08-19,260,6,23.1,64.0,0.6,2000.0,15.9,0.0,0.0,0.0,Summer,No Holiday,Yes
2018-08-19,392,7,23.3,64.0,1.0,2000.0,16.0,0.1,0.0,0.0,Summer,No Holiday,Yes
2018-08-19,592,8,24.4,58.0,0.8,2000.0,15.5,0.45,0.0,0.0,Summer,No Holiday,Yes
2018-08-19,645,9,26.3,50.0,0.7,1980.0,15.0,1.28,0.0,0.0,Summer,No Holiday,Yes
2018-08-19,732,10,27.3,49.0,0.9,1968.0,15.6,1.17,0.0,0.0,Summer,No Holiday,Yes
2018-08-19,795,11,28.4,43.0,1.0,1914.0,14.6,1.52,0.0,0.0,Summer,No Holiday,Yes
2018-08-19,926,12,30.9,37.0,1.8,1858.0,14.5,2.98,0.0,0.0,Summer,No Holiday,Yes
2018-08-19,943,13,32.4,33.0,2.7,1893.0,14.0,3.1,0.0,0.0,Summer,No Holiday,Yes
2018-08-19,972,14,33.4,31.0,1.2,1962.0,13.9,2.73,0.0,0.0,Summer,No Holiday,Yes
2018-08-19,1181,15,33.8,31.0,1.6,2000.0,14.3,2.45,0.0,0.0,Summer,No Holiday,Yes
2018-08-19,1395,16,33.3,32.0,2.4,2000.0,14.3,1.98,0.0,0.0,Summer,No Holiday,Yes
2018-08-19,1721,17,32.7,33.0,2.5,1994.0,14.3,1.18,0.0,0.0,Summer,No Holiday,Yes
2018-08-19,1928,18,32.3,41.0,1.9,2000.0,17.3,0.62,0.0,0.0,Summer,No Holiday,Yes
2018-08-19,2186,19,29.7,55.0,2.5,2000.0,19.6,0.23,0.0,0.0,Summer,No Holiday,Yes
2018-08-19,2029,20,28.5,58.0,1.4,2000.0,19.4,0.0,0.0,0.0,Summer,No Holiday,Yes
2018-08-19,1821,21,27.9,61.0,0.7,2000.0,19.6,0.0,0.0,0.0,Summer,No Holiday,Yes
2018-08-19,1546,22,27.7,62.0,0.6,2000.0,19.7,0.0,0.0,0.0,Summer,No Holiday,Yes
2018-08-19,1016,23,27.5,60.0,0.3,2000.0,19.0,0.0,0.0,0.0,Summer,No Holiday,Yes
2018-08-20,818,0,27.0,62.0,0.6,2000.0,19.0,0.0,0.0,0.0,Summer,No Holiday,Yes
2018-08-20,527,1,26.6,64.0,0.2,2000.0,19.2,0.0,0.0,0.0,Summer,No Holiday,Yes
2018-08-20,352,2,26.3,65.0,0.3,2000.0,19.1,0.0,0.0,0.0,Summer,No Holiday,Yes
2018-08-20,255,3,26.1,65.0,0.6,2000.0,18.9,0.0,0.0,0.0,Summer,No Holiday,Yes
2018-08-20,193,4,26.2,65.0,1.1,1542.0,19.0,0.0,0.0,0.0,Summer,No Holiday,Yes
2018-08-20,281,5,25.7,68.0,0.8,1395.0,19.3,0.0,0.0,0.0,Summer,No Holiday,Yes
2018-08-20,675,6,25.3,67.0,1.5,1450.0,18.7,0.0,0.0,0.0,Summer,No Holiday,Yes
2018-08-20,1285,7,25.4,60.0,1.4,1879.0,17.0,0.16,0.0,0.0,Summer,No Holiday,Yes
2018-08-20,1912,8,26.6,54.0,1.1,1739.0,16.5,0.75,0.0,0.0,Summer,No Holiday,Yes
2018-08-20,993,9,27.5,54.0,1.0,1993.0,17.3,0.81,0.0,0.0,Summer,No Holiday,Yes
2018-08-20,719,10,29.3,49.0,2.0,1875.0,17.4,1.65,0.0,0.0,Summer,No Holiday,Yes
2018-08-20,766,11,31.2,45.0,1.9,1810.0,17.8,2.72,0.0,0.0,Summer,No Holiday,Yes
2018-08-20,808,12,31.7,45.0,2.5,1814.0,18.3,1.96,0.0,0.0,Summer,No Holiday,Yes
2018-08-20,847,13,31.6,46.0,2.7,1864.0,18.5,1.77,0.0,0.0,Summer,No Holiday,Yes
2018-08-20,816,14,32.1,45.0,2.8,1966.0,18.6,1.51,0.0,0.0,Summer,No Holiday,Yes
2018-08-20,992,15,32.9,45.0,1.9,1877.0,19.3,1.84,0.0,0.0,Summer,No Holiday,Yes
2018-08-20,1253,16,32.3,45.0,2.8,1928.0,18.8,0.98,0.0,0.0,Summer,No Holiday,Yes
2018-08-20,1704,17,32.1,44.0,2.6,1731.0,18.3,0.6,0.0,0.0,Summer,No Holiday,Yes
2018-08-20,2628,18,31.6,47.0,2.1,1867.0,18.9,0.26,0.0,0.0,Summer,No Holiday,Yes
2018-08-20,2162,19,30.8,55.0,1.9,1170.0,20.7,0.06,0.0,0.0,Summer,No Holiday,Yes
2018-08-20,1999,20,29.8,61.0,3.4,1525.0,21.4,0.0,0.0,0.0,Summer,No Holiday,Yes
2018-08-20,1971,21,29.3,63.0,3.1,1677.0,21.5,0.0,0.0,0.0,Summer,No Holiday,Yes
2018-08-20,1630,22,29.0,63.0,4.2,1776.0,21.2,0.0,0.0,0.0,Summer,No Holiday,Yes
2018-08-20,1241,23,28.5,62.0,4.9,1882.0,20.5,0.0,0.0,0.0,Summer,No Holiday,Yes
2018-08-21,898,0,28.3,59.0,3.7,1945.0,19.5,0.0,0.0,0.0,Summer,No Holiday,Yes
2018-08-21,690,1,28.0,61.0,3.9,1890.0,19.7,0.0,0.0,0.0,Summer,No Holiday,Yes
2018-08-21,376,2,27.6,60.0,4.3,1854.0,19.1,0.0,0.0,0.0,Summer,No Holiday,Yes
2018-08-21,173,3,26.8,62.0,4.5,1742.0,18.9,0.0,0.1,0.0,Summer,No Holiday,Yes
2018-08-21,49,4,25.3,70.0,6.9,925.0,19.4,0.0,0.4,0.0,Summer,No Holiday,Yes
2018-08-21,57,5,23.8,86.0,3.6,420.0,21.3,0.0,1.0,0.0,Summer,No Holiday,Yes
2018-08-21,73,6,23.8,89.0,3.3,882.0,21.8,0.0,1.5,0.0,Summer,No Holiday,Yes
2018-08-21,608,7,23.4,94.0,2.4,1773.0,22.3,0.02,2.0,0.0,Summer,No Holiday,Yes
2018-08-21,1530,8,24.0,84.0,3.5,1975.0,21.1,0.47,0.0,0.0,Summer,No Holiday,Yes
2018-08-21,876,9,24.4,82.0,3.0,1847.0,21.1,0.6,0.0,0.0,Summer,No Holiday,Yes
2018-08-21,402,10,24.8,82.0,3.2,1732.0,21.5,0.34,0.0,0.0,Summer,No Holiday,Yes
2018-08-21,681,11,24.7,85.0,2.3,1438.0,22.0,0.27,0.0,0.0,Summer,No Holiday,Yes
2018-08-21,848,12,25.7,74.0,3.4,1951.0,20.7,1.16,0.0,0.0,Summer,No Holiday,Yes
2018-08-21,827,13,27.1,66.0,2.6,1895.0,20.1,1.54,0.0,0.0,Summer,No Holiday,Yes
2018-08-21,788,14,28.5,58.0,2.6,1965.0,19.4,1.93,0.0,0.0,Summer,No Holiday,Yes
2018-08-21,957,15,29.5,57.0,2.0,2000.0,20.0,2.1,0.0,0.0,Summer,No Holiday,Yes
2018-08-21,1112,16,30.4,53.0,2.0,1990.0,19.7,1.82,0.0,0.0,Summer,No Holiday,Yes
2018-08-21,1663,17,30.8,52.0,2.3,1953.0,19.8,1.49,0.0,0.0,Summer,No Holiday,Yes
2018-08-21,2830,18,30.3,56.0,1.7,2000.0,20.5,0.8,0.0,0.0,Summer,No Holiday,Yes
2018-08-21,2364,19,29.2,62.0,1.7,2000.0,21.1,0.31,0.0,0.0,Summer,No Holiday,Yes
2018-08-21,2169,20,27.7,69.0,1.6,1992.0,21.4,0.01,0.0,0.0,Summer,No Holiday,Yes
2018-08-21,2057,21,26.8,72.0,0.4,1985.0,21.3,0.0,0.0,0.0,Summer,No Holiday,Yes
2018-08-21,1828,22,26.1,76.0,1.2,1867.0,21.5,0.0,0.0,0.0,Summer,No Holiday,Yes
2018-08-21,1277,23,25.6,75.0,0.1,1892.0,20.8,0.0,0.0,0.0,Summer,No Holiday,Yes
2018-08-22,1025,0,25.1,79.0,0.5,1891.0,21.1,0.0,0.0,0.0,Summer,No Holiday,Yes
2018-08-22,782,1,24.6,79.0,0.6,1884.0,20.7,0.0,0.0,0.0,Summer,No Holiday,Yes
2018-08-22,512,2,24.2,79.0,0.6,1882.0,20.3,0.0,0.0,0.0,Summer,No Holiday,Yes
2018-08-22,346,3,24.1,80.0,0.8,1920.0,20.4,0.0,0.0,0.0,Summer,No Holiday,Yes
2018-08-22,214,4,23.6,81.0,0.8,1943.0,20.1,0.0,0.0,0.0,Summer,No Holiday,Yes
2018-08-22,289,5,23.4,82.0,0.4,2000.0,20.1,0.0,0.0,0.0,Summer,No Holiday,Yes
2018-08-22,655,6,23.7,78.0,0.3,2000.0,19.6,0.0,0.0,0.0,Summer,No Holiday,Yes
2018-08-22,1330,7,24.3,74.0,0.6,1999.0,19.3,0.1,0.0,0.0,Summer,No Holiday,Yes
2018-08-22,1990,8,25.7,66.0,0.9,1976.0,18.8,0.64,0.0,0.0,Summer,No Holiday,Yes
2018-08-22,1015,9,28.0,56.0,1.5,1982.0,18.3,1.57,0.0,0.0,Summer,No Holiday,Yes
2018-08-22,700,10,30.2,52.0,1.4,1923.0,19.2,2.13,0.0,0.0,Summer,No Holiday,Yes
2018-08-22,710,11,32.1,49.0,1.6,1874.0,20.0,2.63,0.0,0.0,Summer,No Holiday,Yes
2018-08-22,784,12,33.9,45.0,1.4,1923.0,20.2,2.95,0.0,0.0,Summer,No Holiday,Yes
2018-08-22,727,13,35.3,41.0,2.1,1925.0,20.0,3.1,0.0,0.0,Summer,No Holiday,Yes
2018-08-22,760,14,36.2,36.0,1.5,1985.0,18.7,2.87,0.0,0.0,Summer,No Holiday,Yes
2018-08-22,842,15,36.8,36.0,1.0,2000.0,19.2,2.46,0.0,0.0,Summer,No Holiday,Yes
2018-08-22,993,16,37.4,35.0,1.3,2000.0,19.3,2.0,0.0,0.0,Summer,No Holiday,Yes
2018-08-22,1495,17,36.4,39.0,1.2,2000.0,20.2,1.15,0.0,0.0,Summer,No Holiday,Yes
2018-08-22,2528,18,35.4,40.0,1.0,2000.0,19.7,0.34,0.0,0.0,Summer,No Holiday,Yes
2018-08-22,2087,19,35.2,41.0,0.5,2000.0,19.9,0.31,0.0,0.0,Summer,No Holiday,Yes
2018-08-22,1808,20,33.2,51.0,1.0,2000.0,21.6,0.02,0.0,0.0,Summer,No Holiday,Yes
2018-08-22,1807,21,33.1,46.0,2.7,2000.0,19.9,0.0,0.0,0.0,Summer,No Holiday,Yes
2018-08-22,1556,22,32.1,47.0,2.0,2000.0,19.3,0.0,0.0,0.0,Summer,No Holiday,Yes
2018-08-22,1117,23,31.2,50.0,1.8,2000.0,19.5,0.0,0.0,0.0,Summer,No Holiday,Yes
2018-08-23,908,0,30.7,52.0,1.3,2000.0,19.7,0.0,0.0,0.0,Summer,No Holiday,Yes
2018-08-23,745,1,30.1,54.0,0.8,2000.0,19.7,0.0,0.0,0.0,Summer,No Holiday,Yes
2018-08-23,492,2,29.8,53.0,1.4,2000.0,19.1,0.0,0.0,0.0,Summer,No Holiday,Yes
2018-08-23,304,3,29.7,52.0,1.4,2000.0,18.7,0.0,0.0,0.0,Summer,No Holiday,Yes
2018-08-23,168,4,29.3,54.0,1.0,2000.0,19.0,0.0,0.0,0.0,Summer,No Holiday,Yes
2018-08-23,185,5,28.5,57.0,0.9,2000.0,19.1,0.0,0.1,0.0,Summer,No Holiday,Yes
2018-08-23,492,6,28.3,55.0,1.5,2000.0,18.3,0.0,0.0,0.0,Summer,No Holiday,Yes
2018-08-23,720,7,28.3,55.0,1.1,2000.0,18.3,0.03,0.0,0.0,Summer,No Holiday,Yes
2018-08-23,1678,8,28.1,58.0,1.3,2000.0,19.0,0.14,0.0,0.0,Summer,No Holiday,Yes
2018-08-23,924,9,29.3,54.0,1.5,2000.0,19.0,0.82,0.0,0.0,Summer,No Holiday,Yes
2018-08-23,551,10,30.2,52.0,1.8,2000.0,19.2,0.93,0.0,0.0,Summer,No Holiday,Yes
2018-08-23,711,11,29.9,57.0,1.7,1992.0,20.4,0.88,0.1,0.0,Summer,No Holiday,Yes
2018-08-23,769,12,31.9,49.0,1.9,2000.0,19.8,1.85,0.0,0.0,Summer,No Holiday,Yes
2018-08-23,584,13,31.0,53.0,1.9,2000.0,20.2,0.79,0.0,0.0,Summer,No Holiday,Yes
2018-08-23,740,14,30.5,59.0,2.0,2000.0,21.5,0.84,0.1,0.0,Summer,No Holiday,Yes
2018-08-23,837,15,32.0,53.0,2.1,1992.0,21.2,1.57,0.0,0.0,Summer,No Holiday,Yes
2018-08-23,944,16,31.7,56.0,1.9,2000.0,21.8,0.92,0.0,0.0,Summer,No Holiday,Yes
2018-08-23,1249,17,30.8,59.0,2.2,2000.0,21.8,0.41,0.0,0.0,Summer,No Holiday,Yes
2018-08-23,1447,18,30.6,55.0,2.3,2000.0,20.5,0.11,0.0,0.0,Summer,No Holiday,Yes
2018-08-23,582,19,30.0,59.0,2.2,1970.0,21.1,0.01,0.0,0.0,Summer,No Holiday,Yes
2018-08-23,257,20,29.2,62.0,2.1,1952.0,21.1,0.0,0.1,0.0,Summer,No Holiday,Yes
2018-08-23,189,21,27.8,72.0,2.0,2000.0,22.2,0.0,0.1,0.0,Summer,No Holiday,Yes
2018-08-23,215,22,26.6,84.0,1.7,1815.0,23.6,0.0,1.5,0.0,Summer,No Holiday,Yes
2018-08-23,267,23,26.1,84.0,1.9,1801.0,23.1,0.0,0.5,0.0,Summer,No Holiday,Yes
2018-08-24,238,0,25.7,83.0,2.0,2000.0,22.5,0.0,0.5,0.0,Summer,No Holiday,Yes
2018-08-24,208,1,25.7,80.0,2.0,2000.0,21.9,0.0,0.2,0.0,Summer,No Holiday,Yes
2018-08-24,83,2,25.4,85.0,2.0,1453.0,22.6,0.0,0.8,0.0,Summer,No Holiday,Yes
2018-08-24,62,3,24.8,87.0,2.2,1286.0,22.4,0.0,1.0,0.0,Summer,No Holiday,Yes
2018-08-24,30,4,24.5,88.0,2.0,1433.0,22.3,0.0,1.0,0.0,Summer,No Holiday,Yes
2018-08-24,45,5,24.6,88.0,1.5,1967.0,22.4,0.0,0.5,0.0,Summer,No Holiday,Yes
2018-08-24,173,6,24.9,88.0,1.1,2000.0,22.7,0.0,0.5,0.0,Summer,No Holiday,Yes
2018-08-24,400,7,24.2,88.0,2.3,2000.0,22.0,0.05,0.0,0.0,Summer,No Holiday,Yes
2018-08-24,578,8,24.4,86.0,1.7,2000.0,21.8,0.13,0.0,0.0,Summer,No Holiday,Yes
2018-08-24,484,9,24.8,85.0,1.7,2000.0,22.0,0.32,0.0,0.0,Summer,No Holiday,Yes
2018-08-24,286,10,26.0,77.0,2.2,2000.0,21.6,0.61,0.0,0.0,Summer,No Holiday,Yes
2018-08-24,415,11,26.2,76.0,2.6,1995.0,21.6,0.88,0.0,0.0,Summer,No Holiday,Yes
2018-08-24,355,12,25.8,81.0,3.2,1828.0,22.2,0.8,0.0,0.0,Summer,No Holiday,Yes
2018-08-24,274,13,25.8,78.0,2.8,2000.0,21.6,0.95,0.0,0.0,Summer,No Holiday,Yes
2018-08-24,152,14,24.4,93.0,2.9,250.0,23.1,0.26,1.5,0.0,Summer,No Holiday,Yes
2018-08-24,405,15,24.0,94.0,3.1,1188.0,22.9,0.41,0.5,0.0,Summer,No Holiday,Yes
2018-08-24,455,16,24.6,85.0,2.7,1973.0,21.9,0.55,0.0,0.0,Summer,No Holiday,Yes
2018-08-24,403,17,24.1,89.0,1.9,2000.0,22.1,0.58,0.0,0.0,Summer,No Holiday,Yes
2018-08-24,916,18,23.8,95.0,2.7,1938.0,22.9,0.11,1.5,0.0,Summer,No Holiday,Yes
2018-08-24,948,19,23.6,86.0,3.0,1275.0,21.1,0.04,0.0,0.0,Summer,No Holiday,Yes
2018-08-24,1162,20,23.5,81.0,3.5,2000.0,20.0,0.0,0.0,0.0,Summer,No Holiday,Yes
2018-08-24,1300,21,23.5,79.0,3.6,2000.0,19.6,0.0,0.0,0.0,Summer,No Holiday,Yes
2018-08-24,1202,22,23.5,79.0,2.9,1860.0,19.6,0.0,0.0,0.0,Summer,No Holiday,Yes
2018-08-24,1084,23,23.4,79.0,2.7,1990.0,19.5,0.0,0.0,0.0,Summer,No Holiday,Yes
2018-08-25,980,0,23.2,81.0,2.4,1976.0,19.7,0.0,0.0,0.0,Summer,No Holiday,Yes
2018-08-25,886,1,23.0,82.0,2.1,1922.0,19.7,0.0,0.0,0.0,Summer,No Holiday,Yes
2018-08-25,708,2,22.9,82.0,2.1,1829.0,19.6,0.0,0.0,0.0,Summer,No Holiday,Yes
2018-08-25,456,3,23.1,80.0,2.0,1849.0,19.4,0.0,0.0,0.0,Summer,No Holiday,Yes
2018-08-25,306,4,23.2,79.0,1.8,1941.0,19.3,0.0,0.0,0.0,Summer,No Holiday,Yes
2018-08-25,232,5,23.3,79.0,1.7,1592.0,19.4,0.0,0.0,0.0,Summer,No Holiday,Yes
2018-08-25,318,6,23.5,79.0,2.0,1439.0,19.6,0.0,0.0,0.0,Summer,No Holiday,Yes
2018-08-25,490,7,23.7,76.0,1.9,1281.0,19.2,0.08,0.0,0.0,Summer,No Holiday,Yes
2018-08-25,721,8,24.1,78.0,2.0,1133.0,20.0,0.34,0.0,0.0,Summer,No Holiday,Yes
2018-08-25,808,9,25.3,72.0,2.4,1220.0,19.8,1.08,0.0,0.0,Summer,No Holiday,Yes
2018-08-25,858,10,26.3,67.0,3.2,1673.0,19.6,1.48,0.0,0.0,Summer,No Holiday,Yes
2018-08-25,916,11,28.0,57.0,3.3,1827.0,18.6,2.71,0.0,0.0,Summer,No Holiday,Yes
2018-08-25,1070,12,27.9,55.0,2.9,1922.0,18.0,1.49,0.0,0.0,Summer,No Holiday,Yes
2018-08-25,1231,13,28.6,54.0,2.9,1925.0,18.3,1.85,0.0,0.0,Summer,No Holiday,Yes
2018-08-25,1261,14,29.2,52.0,3.1,1735.0,18.3,2.68,0.0,0.0,Summer,No Holiday,Yes
2018-08-25,1516,15,28.1,53.0,4.5,1953.0,17.6,1.6,0.0,0.0,Summer,No Holiday,Yes
2018-08-25,1592,16,27.2,58.0,3.7,1987.0,18.2,0.99,0.0,0.0,Summer,No Holiday,Yes
2018-08-25,1797,17,26.9,60.0,2.8,2000.0,18.4,0.77,0.0,0.0,Summer,No Holiday,Yes
2018-08-25,2080,18,27.1,56.0,3.0,1987.0,17.5,0.87,0.0,0.0,Summer,No Holiday,Yes
2018-08-25,2043,19,25.8,62.0,3.3,2000.0,17.9,0.27,0.0,0.0,Summer,No Holiday,Yes
2018-08-25,2022,20,24.6,65.0,2.9,2000.0,17.5,0.0,0.0,0.0,Summer,No Holiday,Yes
2018-08-25,1937,21,23.9,71.0,2.3,2000.0,18.3,0.0,0.0,0.0,Summer,No Holiday,Yes
2018-08-25,1717,22,23.4,75.0,1.6,2000.0,18.7,0.0,0.0,0.0,Summer,No Holiday,Yes
2018-08-25,1357,23,22.9,78.0,1.4,2000.0,18.8,0.0,0.0,0.0,Summer,No Holiday,Yes
2018-08-26,1163,0,22.8,78.0,1.5,2000.0,18.7,0.0,0.0,0.0,Summer,No Holiday,Yes
2018-08-26,769,1,22.5,80.0,0.6,2000.0,18.8,0.0,0.0,0.0,Summer,No Holiday,Yes
2018-08-26,600,2,22.1,84.0,0.6,2000.0,19.2,0.0,0.0,0.0,Summer,No Holiday,Yes
2018-08-26,426,3,21.6,85.0,0.1,1982.0,18.9,0.0,0.0,0.0,Summer,No Holiday,Yes
2018-08-26,290,4,21.2,86.0,0.5,1724.0,18.7,0.0,0.0,0.0,Summer,No Holiday,Yes
2018-08-26,188,5,20.7,88.0,0.6,1100.0,18.6,0.0,0.0,0.0,Summer,No Holiday,Yes
2018-08-26,243,6,20.4,88.0,0.6,1064.0,18.3,0.0,0.0,0.0,Summer,No Holiday,Yes
2018-08-26,381,7,20.7,85.0,0.5,1052.0,18.0,0.11,0.0,0.0,Summer,No Holiday,Yes
2018-08-26,566,8,22.1,74.0,1.0,1479.0,17.2,0.77,0.0,0.0,Summer,No Holiday,Yes
2018-08-26,725,9,24.2,64.0,1.2,1985.0,16.9,1.48,0.0,0.0,Summer,No Holiday,Yes
2018-08-26,681,10,26.3,53.0,1.6,2000.0,15.9,2.19,0.0,0.0,Summer,No Holiday,Yes
2018-08-26,791,11,28.0,46.0,1.7,1990.0,15.2,2.73,0.0,0.0,Summer,No Holiday,Yes
2018-08-26,1070,12,28.9,42.0,2.0,1975.0,14.6,2.5,0.0,0.0,Summer,No Holiday,Yes
2018-08-26,657,13,27.8,54.0,3.5,2000.0,17.6,1.15,0.0,0.0,Summer,No Holiday,Yes
2018-08-26,417,14,25.8,69.0,3.6,1309.0,19.6,0.56,0.1,0.0,Summer,No Holiday,Yes
2018-08-26,782,15,24.3,64.0,1.8,1931.0,17.0,0.59,0.0,0.0,Summer,No Holiday,Yes
2018-08-26,1025,16,23.5,56.0,2.3,2000.0,14.2,0.5,0.1,0.0,Summer,No Holiday,Yes
2018-08-26,1399,17,23.5,58.0,1.2,2000.0,14.7,0.52,0.0,0.0,Summer,No Holiday,Yes
2018-08-26,1479,18,23.4,67.0,0.6,2000.0,16.9,0.36,0.0,0.0,Summer,No Holiday,Yes
2018-08-26,1596,19,22.7,69.0,1.9,2000.0,16.7,0.08,0.0,0.0,Summer,No Holiday,Yes
2018-08-26,1674,20,22.4,64.0,0.8,2000.0,15.2,0.0,0.0,0.0,Summer,No Holiday,Yes
2018-08-26,1276,21,22.5,65.0,1.1,2000.0,15.5,0.0,0.0,0.0,Summer,No Holiday,Yes
2018-08-26,764,22,21.2,81.0,1.0,1808.0,17.8,0.0,1.3,0.0,Summer,No Holiday,Yes
2018-08-26,348,23,20.8,84.0,0.9,1078.0,17.9,0.0,0.5,0.0,Summer,No Holiday,Yes
2018-08-27,325,0,20.5,85.0,1.0,2000.0,17.8,0.0,0.0,0.0,Summer,No Holiday,Yes
2018-08-27,61,1,20.5,89.0,0.5,235.0,18.6,0.0,1.5,0.0,Summer,No Holiday,Yes
2018-08-27,44,2,20.3,97.0,0.7,315.0,19.8,0.0,1.0,0.0,Summer,No Holiday,Yes
2018-08-27,22,3,20.3,97.0,0.4,200.0,19.8,0.0,1.5,0.0,Summer,No Holiday,Yes
2018-08-27,27,4,20.5,97.0,0.1,257.0,20.0,0.0,3.5,0.0,Summer,No Holiday,Yes
2018-08-27,38,5,20.5,97.0,0.4,384.0,20.0,0.0,3.0,0.0,Summer,No Holiday,Yes
2018-08-27,47,6,20.6,98.0,0.7,626.0,20.2,0.0,1.0,0.0,Summer,No Holiday,Yes
2018-08-27,103,7,20.8,98.0,0.5,299.0,20.4,0.02,2.0,0.0,Summer,No Holiday,Yes
2018-08-27,328,8,21.3,97.0,1.3,1029.0,20.7,0.17,0.5,0.0,Summer,No Holiday,Yes
2018-08-27,75,9,21.5,97.0,0.9,1543.0,20.9,0.19,0.5,0.0,Summer,No Holiday,Yes
2018-08-27,104,10,21.7,97.0,1.0,1249.0,21.1,0.29,2.5,0.0,Summer,No Holiday,Yes
2018-08-27,148,11,22.0,96.0,1.6,602.0,21.3,0.36,0.5,0.0,Summer,No Holiday,Yes
2018-08-27,137,12,22.6,90.0,1.4,1963.0,20.8,1.02,1.0,0.0,Summer,No Holiday,Yes
2018-08-27,149,13,22.9,92.0,1.2,459.0,21.5,1.09,0.5,0.0,Summer,No Holiday,Yes
2018-08-27,231,14,23.3,89.0,1.5,1435.0,21.3,1.23,0.5,0.0,Summer,No Holiday,Yes
2018-08-27,580,15,24.4,87.0,1.5,1153.0,22.0,1.44,0.0,0.0,Summer,No Holiday,Yes
2018-08-27,886,16,24.7,85.0,1.2,1143.0,22.0,0.99,0.0,0.0,Summer,No Holiday,Yes
2018-08-27,1356,17,24.9,82.0,0.9,2000.0,21.6,0.67,0.0,0.0,Summer,No Holiday,Yes
2018-08-27,2153,18,24.8,83.0,0.8,1947.0,21.7,0.26,0.0,0.0,Summer,No Holiday,Yes
2018-08-27,1615,19,24.7,83.0,0.4,2000.0,21.6,0.1,0.0,0.0,Summer,No Holiday,Yes
2018-08-27,1560,20,24.4,85.0,0.7,2000.0,21.7,0.01,0.0,0.0,Summer,No Holiday,Yes
2018-08-27,1762,21,23.9,88.0,0.8,2000.0,21.7,0.0,0.0,0.0,Summer,No Holiday,Yes
2018-08-27,1571,22,23.5,88.0,0.6,2000.0,21.3,0.0,0.0,0.0,Summer,No Holiday,Yes
2018-08-27,1113,23,23.6,87.0,0.6,2000.0,21.3,0.0,0.0,0.0,Summer,No Holiday,Yes
2018-08-28,870,0,23.5,88.0,0.6,2000.0,21.3,0.0,0.0,0.0,Summer,No Holiday,Yes
2018-08-28,653,1,23.1,94.0,0.6,2000.0,22.0,0.0,0.0,0.0,Summer,No Holiday,Yes
2018-08-28,482,2,23.2,88.0,0.6,2000.0,21.0,0.0,0.0,0.0,Summer,No Holiday,Yes
2018-08-28,281,3,22.9,93.0,0.6,2000.0,21.7,0.0,0.0,0.0,Summer,No Holiday,Yes
2018-08-28,200,4,22.6,95.0,0.4,1919.0,21.7,0.0,0.0,0.0,Summer,No Holiday,Yes
2018-08-28,218,5,22.5,96.0,0.3,1605.0,21.8,0.0,0.0,0.0,Summer,No Holiday,Yes
2018-08-28,581,6,22.5,90.0,0.6,1149.0,20.7,0.0,0.0,0.0,Summer,No Holiday,Yes
2018-08-28,1182,7,22.6,88.0,0.8,2000.0,20.5,0.06,0.0,0.0,Summer,No Holiday,Yes
2018-08-28,1841,8,23.4,83.0,0.8,1998.0,20.3,0.32,0.0,0.0,Summer,No Holiday,Yes
2018-08-28,865,9,24.2,80.0,1.2,1708.0,20.5,0.57,0.0,0.0,Summer,No Holiday,Yes
2018-08-28,670,10,25.4,75.0,0.7,1995.0,20.6,0.96,0.0,0.0,Summer,No Holiday,Yes
2018-08-28,411,11,25.9,79.0,1.7,1900.0,21.9,0.9,0.0,0.0,Summer,No Holiday,Yes
2018-08-28,25,12,25.2,89.0,1.4,340.0,23.2,0.32,2.0,0.0,Summer,No Holiday,Yes
2018-08-28,31,13,24.6,97.0,0.5,765.0,24.0,0.1,9.5,0.0,Summer,No Holiday,Yes
2018-08-28,126,14,24.9,97.0,0.5,766.0,24.3,0.36,4.0,0.0,Summer,No Holiday,Yes
2018-08-28,122,15,25.2,96.0,0.6,1754.0,24.5,0.51,0.5,0.0,Summer,No Holiday,Yes
2018-08-28,60,16,25.0,97.0,0.7,1181.0,24.4,0.17,2.5,0.0,Summer,No Holiday,Yes
2018-08-28,39,17,24.8,96.0,1.8,564.0,24.1,0.14,2.5,0.0,Summer,No Holiday,Yes
2018-08-28,96,18,24.3,97.0,0.8,105.0,23.7,0.01,18.5,0.0,Summer,No Holiday,Yes
2018-08-28,84,19,23.9,98.0,0.8,1792.0,23.5,0.0,7.0,0.0,Summer,No Holiday,Yes
2018-08-28,10,20,23.3,97.0,3.3,183.0,22.7,0.0,15.5,0.0,Summer,No Holiday,Yes
2018-08-28,122,21,22.9,98.0,2.1,1146.0,22.5,0.0,29.5,0.0,Summer,No Holiday,Yes
2018-08-28,64,22,22.9,97.0,1.3,2000.0,22.3,0.0,0.5,0.0,Summer,No Holiday,Yes
2018-08-28,59,23,22.8,97.0,1.0,600.0,22.2,0.0,3.5,0.0,Summer,No Holiday,Yes
2018-08-29,208,0,22.7,96.0,0.3,2000.0,22.0,0.0,1.0,0.0,Summer,No Holiday,Yes
2018-08-29,334,1,22.8,97.0,0.5,2000.0,22.2,0.0,0.5,0.0,Summer,No Holiday,Yes
2018-08-29,243,2,24.2,91.0,3.6,1735.0,22.6,0.0,0.0,0.0,Summer,No Holiday,Yes
2018-08-29,171,3,24.5,87.0,4.3,1985.0,22.1,0.0,0.0,0.0,Summer,No Holiday,Yes
2018-08-29,128,4,24.6,86.0,4.0,1968.0,22.0,0.0,0.0,0.0,Summer,No Holiday,Yes
2018-08-29,109,5,24.6,87.0,3.6,1966.0,22.2,0.0,0.0,0.0,Summer,No Holiday,Yes
2018-08-29,346,6,24.7,85.0,3.8,2000.0,22.0,0.0,0.0,0.0,Summer,No Holiday,Yes
2018-08-29,862,7,25.0,85.0,3.0,2000.0,22.2,0.02,0.0,0.0,Summer,No Holiday,Yes
2018-08-29,1595,8,25.3,83.0,3.4,1982.0,22.1,0.14,0.0,0.0,Summer,No Holiday,Yes
2018-08-29,867,9,25.8,79.0,2.7,1963.0,21.8,0.3,0.0,0.0,Summer,No Holiday,Yes
2018-08-29,642,10,26.4,78.0,2.7,2000.0,22.2,0.44,0.0,0.0,Summer,No Holiday,Yes
2018-08-29,671,11,26.9,74.0,3.2,2000.0,21.8,0.45,0.0,0.0,Summer,No Holiday,Yes
2018-08-29,648,12,27.4,72.0,4.2,1989.0,21.8,0.54,0.0,0.0,Summer,No Holiday,Yes
2018-08-29,540,13,27.1,75.0,3.7,1972.0,22.2,0.28,0.0,0.0,Summer,No Holiday,Yes
2018-08-29,490,14,26.8,77.0,3.5,1965.0,22.4,0.11,0.0,0.0,Summer,No Holiday,Yes
2018-08-29,583,15,26.9,77.0,2.5,1937.0,22.5,0.26,0.0,0.0,Summer,No Holiday,Yes
2018-08-29,193,16,27.0,76.0,3.8,1875.0,22.3,0.21,0.0,0.0,Summer,No Holiday,Yes
2018-08-29,160,17,24.6,93.0,0.9,1451.0,23.3,0.0,1.5,0.0,Summer,No Holiday,Yes
2018-08-29,57,18,23.9,96.0,0.2,991.0,23.2,0.0,1.5,0.0,Summer,No Holiday,Yes
2018-08-29,24,19,23.5,97.0,0.3,323.0,22.9,0.0,6.5,0.0,Summer,No Holiday,Yes
2018-08-29,19,20,23.4,98.0,0.6,70.0,23.0,0.0,21.0,0.0,Summer,No Holiday,Yes
2018-08-29,22,21,23.7,98.0,0.6,410.0,23.3,0.0,5.5,0.0,Summer,No Holiday,Yes
2018-08-29,74,22,24.3,97.0,2.1,1028.0,23.7,0.0,4.5,0.0,Summer,No Holiday,Yes
2018-08-29,198,23,24.2,94.0,0.9,1808.0,23.1,0.0,1.0,0.0,Summer,No Holiday,Yes
2018-08-30,214,0,24.7,94.0,2.8,1270.0,23.6,0.0,0.0,0.0,Summer,No Holiday,Yes
2018-08-30,99,1,24.9,92.0,2.2,1125.0,23.5,0.0,0.5,0.0,Summer,No Holiday,Yes
2018-08-30,80,2,24.7,96.0,1.0,337.0,24.0,0.0,6.5,0.0,Summer,No Holiday,Yes
2018-08-30,81,3,24.1,97.0,2.5,1989.0,23.5,0.0,1.5,0.0,Summer,No Holiday,Yes
2018-08-30,42,4,23.9,96.0,0.4,1797.0,23.2,0.0,0.0,0.0,Summer,No Holiday,Yes
2018-08-30,73,5,24.0,97.0,0.9,1347.0,23.4,0.0,0.5,0.0,Summer,No Holiday,Yes
2018-08-30,285,6,24.2,96.0,1.6,1206.0,23.5,0.0,0.0,0.0,Summer,No Holiday,Yes
2018-08-30,771,7,24.3,96.0,1.4,1025.0,23.6,0.04,0.0,0.0,Summer,No Holiday,Yes
2018-08-30,1330,8,24.6,96.0,1.0,883.0,23.9,0.19,0.0,0.0,Summer,No Holiday,Yes
2018-08-30,846,9,25.0,92.0,1.1,782.0,23.6,0.39,0.0,0.0,Summer,No Holiday,Yes
2018-08-30,589,10,26.1,81.0,1.5,860.0,22.5,1.05,0.0,0.0,Summer,No Holiday,Yes
2018-08-30,716,11,26.2,82.0,2.6,834.0,22.8,0.59,0.0,0.0,Summer,No Holiday,Yes
2018-08-30,768,12,27.0,74.0,2.5,915.0,21.9,0.94,0.0,0.0,Summer,No Holiday,Yes
2018-08-30,865,13,28.2,66.0,2.2,1006.0,21.2,1.81,0.0,0.0,Summer,No Holiday,Yes
2018-08-30,837,14,27.5,66.0,2.8,989.0,20.5,0.76,0.0,0.0,Summer,No Holiday,Yes
2018-08-30,982,15,27.2,69.0,3.5,963.0,21.0,0.95,0.0,0.0,Summer,No Holiday,Yes
2018-08-30,1142,16,27.6,68.0,2.1,1038.0,21.1,1.46,0.0,0.0,Summer,No Holiday,Yes
2018-08-30,1473,17,26.8,73.0,2.6,916.0,21.5,0.37,0.0,0.0,Summer,No Holiday,Yes
2018-08-30,1887,18,26.1,72.0,2.4,1066.0,20.6,0.19,0.0,0.0,Summer,No Holiday,Yes
2018-08-30,1707,19,25.1,74.0,2.1,1105.0,20.1,0.0,0.5,0.0,Summer,No Holiday,Yes
2018-08-30,1685,20,24.9,70.0,1.2,1377.0,19.0,0.0,0.0,0.0,Summer,No Holiday,Yes
2018-08-30,1732,21,24.8,72.0,1.4,1298.0,19.4,0.0,0.0,0.0,Summer,No Holiday,Yes
2018-08-30,1582,22,24.6,71.0,1.5,1319.0,18.9,0.0,0.0,0.0,Summer,No Holiday,Yes
2018-08-30,1173,23,24.3,71.0,0.8,1549.0,18.6,0.0,0.0,0.0,Summer,No Holiday,Yes
2018-08-31,861,0,23.9,75.0,1.7,1192.0,19.1,0.0,0.0,0.0,Summer,No Holiday,Yes
2018-08-31,652,1,23.7,77.0,1.1,1099.0,19.4,0.0,0.0,0.0,Summer,No Holiday,Yes
2018-08-31,381,2,23.4,79.0,0.4,1045.0,19.5,0.0,0.0,0.0,Summer,No Holiday,Yes
2018-08-31,297,3,23.3,81.0,1.7,1068.0,19.8,0.0,0.0,0.0,Summer,No Holiday,Yes
2018-08-31,170,4,23.2,83.0,1.6,1102.0,20.1,0.0,0.0,0.0,Summer,No Holiday,Yes
2018-08-31,217,5,23.1,84.0,0.5,1022.0,20.2,0.0,0.0,0.0,Summer,No Holiday,Yes
2018-08-31,436,6,22.9,83.0,0.0,1239.0,19.8,0.0,0.0,0.0,Summer,No Holiday,Yes
2018-08-31,828,7,22.9,83.0,0.6,1127.0,19.8,0.01,0.0,0.0,Summer,No Holiday,Yes
2018-08-31,1686,8,23.1,80.0,0.2,1066.0,19.4,0.27,0.1,0.0,Summer,No Holiday,Yes
2018-08-31,1049,9,24.1,69.0,0.9,1662.0,18.0,0.76,0.0,0.0,Summer,No Holiday,Yes
2018-08-31,794,10,25.5,53.0,2.3,1843.0,15.2,1.81,0.0,0.0,Summer,No Holiday,Yes
2018-08-31,868,11,26.7,51.0,2.7,1925.0,15.7,2.65,0.0,0.0,Summer,No Holiday,Yes
2018-08-31,982,12,27.8,47.0,2.9,1905.0,15.4,2.99,0.0,0.0,Summer,No Holiday,Yes
2018-08-31,965,13,28.7,46.0,2.6,1815.0,15.9,3.1,0.0,0.0,Summer,No Holiday,Yes
2018-08-31,987,14,29.3,41.0,1.9,1928.0,14.6,3.0,0.0,0.0,Summer,No Holiday,Yes
2018-08-31,1119,15,30.3,41.0,2.5,1864.0,15.5,2.72,0.0,0.0,Summer,No Holiday,Yes
2018-08-31,1404,16,29.7,51.0,3.0,2000.0,18.4,2.27,0.0,0.0,Summer,No Holiday,Yes
2018-08-31,1869,17,29.1,49.0,2.8,1969.0,17.2,1.57,0.0,0.0,Summer,No Holiday,Yes
2018-08-31,2836,18,28.4,57.0,2.4,2000.0,19.0,0.84,0.0,0.0,Summer,No Holiday,Yes
2018-08-31,2372,19,26.5,69.0,2.3,2000.0,20.3,0.18,0.0,0.0,Summer,No Holiday,Yes
2018-08-31,1995,20,25.4,74.0,1.6,2000.0,20.4,0.0,0.0,0.0,Summer,No Holiday,Yes
2018-08-31,1931,21,24.5,78.0,1.2,2000.0,20.4,0.0,0.0,0.0,Summer,No Holiday,Yes
2018-08-31,1789,22,24.1,80.0,0.9,1852.0,20.4,0.0,0.0,0.0,Summer,No Holiday,Yes
2018-08-31,1329,23,23.8,81.0,0.6,1893.0,20.3,0.0,0.0,0.0,Summer,No Holiday,Yes
2018-09-01,1075,0,23.2,83.0,0.5,1887.0,20.1,0.0,0.0,0.0,Autumn,No Holiday,Yes
2018-09-01,975,1,22.7,83.0,0.1,1940.0,19.6,0.0,0.0,0.0,Autumn,No Holiday,Yes
2018-09-01,785,2,22.0,86.0,0.4,1703.0,19.5,0.0,0.0,0.0,Autumn,No Holiday,Yes
2018-09-01,514,3,21.6,87.0,0.3,1579.0,19.3,0.0,0.0,0.0,Autumn,No Holiday,Yes
2018-09-01,338,4,21.2,88.0,0.9,1183.0,19.1,0.0,0.0,0.0,Autumn,No Holiday,Yes
2018-09-01,260,5,21.1,87.0,0.6,1116.0,18.8,0.0,0.0,0.0,Autumn,No Holiday,Yes
2018-09-01,362,6,20.9,87.0,0.7,1198.0,18.6,0.0,0.0,0.0,Autumn,No Holiday,Yes
2018-09-01,511,7,21.1,81.0,1.0,1738.0,17.7,0.14,0.0,0.0,Autumn,No Holiday,Yes
2018-09-01,812,8,22.3,64.0,1.7,2000.0,15.1,0.75,0.0,0.0,Autumn,No Holiday,Yes
2018-09-01,925,9,24.1,56.0,2.1,1956.0,14.7,1.46,0.0,0.0,Autumn,No Holiday,Yes
2018-09-01,861,10,26.0,54.0,1.5,2000.0,15.9,2.13,0.0,0.0,Autumn,No Holiday,Yes
2018-09-01,981,11,27.6,47.0,1.2,2000.0,15.2,2.63,0.0,0.0,Autumn,No Holiday,Yes
2018-09-01,1086,12,28.9,46.0,1.6,1966.0,16.1,2.96,0.0,0.0,Autumn,No Holiday,Yes
2018-09-01,1303,13,29.4,48.0,1.9,1942.0,17.2,2.88,0.0,0.0,Autumn,No Holiday,Yes
2018-09-01,1371,14,29.7,42.0,1.4,2000.0,15.4,2.37,0.0,0.0,Autumn,No Holiday,Yes
2018-09-01,1480,15,30.0,45.0,0.9,2000.0,16.7,2.1,0.0,0.0,Autumn,No Holiday,Yes
2018-09-01,1678,16,30.5,41.0,1.4,1930.0,15.7,1.95,0.0,0.0,Autumn,No Holiday,Yes
2018-09-01,1845,17,29.6,42.0,1.3,2000.0,15.3,0.98,0.0,0.0,Autumn,No Holiday,Yes
2018-09-01,1892,18,28.8,46.0,1.3,2000.0,16.0,0.58,0.0,0.0,Autumn,No Holiday,Yes
2018-09-01,1891,19,27.8,48.0,1.1,2000.0,15.7,0.08,0.0,0.0,Autumn,No Holiday,Yes
2018-09-01,1440,20,26.9,49.0,2.1,2000.0,15.2,0.0,0.0,0.0,Autumn,No Holiday,Yes
2018-09-01,1110,21,26.0,52.0,1.4,2000.0,15.3,0.0,0.0,0.0,Autumn,No Holiday,Yes
2018-09-01,992,22,25.1,53.0,2.0,2000.0,14.8,0.0,0.0,0.0,Autumn,No Holiday,Yes
2018-09-01,1523,23,24.4,54.0,1.6,2000.0,14.4,0.0,0.0,0.0,Autumn,No Holiday,Yes
2018-09-02,1336,0,23.5,56.0,1.5,2000.0,14.2,0.0,0.0,0.0,Autumn,No Holiday,Yes
2018-09-02,930,1,22.8,59.0,1.5,2000.0,14.3,0.0,0.0,0.0,Autumn,No Holiday,Yes
2018-09-02,610,2,22.0,60.0,1.2,2000.0,13.8,0.0,0.0,0.0,Autumn,No Holiday,Yes
2018-09-02,440,3,21.5,61.0,1.3,2000.0,13.6,0.0,0.0,0.0,Autumn,No Holiday,Yes
2018-09-02,255,4,21.1,62.0,1.8,2000.0,13.5,0.0,0.0,0.0,Autumn,No Holiday,Yes
2018-09-02,179,5,20.6,65.0,1.1,2000.0,13.7,0.0,0.0,0.0,Autumn,No Holiday,Yes
2018-09-02,249,6,20.2,66.0,1.0,2000.0,13.6,0.0,0.0,0.0,Autumn,No Holiday,Yes
2018-09-02,388,7,20.2,65.0,1.4,2000.0,13.4,0.16,0.0,0.0,Autumn,No Holiday,Yes
2018-09-02,576,8,21.3,57.0,1.3,2000.0,12.4,0.81,0.0,0.0,Autumn,No Holiday,Yes
2018-09-02,721,9,23.4,52.0,1.3,1997.0,12.9,1.53,0.0,0.0,Autumn,No Holiday,Yes
2018-09-02,802,10,25.0,47.0,1.5,2000.0,12.8,2.17,0.0,0.0,Autumn,No Holiday,Yes
2018-09-02,940,11,26.5,44.0,1.4,1958.0,13.2,2.62,0.0,0.0,Autumn,No Holiday,Yes
2018-09-02,1075,12,27.5,43.0,1.4,1959.0,13.7,2.75,0.0,0.0,Autumn,No Holiday,Yes
2018-09-02,1254,13,28.5,42.0,1.7,1990.0,14.3,2.94,0.0,0.0,Autumn,No Holiday,Yes
2018-09-02,1395,14,29.1,43.0,1.4,2000.0,15.2,2.39,0.0,0.0,Autumn,No Holiday,Yes
2018-09-02,1550,15,29.3,43.0,1.5,1958.0,15.4,2.4,0.0,0.0,Autumn,No Holiday,Yes
2018-09-02,1853,16,29.3,44.0,1.4,1997.0,15.7,1.32,0.0,0.0,Autumn,No Holiday,Yes
2018-09-02,2069,17,28.8,47.0,2.0,1998.0,16.3,1.0,0.0,0.0,Autumn,No Holiday,Yes
2018-09-02,2118,18,27.9,52.0,1.7,2000.0,17.1,0.2,0.0,0.0,Autumn,No Holiday,Yes
2018-09-02,1986,19,27.3,54.0,1.5,2000.0,17.1,0.05,0.0,0.0,Autumn,No Holiday,Yes
2018-09-02,1838,20,26.9,56.0,1.6,2000.0,17.3,0.0,0.0,0.0,Autumn,No Holiday,Yes
2018-09-02,1759,21,26.2,62.0,2.3,2000.0,18.3,0.0,0.0,0.0,Autumn,No Holiday,Yes
2018-09-02,1511,22,25.7,64.0,1.1,2000.0,18.3,0.0,0.0,0.0,Autumn,No Holiday,Yes
2018-09-02,1047,23,25.1,65.0,2.2,2000.0,18.0,0.0,0.0,0.0,Autumn,No Holiday,Yes
2018-09-03,763,0,24.7,67.0,1.2,2000.0,18.1,0.0,0.0,0.0,Autumn,No Holiday,Yes
2018-09-03,524,1,24.5,68.0,0.5,2000.0,18.1,0.0,0.0,0.0,Autumn,No Holiday,Yes
2018-09-03,321,2,24.3,68.0,1.0,2000.0,18.0,0.0,0.0,0.0,Autumn,No Holiday,Yes
2018-09-03,211,3,24.2,70.0,0.3,2000.0,18.3,0.0,0.0,0.0,Autumn,No Holiday,Yes
2018-09-03,153,4,24.0,70.0,1.2,2000.0,18.1,0.0,0.0,0.0,Autumn,No Holiday,Yes
2018-09-03,264,5,23.9,70.0,1.5,2000.0,18.0,0.0,0.0,0.0,Autumn,No Holiday,Yes
2018-09-03,656,6,23.8,71.0,1.2,2000.0,18.2,0.0,0.0,0.0,Autumn,No Holiday,Yes
2018-09-03,1287,7,23.9,71.0,0.4,2000.0,18.3,0.02,0.0,0.0,Autumn,No Holiday,Yes
2018-09-03,1580,8,24.2,70.0,1.4,2000.0,18.3,0.16,0.0,0.0,Autumn,No Holiday,Yes
2018-09-03,719,9,23.6,86.0,1.2,336.0,21.1,0.14,2.0,0.0,Autumn,No Holiday,Yes
2018-09-03,434,10,23.3,89.0,0.7,1716.0,21.3,0.2,0.5,0.0,Autumn,No Holiday,Yes
2018-09-03,443,11,23.7,86.0,0.6,1798.0,21.2,0.31,0.0,0.0,Autumn,No Holiday,Yes
2018-09-03,673,12,23.9,83.0,1.1,1901.0,20.8,0.27,0.0,0.0,Autumn,No Holiday,Yes
2018-09-03,731,13,24.9,78.0,1.5,1910.0,20.7,0.72,0.0,0.0,Autumn,No Holiday,Yes
2018-09-03,532,14,25.6,77.0,0.8,1930.0,21.2,0.78,0.0,0.0,Autumn,No Holiday,Yes
2018-09-03,137,15,25.7,81.0,0.7,1825.0,22.1,0.43,0.0,0.0,Autumn,No Holiday,Yes
2018-09-03,39,16,25.5,91.0,1.3,403.0,23.9,0.23,3.5,0.0,Autumn,No Holiday,Yes
2018-09-03,23,17,22.7,96.0,4.9,452.0,22.0,0.07,13.0,0.0,Autumn,No Holiday,Yes
2018-09-03,113,18,21.9,97.0,1.8,757.0,21.3,0.02,13.0,0.0,Autumn,No Holiday,Yes
2018-09-03,73,19,21.7,97.0,0.2,1154.0,21.1,0.01,1.0,0.0,Autumn,No Holiday,Yes
2018-09-03,151,20,21.5,97.0,0.3,2000.0,20.9,0.0,0.5,0.0,Autumn,No Holiday,Yes
2018-09-03,110,21,21.6,97.0,0.5,646.0,21.0,0.0,0.5,0.0,Autumn,No Holiday,Yes
2018-09-03,379,22,21.7,97.0,0.4,440.0,21.1,0.0,0.5,0.0,Autumn,No Holiday,Yes
2018-09-03,486,23,21.7,97.0,0.8,838.0,21.1,0.0,0.0,0.0,Autumn,No Holiday,Yes
2018-09-04,500,0,21.4,97.0,0.1,404.0,20.8,0.0,0.0,0.0,Autumn,No Holiday,Yes
2018-09-04,486,1,21.3,97.0,1.1,570.0,20.7,0.0,0.0,0.0,Autumn,No Holiday,Yes
2018-09-04,324,2,20.9,96.0,0.4,970.0,20.2,0.0,0.0,0.0,Autumn,No Holiday,Yes
2018-09-04,223,3,20.6,97.0,0.2,500.0,20.1,0.0,0.0,0.0,Autumn,No Holiday,Yes
2018-09-04,186,4,20.4,97.0,2.7,704.0,19.9,0.0,0.0,0.0,Autumn,No Holiday,Yes
2018-09-04,219,5,20.2,97.0,1.2,528.0,19.7,0.0,0.0,0.0,Autumn,No Holiday,Yes
2018-09-04,602,6,20.0,97.0,0.0,647.0,19.5,0.0,0.0,0.0,Autumn,No Holiday,Yes
2018-09-04,1289,7,20.1,97.0,1.9,443.0,19.6,0.03,0.0,0.0,Autumn,No Holiday,Yes
2018-09-04,2059,8,20.5,90.0,1.9,490.0,18.7,0.53,0.0,0.0,Autumn,No Holiday,Yes
2018-09-04,1083,9,21.6,81.0,2.3,1669.0,18.1,1.2,0.0,0.0,Autumn,No Holiday,Yes
2018-09-04,822,10,23.1,73.0,3.1,2000.0,17.9,2.24,0.0,0.0,Autumn,No Holiday,Yes
2018-09-04,940,11,24.5,64.0,2.7,2000.0,17.2,2.7,0.0,0.0,Autumn,No Holiday,Yes
2018-09-04,995,12,25.8,57.0,2.8,2000.0,16.6,3.02,0.0,0.0,Autumn,No Holiday,Yes
2018-09-04,997,13,26.5,58.0,2.8,2000.0,17.5,2.87,0.0,0.0,Autumn,No Holiday,Yes
2018-09-04,987,14,27.4,52.0,3.8,1998.0,16.6,2.67,0.0,0.0,Autumn,No Holiday,Yes
2018-09-04,1178,15,26.7,51.0,3.4,2000.0,15.7,2.09,0.0,0.0,Autumn,No Holiday,Yes
2018-09-04,1429,16,27.1,47.0,4.3,2000.0,14.8,1.82,0.0,0.0,Autumn,No Holiday,Yes
2018-09-04,1993,17,27.6,47.0,3.3,2000.0,15.2,1.49,0.0,0.0,Autumn,No Holiday,Yes
2018-09-04,3166,18,26.8,53.0,2.6,2000.0,16.4,0.8,0.0,0.0,Autumn,No Holiday,Yes
2018-09-04,2491,19,25.1,49.0,3.1,2000.0,13.6,0.18,0.0,0.0,Autumn,No Holiday,Yes
2018-09-04,2259,20,23.7,49.0,3.3,2000.0,12.3,0.0,0.0,0.0,Autumn,No Holiday,Yes
2018-09-04,2212,21,22.9,55.0,3.0,2000.0,13.3,0.0,0.0,0.0,Autumn,No Holiday,Yes
2018-09-04,1856,22,22.2,58.0,1.5,2000.0,13.5,0.0,0.0,0.0,Autumn,No Holiday,Yes
2018-09-04,1233,23,21.7,60.0,0.5,2000.0,13.5,0.0,0.0,0.0,Autumn,No Holiday,Yes
2018-09-05,983,0,21.1,64.0,1.5,2000.0,14.0,0.0,0.0,0.0,Autumn,No Holiday,Yes
2018-09-05,748,1,20.9,66.0,1.1,2000.0,14.3,0.0,0.0,0.0,Autumn,No Holiday,Yes
2018-09-05,493,2,20.6,72.0,0.9,2000.0,15.3,0.0,0.0,0.0,Autumn,No Holiday,Yes
2018-09-05,376,3,20.2,77.0,0.4,2000.0,16.0,0.0,0.0,0.0,Autumn,No Holiday,Yes
2018-09-05,220,4,19.9,81.0,0.2,2000.0,16.5,0.0,0.0,0.0,Autumn,No Holiday,Yes
2018-09-05,249,5,19.7,82.0,0.5,2000.0,16.5,0.0,0.0,0.0,Autumn,No Holiday,Yes
2018-09-05,676,6,19.8,82.0,0.5,2000.0,16.6,0.0,0.0,0.0,Autumn,No Holiday,Yes
2018-09-05,1487,7,19.8,79.0,0.9,2000.0,16.0,0.13,0.0,0.0,Autumn,No Holiday,Yes
2018-09-05,2312,8,21.2,69.0,1.9,2000.0,15.2,0.74,0.0,0.0,Autumn,No Holiday,Yes
2018-09-05,1195,9,23.4,59.0,3.0,1974.0,14.9,1.46,0.0,0.0,Autumn,No Holiday,Yes
2018-09-05,847,10,25.4,49.0,3.9,1996.0,13.9,2.13,0.0,0.0,Autumn,No Holiday,Yes
2018-09-05,937,11,26.4,47.0,2.9,2000.0,14.1,2.38,0.0,0.0,Autumn,No Holiday,Yes
2018-09-05,1072,12,27.1,44.0,5.0,2000.0,13.7,2.8,0.0,0.0,Autumn,No Holiday,Yes
2018-09-05,1039,13,27.3,46.0,4.8,1983.0,14.6,2.92,0.0,0.0,Autumn,No Holiday,Yes
2018-09-05,989,14,27.9,42.0,5.0,1914.0,13.7,2.79,0.0,0.0,Autumn,No Holiday,Yes
2018-09-05,1131,15,28.1,43.0,5.1,1929.0,14.3,2.65,0.0,0.0,Autumn,No Holiday,Yes
2018-09-05,1446,16,28.2,37.0,4.0,1987.0,12.1,2.03,0.0,0.0,Autumn,No Holiday,Yes
2018-09-05,2068,17,27.7,40.0,5.0,2000.0,12.8,1.51,0.0,0.0,Autumn,No Holiday,Yes
2018-09-05,3160,18,27.0,45.0,2.4,2000.0,14.0,0.77,0.0,0.0,Autumn,No Holiday,Yes
2018-09-05,2468,19,25.4,55.0,3.2,2000.0,15.6,0.15,0.0,0.0,Autumn,No Holiday,Yes
2018-09-05,2177,20,24.5,64.0,2.0,2000.0,17.2,0.0,0.0,0.0,Autumn,No Holiday,Yes
2018-09-05,2024,21,23.9,75.0,2.3,1975.0,19.1,0.0,0.0,0.0,Autumn,No Holiday,Yes
2018-09-05,1798,22,23.6,82.0,1.8,1673.0,20.3,0.0,0.0,0.0,Autumn,No Holiday,Yes
2018-09-05,1219,23,23.0,83.0,1.8,1469.0,19.9,0.0,0.0,0.0,Autumn,No Holiday,Yes
2018-09-06,963,0,22.5,83.0,0.5,1593.0,19.4,0.0,0.0,0.0,Autumn,No Holiday,Yes
2018-09-06,743,1,21.9,85.0,0.2,1410.0,19.2,0.0,0.0,0.0,Autumn,No Holiday,Yes
2018-09-06,531,2,21.6,86.0,0.2,1353.0,19.1,0.0,0.0,0.0,Autumn,No Holiday,Yes
2018-09-06,320,3,21.5,85.0,0.1,1282.0,18.8,0.0,0.0,0.0,Autumn,No Holiday,Yes
2018-09-06,215,4,21.6,87.0,0.4,951.0,19.3,0.0,0.0,0.0,Autumn,No Holiday,Yes
2018-09-06,247,5,21.7,87.0,0.6,846.0,19.4,0.0,0.0,0.0,Autumn,No Holiday,Yes
2018-09-06,680,6,21.4,84.0,0.8,1506.0,18.5,0.0,0.0,0.0,Autumn,No Holiday,Yes
2018-09-06,1438,7,20.9,83.0,0.4,1388.0,17.8,0.09,0.0,0.0,Autumn,No Holiday,Yes
2018-09-06,2270,8,21.8,77.0,0.9,1419.0,17.5,0.43,0.0,0.0,Autumn,No Holiday,Yes
2018-09-06,1186,9,23.5,72.0,0.5,1485.0,18.1,0.95,0.0,0.0,Autumn,No Holiday,Yes
2018-09-06,835,10,24.6,70.0,1.2,1454.0,18.7,0.96,0.0,0.0,Autumn,No Holiday,Yes
2018-09-06,941,11,25.9,63.0,2.5,1693.0,18.3,1.32,0.0,0.0,Autumn,No Holiday,Yes
2018-09-06,1041,12,26.9,60.0,2.3,1592.0,18.4,1.67,0.0,0.0,Autumn,No Holiday,Yes
2018-09-06,1049,13,28.0,52.0,2.3,1642.0,17.2,1.85,0.0,0.0,Autumn,No Holiday,Yes
2018-09-06,1032,14,27.9,47.0,3.2,1869.0,15.5,1.65,0.0,0.0,Autumn,No Holiday,Yes
2018-09-06,1089,15,27.8,48.0,3.0,1880.0,15.7,0.93,0.0,0.0,Autumn,No Holiday,Yes
2018-09-06,1292,16,26.9,55.0,3.9,1909.0,17.0,0.54,0.0,0.0,Autumn,No Holiday,Yes
2018-09-06,1525,17,26.6,63.0,3.0,2000.0,18.9,0.43,0.0,0.0,Autumn,No Holiday,Yes
2018-09-06,2497,18,25.8,58.0,2.9,2000.0,16.9,0.16,0.0,0.0,Autumn,No Holiday,Yes
2018-09-06,1990,19,25.3,71.0,3.3,2000.0,19.6,0.05,0.0,0.0,Autumn,No Holiday,Yes
2018-09-06,1900,20,25.1,71.0,3.6,2000.0,19.4,0.0,0.0,0.0,Autumn,No Holiday,Yes
2018-09-06,1851,21,24.6,70.0,2.5,2000.0,18.7,0.0,0.0,0.0,Autumn,No Holiday,Yes
2018-09-06,1641,22,24.3,71.0,2.5,1992.0,18.6,0.0,0.0,0.0,Autumn,No Holiday,Yes
2018-09-06,562,23,23.9,71.0,4.7,1982.0,18.3,0.0,0.0,0.0,Autumn,No Holiday,Yes
2018-09-07,556,0,21.3,82.0,3.5,1933.0,18.0,0.0,1.0,0.0,Autumn,No Holiday,Yes
2018-09-07,345,1,21.6,77.0,2.6,1777.0,17.3,0.0,0.0,0.0,Autumn,No Holiday,Yes
2018-09-07,259,2,21.3,76.0,2.2,1559.0,16.8,0.0,0.5,0.0,Autumn,No Holiday,Yes
2018-09-07,259,3,21.1,75.0,1.8,1551.0,16.4,0.0,0.0,0.0,Autumn,No Holiday,Yes
2018-09-07,185,4,20.8,66.0,1.5,1719.0,14.2,0.0,0.0,0.0,Autumn,No Holiday,Yes
2018-09-07,247,5,20.5,67.0,1.2,1649.0,14.1,0.0,0.0,0.0,Autumn,No Holiday,Yes
2018-09-07,624,6,20.2,70.0,1.6,1690.0,14.5,0.0,0.0,0.0,Autumn,No Holiday,Yes
2018-09-07,1346,7,20.3,74.0,1.8,1372.0,15.5,0.07,0.0,0.0,Autumn,No Holiday,Yes
2018-09-07,2260,8,20.5,78.0,2.5,1250.0,16.5,0.32,0.0,0.0,Autumn,No Holiday,Yes
2018-09-07,1194,9,21.3,63.0,2.7,1969.0,13.9,1.15,0.0,0.0,Autumn,No Holiday,Yes
2018-09-07,896,10,22.6,58.0,1.8,1962.0,13.9,2.02,0.0,0.0,Autumn,No Holiday,Yes
2018-09-07,988,11,23.8,51.0,3.5,1970.0,13.0,2.62,0.0,0.0,Autumn,No Holiday,Yes
2018-09-07,1213,12,24.2,50.0,3.8,2000.0,13.1,2.85,0.0,0.0,Autumn,No Holiday,Yes
2018-09-07,1119,13,24.3,50.0,2.9,2000.0,13.2,2.37,0.0,0.0,Autumn,No Holiday,Yes
2018-09-07,1187,14,25.2,43.0,3.2,1981.0,11.7,2.59,0.0,0.0,Autumn,No Holiday,Yes
2018-09-07,1391,15,24.7,44.0,4.2,2000.0,11.6,1.92,0.0,0.0,Autumn,No Holiday,Yes
2018-09-07,1577,16,25.2,39.0,2.8,1987.0,10.2,1.65,0.0,0.0,Autumn,No Holiday,Yes
2018-09-07,2183,17,24.5,37.0,3.2,2000.0,8.8,1.04,0.0,0.0,Autumn,No Holiday,Yes
2018-09-07,3154,18,24.4,34.0,2.4,2000.0,7.5,0.84,0.0,0.0,Autumn,No Holiday,Yes
2018-09-07,2365,19,22.6,39.0,2.8,2000.0,7.9,0.14,0.0,0.0,Autumn,No Holiday,Yes
2018-09-07,1959,20,21.6,43.0,1.4,2000.0,8.4,0.0,0.0,0.0,Autumn,No Holiday,Yes
2018-09-07,1915,21,20.6,48.0,2.1,2000.0,9.1,0.0,0.0,0.0,Autumn,No Holiday,Yes
2018-09-07,1796,22,19.8,51.0,1.2,2000.0,9.3,0.0,0.0,0.0,Autumn,No Holiday,Yes
2018-09-07,1363,23,19.4,50.0,2.8,2000.0,8.6,0.0,0.0,0.0,Autumn,No Holiday,Yes
2018-09-08,1107,0,19.2,53.0,3.7,2000.0,9.3,0.0,0.0,0.0,Autumn,No Holiday,Yes
2018-09-08,1001,1,18.9,55.0,2.3,2000.0,9.6,0.0,0.0,0.0,Autumn,No Holiday,Yes
2018-09-08,692,2,18.5,57.0,2.3,2000.0,9.8,0.0,0.0,0.0,Autumn,No Holiday,Yes
2018-09-08,504,3,17.8,60.0,0.2,2000.0,9.9,0.0,0.0,0.0,Autumn,No Holiday,Yes
2018-09-08,285,4,17.2,66.0,0.6,2000.0,10.7,0.0,0.0,0.0,Autumn,No Holiday,Yes
2018-09-08,227,5,16.7,70.0,0.8,2000.0,11.1,0.0,0.0,0.0,Autumn,No Holiday,Yes
2018-09-08,322,6,16.2,70.0,0.3,2000.0,10.7,0.0,0.0,0.0,Autumn,No Holiday,Yes
2018-09-08,511,7,16.0,70.0,1.1,2000.0,10.5,0.11,0.0,0.0,Autumn,No Holiday,Yes
2018-09-08,827,8,17.1,57.0,1.0,1979.0,8.5,0.76,0.0,0.0,Autumn,No Holiday,Yes
2018-09-08,956,9,19.9,51.0,0.6,1906.0,9.4,1.46,0.0,0.0,Autumn,No Holiday,Yes
2018-09-08,1096,10,22.2,43.0,0.9,1891.0,9.0,2.09,0.0,0.0,Autumn,No Holiday,Yes
2018-09-08,1179,11,24.2,41.0,1.5,1818.0,10.1,2.62,0.0,0.0,Autumn,No Holiday,Yes
2018-09-08,1273,12,25.2,36.0,2.4,1995.0,9.0,2.93,0.0,0.0,Autumn,No Holiday,Yes
2018-09-08,1505,13,26.1,32.0,3.0,1985.0,8.1,3.06,0.0,0.0,Autumn,No Holiday,Yes
2018-09-08,1554,14,26.8,31.0,2.8,2000.0,8.2,2.96,0.0,0.0,Autumn,No Holiday,Yes
2018-09-08,1792,15,26.9,33.0,2.9,1997.0,9.2,2.65,0.0,0.0,Autumn,No Holiday,Yes
2018-09-08,1943,16,27.7,32.0,1.4,2000.0,9.4,2.05,0.0,0.0,Autumn,No Holiday,Yes
2018-09-08,2167,17,27.2,35.0,1.7,2000.0,10.3,1.32,0.0,0.0,Autumn,No Holiday,Yes
2018-09-08,2255,18,25.7,38.0,1.5,2000.0,10.3,0.64,0.0,0.0,Autumn,No Holiday,Yes
2018-09-08,1978,19,24.0,41.0,1.9,2000.0,9.9,0.1,0.0,0.0,Autumn,No Holiday,Yes
2018-09-08,1944,20,22.8,45.0,2.0,2000.0,10.2,0.0,0.0,0.0,Autumn,No Holiday,Yes
2018-09-08,1878,21,22.1,49.0,1.7,2000.0,10.8,0.0,0.0,0.0,Autumn,No Holiday,Yes
2018-09-08,1675,22,21.5,51.0,2.0,2000.0,10.9,0.0,0.0,0.0,Autumn,No Holiday,Yes
2018-09-08,1142,23,20.7,52.0,1.4,2000.0,10.4,0.0,0.0,0.0,Autumn,No Holiday,Yes
2018-09-09,1185,0,19.6,53.0,1.5,2000.0,9.7,0.0,0.0,0.0,Autumn,No Holiday,Yes
2018-09-09,835,1,18.8,54.0,0.1,2000.0,9.2,0.0,0.0,0.0,Autumn,No Holiday,Yes
2018-09-09,589,2,18.1,57.0,0.3,2000.0,9.4,0.0,0.0,0.0,Autumn,No Holiday,Yes
2018-09-09,395,3,17.4,57.0,0.6,2000.0,8.7,0.0,0.0,0.0,Autumn,No Holiday,Yes
2018-09-09,264,4,17.0,59.0,0.0,2000.0,8.9,0.0,0.0,0.0,Autumn,No Holiday,Yes
2018-09-09,165,5,16.3,66.0,0.5,2000.0,9.9,0.0,0.0,0.0,Autumn,No Holiday,Yes
2018-09-09,255,6,15.8,69.0,0.9,2000.0,10.1,0.0,0.0,0.0,Autumn,No Holiday,Yes
2018-09-09,366,7,15.7,68.0,0.9,2000.0,9.8,0.05,0.0,0.0,Autumn,No Holiday,Yes
2018-09-09,644,8,17.4,56.0,0.8,2000.0,8.5,0.49,0.0,0.0,Autumn,No Holiday,Yes
2018-09-09,803,9,20.4,51.0,1.8,2000.0,9.9,1.43,0.0,0.0,Autumn,No Holiday,Yes
2018-09-09,928,10,22.9,45.0,1.5,2000.0,10.3,2.1,0.0,0.0,Autumn,No Holiday,Yes
2018-09-09,1051,11,24.4,41.0,1.3,1982.0,10.2,2.61,0.0,0.0,Autumn,No Holiday,Yes
2018-09-09,1220,12,25.9,39.0,1.2,1950.0,10.8,2.89,0.0,0.0,Autumn,No Holiday,Yes
2018-09-09,1432,13,27.2,32.0,1.7,2000.0,9.0,3.12,0.0,0.0,Autumn,No Holiday,Yes
2018-09-09,1662,14,28.2,29.0,2.0,2000.0,8.4,3.09,0.0,0.0,Autumn,No Holiday,Yes
2018-09-09,1877,15,28.9,27.0,1.8,2000.0,8.0,2.9,0.0,0.0,Autumn,No Holiday,Yes
2018-09-09,2099,16,27.1,35.0,0.9,2000.0,10.3,1.27,0.0,0.0,Autumn,No Holiday,Yes
2018-09-09,2201,17,27.7,33.0,1.1,2000.0,9.9,1.21,0.0,0.0,Autumn,No Holiday,Yes
2018-09-09,2368,18,26.0,35.0,0.3,2000.0,9.3,0.2,0.0,0.0,Autumn,No Holiday,Yes
2018-09-09,2033,19,24.1,56.0,2.5,2000.0,14.7,0.04,0.0,0.0,Autumn,No Holiday,Yes
2018-09-09,1930,20,22.9,58.0,2.6,2000.0,14.1,0.0,0.0,0.0,Autumn,No Holiday,Yes
2018-09-09,1820,21,22.2,57.0,1.2,2000.0,13.2,0.0,0.0,0.0,Autumn,No Holiday,Yes
2018-09-09,1291,22,21.8,54.0,1.6,2000.0,12.0,0.0,0.0,0.0,Autumn,No Holiday,Yes
2018-09-09,941,23,21.2,56.0,2.5,2000.0,12.0,0.0,0.0,0.0,Autumn,No Holiday,Yes
2018-09-10,792,0,20.7,57.0,1.8,2000.0,11.8,0.0,0.0,0.0,Autumn,No Holiday,Yes
2018-09-10,487,1,20.5,58.0,1.7,2000.0,11.9,0.0,0.0,0.0,Autumn,No Holiday,Yes
2018-09-10,332,2,20.0,59.0,1.5,2000.0,11.7,0.0,0.0,0.0,Autumn,No Holiday,Yes
2018-09-10,176,3,19.7,60.0,1.9,2000.0,11.7,0.0,0.0,0.0,Autumn,No Holiday,Yes
2018-09-10,188,4,19.4,61.0,1.6,2000.0,11.6,0.0,0.0,0.0,Autumn,No Holiday,Yes
2018-09-10,226,5,19.1,62.0,1.6,2000.0,11.6,0.0,0.0,0.0,Autumn,No Holiday,Yes
2018-09-10,691,6,18.7,64.0,0.9,2000.0,11.7,0.0,0.0,0.0,Autumn,No Holiday,Yes
2018-09-10,1463,7,18.9,63.0,1.8,2000.0,11.6,0.09,0.0,0.0,Autumn,No Holiday,Yes
2018-09-10,2278,8,20.1,57.0,1.6,2000.0,11.3,0.73,0.0,0.0,Autumn,No Holiday,Yes
2018-09-10,1125,9,22.3,52.0,1.9,2000.0,11.9,1.43,0.0,0.0,Autumn,No Holiday,Yes
2018-09-10,862,10,24.0,47.0,1.6,1996.0,11.9,2.08,0.0,0.0,Autumn,No Holiday,Yes
2018-09-10,934,11,25.3,44.0,1.2,1948.0,12.1,2.59,0.0,0.0,Autumn,No Holiday,Yes
2018-09-10,1095,12,26.7,40.0,1.4,2000.0,11.9,2.92,0.0,0.0,Autumn,No Holiday,Yes
2018-09-10,1057,13,27.1,38.0,1.7,2000.0,11.5,2.56,0.0,0.0,Autumn,No Holiday,Yes
2018-09-10,1064,14,27.8,37.0,1.4,1983.0,11.7,2.67,0.0,0.0,Autumn,No Holiday,Yes
2018-09-10,1249,15,27.6,38.0,1.4,2000.0,11.9,2.09,0.0,0.0,Autumn,No Holiday,Yes
2018-09-10,1467,16,27.5,39.0,1.5,2000.0,12.3,1.46,0.0,0.0,Autumn,No Holiday,Yes
2018-09-10,2147,17,26.6,40.0,1.4,2000.0,11.8,0.69,0.0,0.0,Autumn,No Holiday,Yes
2018-09-10,3298,18,25.9,42.0,1.1,2000.0,11.9,0.48,0.0,0.0,Autumn,No Holiday,Yes
2018-09-10,2518,19,24.4,47.0,2.0,2000.0,12.3,0.05,0.0,0.0,Autumn,No Holiday,Yes
2018-09-10,2240,20,23.4,48.0,1.8,2000.0,11.7,0.0,0.0,0.0,Autumn,No Holiday,Yes
2018-09-10,2090,21,22.5,48.0,1.4,2000.0,10.9,0.0,0.0,0.0,Autumn,No Holiday,Yes
2018-09-10,1779,22,21.7,50.0,1.6,2000.0,10.8,0.0,0.0,0.0,Autumn,No Holiday,Yes
2018-09-10,1223,23,20.8,51.0,1.7,2000.0,10.2,0.0,0.0,0.0,Autumn,No Holiday,Yes
2018-09-11,910,0,20.1,52.0,1.5,2000.0,9.9,0.0,0.0,0.0,Autumn,No Holiday,Yes
2018-09-11,662,1,19.5,52.0,1.3,2000.0,9.3,0.0,0.0,0.0,Autumn,No Holiday,Yes
2018-09-11,435,2,18.9,52.0,1.1,2000.0,8.8,0.0,0.0,0.0,Autumn,No Holiday,Yes
2018-09-11,261,3,18.2,52.0,1.5,2000.0,8.1,0.0,0.0,0.0,Autumn,No Holiday,Yes
2018-09-11,193,4,17.7,52.0,1.5,2000.0,7.7,0.0,0.0,0.0,Autumn,No Holiday,Yes
2018-09-11,258,5,17.2,54.0,1.3,2000.0,7.7,0.0,0.0,0.0,Autumn,No Holiday,Yes
2018-09-11,678,6,17.0,55.0,1.2,2000.0,7.8,0.0,0.0,0.0,Autumn,No Holiday,Yes
2018-09-11,1556,7,16.9,55.0,1.4,2000.0,7.7,0.07,0.0,0.0,Autumn,No Holiday,Yes
2018-09-11,2369,8,17.8,53.0,1.4,2000.0,8.0,0.51,0.0,0.0,Autumn,No Holiday,Yes
2018-09-11,1234,9,19.8,49.0,1.9,2000.0,8.7,1.24,0.0,0.0,Autumn,No Holiday,Yes
2018-09-11,922,10,21.9,43.0,1.1,2000.0,8.7,1.89,0.0,0.0,Autumn,No Holiday,Yes
2018-09-11,1012,11,23.7,40.0,2.0,2000.0,9.2,2.6,0.0,0.0,Autumn,No Holiday,Yes
2018-09-11,1192,12,24.5,40.0,1.3,1973.0,10.0,2.64,0.0,0.0,Autumn,No Holiday,Yes
2018-09-11,1102,13,25.7,40.0,2.2,1997.0,11.0,2.98,0.0,0.0,Autumn,No Holiday,Yes
2018-09-11,1115,14,25.8,37.0,1.5,1995.0,9.9,2.22,0.0,0.0,Autumn,No Holiday,Yes
2018-09-11,1222,15,26.0,40.0,1.9,2000.0,11.3,1.53,0.0,0.0,Autumn,No Holiday,Yes
2018-09-11,1527,16,25.5,44.0,1.4,2000.0,12.3,1.0,0.0,0.0,Autumn,No Holiday,Yes
2018-09-11,2171,17,25.4,44.0,1.2,2000.0,12.2,0.84,0.0,0.0,Autumn,No Holiday,Yes
2018-09-11,3222,18,24.7,45.0,0.7,2000.0,11.9,0.3,0.0,0.0,Autumn,No Holiday,Yes
2018-09-11,2455,19,23.7,49.0,1.8,2000.0,12.3,0.03,0.0,0.0,Autumn,No Holiday,Yes
2018-09-11,2072,20,22.9,48.0,1.2,2000.0,11.2,0.0,0.0,0.0,Autumn,No Holiday,Yes
2018-09-11,2018,21,22.2,50.0,1.3,2000.0,11.2,0.0,0.0,0.0,Autumn,No Holiday,Yes
2018-09-11,1868,22,21.6,52.0,1.9,2000.0,11.3,0.0,0.0,0.0,Autumn,No Holiday,Yes
2018-09-11,1240,23,20.9,53.0,1.8,2000.0,10.9,0.0,0.0,0.0,Autumn,No Holiday,Yes
2018-09-12,949,0,20.2,54.0,1.2,2000.0,10.5,0.0,0.0,0.0,Autumn,No Holiday,Yes
2018-09-12,691,1,19.6,56.0,1.2,2000.0,10.5,0.0,0.0,0.0,Autumn,No Holiday,Yes
2018-09-12,462,2,19.0,56.0,0.9,2000.0,10.0,0.0,0.0,0.0,Autumn,No Holiday,Yes
2018-09-12,297,3,18.4,57.0,1.3,2000.0,9.7,0.0,0.0,0.0,Autumn,No Holiday,Yes
2018-09-12,215,4,18.0,59.0,1.5,2000.0,9.8,0.0,0.0,0.0,Autumn,No Holiday,Yes
2018-09-12,241,5,17.5,60.0,1.6,2000.0,9.6,0.0,0.0,0.0,Autumn,No Holiday,Yes
2018-09-12,656,6,17.0,63.0,1.3,2000.0,9.8,0.0,0.0,0.0,Autumn,No Holiday,Yes
2018-09-12,1551,7,16.8,61.0,1.3,2000.0,9.2,0.06,0.0,0.0,Autumn,No Holiday,Yes
2018-09-12,2391,8,18.2,56.0,1.5,1994.0,9.2,0.62,0.0,0.0,Autumn,No Holiday,Yes
2018-09-12,1234,9,20.8,48.0,1.1,2000.0,9.3,1.38,0.0,0.0,Autumn,No Holiday,Yes
2018-09-12,923,10,22.7,45.0,1.5,2000.0,10.1,2.08,0.0,0.0,Autumn,No Holiday,Yes
2018-09-12,1017,11,24.8,44.0,2.1,1955.0,11.7,2.55,0.0,0.0,Autumn,No Holiday,Yes
2018-09-12,1165,12,26.3,44.0,1.2,1966.0,13.0,2.91,0.0,0.0,Autumn,No Holiday,Yes
2018-09-12,1066,13,26.8,45.0,1.8,1984.0,13.8,2.6,0.0,0.0,Autumn,No Holiday,Yes
2018-09-12,1087,14,26.9,45.0,1.6,2000.0,13.9,2.27,0.0,0.0,Autumn,No Holiday,Yes
2018-09-12,1251,15,27.7,41.0,1.6,1969.0,13.2,1.98,0.0,0.0,Autumn,No Holiday,Yes
2018-09-12,1494,16,27.8,42.0,1.7,1974.0,13.7,1.98,0.0,0.0,Autumn,No Holiday,Yes
2018-09-12,2129,17,27.8,41.0,1.9,1999.0,13.3,1.27,0.0,0.0,Autumn,No Holiday,Yes
2018-09-12,3256,18,27.0,44.0,1.4,2000.0,13.6,0.62,0.0,0.0,Autumn,No Holiday,Yes
2018-09-12,2443,19,25.4,50.0,0.6,2000.0,14.2,0.07,0.0,0.0,Autumn,No Holiday,Yes
2018-09-12,2146,20,24.0,56.0,0.5,1890.0,14.6,0.0,0.0,0.0,Autumn,No Holiday,Yes
2018-09-12,2012,21,23.2,57.0,1.1,2000.0,14.2,0.0,0.0,0.0,Autumn,No Holiday,Yes
2018-09-12,1824,22,22.6,60.0,1.0,2000.0,14.4,0.0,0.0,0.0,Autumn,No Holiday,Yes
2018-09-12,1309,23,22.2,62.0,0.8,2000.0,14.5,0.0,0.0,0.0,Autumn,No Holiday,Yes
2018-09-13,968,0,21.9,62.0,1.0,1822.0,14.2,0.0,0.0,0.0,Autumn,No Holiday,Yes
2018-09-13,736,1,21.5,65.0,1.0,2000.0,14.6,0.0,0.0,0.0,Autumn,No Holiday,Yes
2018-09-13,437,2,21.2,66.0,0.8,2000.0,14.5,0.0,0.0,0.0,Autumn,No Holiday,Yes
2018-09-13,304,3,20.9,68.0,1.7,2000.0,14.7,0.0,0.0,0.0,Autumn,No Holiday,Yes
2018-09-13,240,4,20.7,69.0,1.3,2000.0,14.8,0.0,0.0,0.0,Autumn,No Holiday,Yes
2018-09-13,248,5,20.5,70.0,1.2,2000.0,14.8,0.0,0.0,0.0,Autumn,No Holiday,Yes
2018-09-13,655,6,20.3,71.0,1.6,2000.0,14.8,0.0,0.0,0.0,Autumn,No Holiday,Yes
2018-09-13,1448,7,20.5,69.0,1.4,2000.0,14.6,0.03,0.0,0.0,Autumn,No Holiday,Yes
2018-09-13,2329,8,20.9,68.0,1.3,2000.0,14.7,0.18,0.0,0.0,Autumn,No Holiday,Yes
2018-09-13,1322,9,21.8,64.0,1.6,2000.0,14.6,0.52,0.0,0.0,Autumn,No Holiday,Yes
2018-09-13,915,10,22.7,61.0,0.9,2000.0,14.7,0.82,0.0,0.0,Autumn,No Holiday,Yes
2018-09-13,972,11,23.5,61.0,1.2,2000.0,15.5,0.95,0.0,0.0,Autumn,No Holiday,Yes
2018-09-13,1119,12,24.3,59.0,1.5,2000.0,15.7,1.12,0.0,0.0,Autumn,No Holiday,Yes
2018-09-13,1014,13,25.1,56.0,2.0,1964.0,15.6,1.41,0.0,0.0,Autumn,No Holiday,Yes
2018-09-13,1097,14,27.2,49.0,1.5,1945.0,15.5,2.54,0.0,0.0,Autumn,No Holiday,Yes
2018-09-13,1200,15,27.8,49.0,1.4,1963.0,16.1,1.97,0.0,0.0,Autumn,No Holiday,Yes
2018-09-13,1436,16,28.2,48.0,1.4,1995.0,16.1,1.7,0.0,0.0,Autumn,No Holiday,Yes
2018-09-13,2021,17,27.9,51.0,1.4,2000.0,16.8,1.19,0.0,0.0,Autumn,No Holiday,Yes
2018-09-13,3146,18,26.7,56.0,1.8,2000.0,17.1,0.47,0.0,0.0,Autumn,No Holiday,Yes
2018-09-13,2365,19,25.4,61.0,0.6,2000.0,17.3,0.03,0.0,0.0,Autumn,No Holiday,Yes
2018-09-13,2003,20,24.6,62.0,0.9,2000.0,16.8,0.0,0.0,0.0,Autumn,No Holiday,Yes
2018-09-13,2000,21,23.8,67.0,0.6,2000.0,17.2,0.0,0.0,0.0,Autumn,No Holiday,Yes
2018-09-13,1713,22,22.8,70.0,1.0,2000.0,17.0,0.0,0.0,0.0,Autumn,No Holiday,Yes
2018-09-13,1303,23,22.4,73.0,0.3,1980.0,17.3,0.0,0.0,0.0,Autumn,No Holiday,Yes
2018-09-14,971,0,22.1,74.0,1.1,1962.0,17.2,0.0,0.0,0.0,Autumn,No Holiday,Yes
2018-09-14,775,1,21.6,75.0,1.1,1671.0,16.9,0.0,0.0,0.0,Autumn,No Holiday,Yes
2018-09-14,482,2,21.3,75.0,1.1,2000.0,16.6,0.0,0.0,0.0,Autumn,No Holiday,Yes
2018-09-14,349,3,21.0,76.0,0.7,1995.0,16.6,0.0,0.0,0.0,Autumn,No Holiday,Yes
2018-09-14,223,4,20.7,76.0,1.0,2000.0,16.3,0.0,0.0,0.0,Autumn,No Holiday,Yes
2018-09-14,249,5,20.7,77.0,0.9,2000.0,16.5,0.0,0.0,0.0,Autumn,No Holiday,Yes
2018-09-14,644,6,20.4,78.0,1.0,2000.0,16.4,0.0,0.0,0.0,Autumn,No Holiday,Yes
2018-09-14,1456,7,20.5,76.0,1.3,2000.0,16.1,0.06,0.0,0.0,Autumn,No Holiday,Yes
2018-09-14,2253,8,21.4,70.0,1.5,1986.0,15.6,0.38,0.0,0.0,Autumn,No Holiday,Yes
2018-09-14,1201,9,22.3,69.0,1.3,2000.0,16.3,0.61,0.0,0.0,Autumn,No Holiday,Yes
2018-09-14,936,10,23.3,65.0,1.4,1996.0,16.3,0.76,0.0,0.0,Autumn,No Holiday,Yes
2018-09-14,982,11,24.0,64.0,1.3,2000.0,16.7,0.95,0.0,0.0,Autumn,No Holiday,Yes
2018-09-14,1088,12,25.3,56.0,1.2,1960.0,15.8,1.35,0.0,0.0,Autumn,No Holiday,Yes
2018-09-14,1155,13,26.4,57.0,1.2,2000.0,17.1,1.8,0.0,0.0,Autumn,No Holiday,Yes
2018-09-14,1199,14,26.3,58.0,1.5,1986.0,17.3,1.37,0.0,0.0,Autumn,No Holiday,Yes
2018-09-14,1347,15,26.6,55.0,1.8,2000.0,16.8,1.1,0.0,0.0,Autumn,No Holiday,Yes
2018-09-14,1503,16,26.3,57.0,1.6,2000.0,17.0,0.72,0.0,0.0,Autumn,No Holiday,Yes
2018-09-14,2059,17,25.9,56.0,1.7,2000.0,16.4,0.42,0.0,0.0,Autumn,No Holiday,Yes
2018-09-14,2826,18,25.7,57.0,1.5,2000.0,16.5,0.24,0.0,0.0,Autumn,No Holiday,Yes
2018-09-14,1996,19,25.3,60.0,1.2,2000.0,16.9,0.04,0.0,0.0,Autumn,No Holiday,Yes
2018-09-14,1869,20,25.0,61.0,1.1,2000.0,16.9,0.0,0.0,0.0,Autumn,No Holiday,Yes
2018-09-14,1259,21,24.7,61.0,1.6,2000.0,16.6,0.0,0.0,0.0,Autumn,No Holiday,Yes
2018-09-14,567,22,24.0,73.0,2.1,1541.0,18.8,0.0,0.0,0.0,Autumn,No Holiday,Yes
2018-09-14,810,23,22.3,87.0,1.1,1810.0,20.0,0.0,0.5,0.0,Autumn,No Holiday,Yes
2018-09-15,906,0,21.8,83.0,1.5,2000.0,18.7,0.0,0.0,0.0,Autumn,No Holiday,Yes
2018-09-15,881,1,21.8,79.0,1.4,2000.0,17.9,0.0,0.0,0.0,Autumn,No Holiday,Yes
2018-09-15,580,2,21.7,78.0,1.0,2000.0,17.6,0.0,0.0,0.0,Autumn,No Holiday,Yes
2018-09-15,302,3,21.6,80.0,1.2,2000.0,17.9,0.0,0.0,0.0,Autumn,No Holiday,Yes
2018-09-15,234,4,21.2,83.0,0.6,2000.0,18.1,0.0,0.1,0.0,Autumn,No Holiday,Yes
2018-09-15,169,5,21.1,82.0,0.8,2000.0,17.8,0.0,0.0,0.0,Autumn,No Holiday,Yes
2018-09-15,272,6,21.0,84.0,0.9,2000.0,18.1,0.0,0.1,0.0,Autumn,No Holiday,Yes
2018-09-15,453,7,21.2,84.0,0.3,2000.0,18.3,0.05,0.0,0.0,Autumn,No Holiday,Yes
2018-09-15,829,8,21.7,78.0,0.3,2000.0,17.6,0.21,0.0,0.0,Autumn,No Holiday,Yes
2018-09-15,934,9,22.7,72.0,1.2,2000.0,17.3,0.59,0.0,0.0,Autumn,No Holiday,Yes
2018-09-15,1017,10,24.4,65.0,1.6,1972.0,17.3,1.42,0.0,0.0,Autumn,No Holiday,Yes
2018-09-15,1212,11,25.2,64.0,1.2,1938.0,17.8,1.31,0.0,0.0,Autumn,No Holiday,Yes
2018-09-15,1284,12,25.4,63.0,0.9,2000.0,17.8,1.01,0.0,0.0,Autumn,No Holiday,Yes
2018-09-15,1465,13,25.8,65.0,1.0,1996.0,18.7,1.12,0.0,0.0,Autumn,No Holiday,Yes
2018-09-15,1474,14,25.7,67.0,1.2,2000.0,19.1,0.9,0.0,0.0,Autumn,No Holiday,Yes
2018-09-15,1077,15,25.2,71.0,0.2,2000.0,19.5,0.41,0.0,0.0,Autumn,No Holiday,Yes
2018-09-15,1273,16,24.4,74.0,0.6,1996.0,19.4,0.13,0.0,0.0,Autumn,No Holiday,Yes
2018-09-15,1474,17,24.4,75.0,0.6,2000.0,19.6,0.17,0.0,0.0,Autumn,No Holiday,Yes
2018-09-15,1566,18,24.2,76.0,1.2,2000.0,19.6,0.12,0.0,0.0,Autumn,No Holiday,Yes
2018-09-15,1578,19,23.8,78.0,2.2,1991.0,19.7,0.0,0.0,0.0,Autumn,No Holiday,Yes
2018-09-15,1613,20,23.5,80.0,1.7,1621.0,19.8,0.0,0.0,0.0,Autumn,No Holiday,Yes
2018-09-15,1710,21,23.3,80.0,0.7,1877.0,19.6,0.0,0.0,0.0,Autumn,No Holiday,Yes
2018-09-15,1566,22,23.1,79.0,0.6,1891.0,19.2,0.0,0.0,0.0,Autumn,No Holiday,Yes
2018-09-15,1210,23,22.9,81.0,0.9,1550.0,19.4,0.0,0.0,0.0,Autumn,No Holiday,Yes
2018-09-16,1014,0,22.8,82.0,1.5,935.0,19.5,0.0,0.0,0.0,Autumn,No Holiday,Yes
2018-09-16,764,1,22.8,84.0,0.9,827.0,19.9,0.0,0.0,0.0,Autumn,No Holiday,Yes
2018-09-16,432,2,22.8,85.0,0.8,708.0,20.1,0.0,0.0,0.0,Autumn,No Holiday,Yes
2018-09-16,258,3,22.6,89.0,0.6,578.0,20.6,0.0,0.2,0.0,Autumn,No Holiday,Yes
2018-09-16,188,4,22.5,89.0,0.7,444.0,20.5,0.0,0.3,0.0,Autumn,No Holiday,Yes
2018-09-16,123,5,22.2,90.0,1.4,514.0,20.4,0.0,0.0,0.0,Autumn,No Holiday,Yes
2018-09-16,137,6,22.0,90.0,1.3,471.0,20.2,0.0,0.0,0.0,Autumn,No Holiday,Yes
2018-09-16,258,7,21.9,95.0,1.3,424.0,21.0,0.02,0.0,0.0,Autumn,No Holiday,Yes
2018-09-16,464,8,21.9,88.0,1.6,601.0,19.8,0.17,0.0,0.0,Autumn,No Holiday,Yes
2018-09-16,725,9,22.3,84.0,1.9,751.0,19.4,0.47,0.0,0.0,Autumn,No Holiday,Yes
2018-09-16,813,10,22.9,74.0,1.3,1162.0,18.0,0.84,0.0,0.0,Autumn,No Holiday,Yes
2018-09-16,1014,11,23.4,61.0,2.1,1964.0,15.4,0.91,0.0,0.0,Autumn,No Holiday,Yes
2018-09-16,989,12,23.7,64.0,1.9,1474.0,16.4,0.79,0.0,0.0,Autumn,No Holiday,Yes
2018-09-16,754,13,23.6,66.0,2.1,1689.0,16.8,0.87,0.0,0.0,Autumn,No Holiday,Yes
2018-09-16,409,14,23.4,72.0,2.2,682.0,18.0,0.73,0.0,0.0,Autumn,No Holiday,Yes
2018-09-16,222,15,23.2,83.0,1.5,349.0,20.1,0.77,0.5,0.0,Autumn,No Holiday,Yes
2018-09-16,142,16,22.5,86.0,2.5,342.0,20.0,0.47,0.0,0.0,Autumn,No Holiday,Yes
2018-09-16,322,17,22.0,89.0,2.2,285.0,20.0,0.21,1.0,0.0,Autumn,No Holiday,Yes
2018-09-16,520,18,21.5,89.0,3.0,350.0,19.6,0.18,0.0,0.0,Autumn,No Holiday,Yes
2018-09-16,852,19,21.2,87.0,2.7,479.0,18.9,0.01,0.0,0.0,Autumn,No Holiday,Yes
2018-09-16,1073,20,21.1,88.0,1.7,404.0,19.0,0.0,0.0,0.0,Autumn,No Holiday,Yes
2018-09-16,1146,21,21.2,88.0,1.7,373.0,19.1,0.0,0.0,0.0,Autumn,No Holiday,Yes
2018-09-16,988,22,21.4,87.0,2.4,540.0,19.1,0.0,0.0,0.0,Autumn,No Holiday,Yes
2018-09-16,571,23,21.3,80.0,2.6,1203.0,17.7,0.0,0.0,0.0,Autumn,No Holiday,Yes
2018-09-17,531,0,21.0,82.0,1.8,958.0,17.8,0.0,0.0,0.0,Autumn,No Holiday,Yes
2018-09-17,337,1,20.5,73.0,1.9,1693.0,15.4,0.0,0.0,0.0,Autumn,No Holiday,Yes
2018-09-17,227,2,20.3,81.0,1.9,1234.0,16.9,0.0,0.1,0.0,Autumn,No Holiday,Yes
2018-09-17,186,3,20.2,82.0,1.4,1202.0,17.0,0.0,0.0,0.0,Autumn,No Holiday,Yes
2018-09-17,160,4,20.0,81.0,2.0,1313.0,16.6,0.0,0.0,0.0,Autumn,No Holiday,Yes
2018-09-17,246,5,19.4,84.0,1.6,1252.0,16.6,0.0,0.0,0.0,Autumn,No Holiday,Yes
2018-09-17,625,6,18.8,88.0,1.2,798.0,16.7,0.0,0.0,0.0,Autumn,No Holiday,Yes
2018-09-17,1487,7,18.5,88.0,1.4,695.0,16.4,0.08,0.0,0.0,Autumn,No Holiday,Yes
2018-09-17,2276,8,18.9,77.0,0.6,1109.0,14.7,0.56,0.0,0.0,Autumn,No Holiday,Yes
2018-09-17,1185,9,20.5,66.0,1.1,1711.0,13.9,1.12,0.0,0.0,Autumn,No Holiday,Yes
2018-09-17,868,10,21.7,60.0,1.7,1540.0,13.5,1.44,0.0,0.0,Autumn,No Holiday,Yes
2018-09-17,954,11,23.8,54.0,2.1,1626.0,13.9,2.55,0.0,0.0,Autumn,No Holiday,Yes
2018-09-17,1083,12,25.2,50.0,1.7,1710.0,14.0,2.83,0.0,0.0,Autumn,No Holiday,Yes
2018-09-17,1069,13,25.6,50.0,3.8,1876.0,14.3,2.82,0.0,0.0,Autumn,No Holiday,Yes
2018-09-17,1092,14,26.7,40.0,3.3,1822.0,11.9,2.8,0.0,0.0,Autumn,No Holiday,Yes
2018-09-17,1207,15,27.4,33.0,2.7,1955.0,9.6,2.5,0.0,0.0,Autumn,No Holiday,Yes
2018-09-17,1445,16,27.6,37.0,2.8,1935.0,11.5,1.9,0.0,0.0,Autumn,No Holiday,Yes
2018-09-17,2056,17,27.3,43.0,2.6,2000.0,13.6,1.25,0.0,0.0,Autumn,No Holiday,Yes
2018-09-17,3277,18,25.3,56.0,2.8,1992.0,15.8,0.54,0.0,0.0,Autumn,No Holiday,Yes
2018-09-17,2489,19,23.0,63.0,3.1,2000.0,15.5,0.03,0.0,0.0,Autumn,No Holiday,Yes
2018-09-17,2232,20,21.9,65.0,2.5,1986.0,15.0,0.0,0.0,0.0,Autumn,No Holiday,Yes
2018-09-17,2100,21,21.3,66.0,2.3,1989.0,14.6,0.0,0.0,0.0,Autumn,No Holiday,Yes
2018-09-17,1865,22,20.8,65.0,0.9,2000.0,13.9,0.0,0.0,0.0,Autumn,No Holiday,Yes
2018-09-17,1293,23,20.2,68.0,1.2,1963.0,14.0,0.0,0.0,0.0,Autumn,No Holiday,Yes
2018-09-18,0,0,19.5,73.0,1.2,1916.0,14.5,0.0,0.0,0.0,Autumn,No Holiday,No
2018-09-18,0,1,19.3,71.0,0.4,1912.0,13.9,0.0,0.0,0.0,Autumn,No Holiday,No
2018-09-18,0,2,18.8,74.0,0.2,1866.0,14.0,0.0,0.0,0.0,Autumn,No Holiday,No
2018-09-18,0,3,18.7,76.0,0.5,1916.0,14.3,0.0,0.0,0.0,Autumn,No Holiday,No
2018-09-18,0,4,18.3,78.0,0.4,1906.0,14.3,0.0,0.0,0.0,Autumn,No Holiday,No
2018-09-18,0,5,17.9,77.0,0.5,1658.0,13.8,0.0,0.0,0.0,Autumn,No Holiday,No
2018-09-18,0,6,17.7,77.0,0.2,1757.0,13.6,0.0,0.0,0.0,Autumn,No Holiday,No
2018-09-18,0,7,17.8,76.0,0.5,1729.0,13.5,0.08,0.0,0.0,Autumn,No Holiday,No
2018-09-18,0,8,18.7,73.0,0.9,1501.0,13.7,0.34,0.0,0.0,Autumn,No Holiday,No
2018-09-18,0,9,20.8,64.0,1.1,1205.0,13.7,1.13,0.0,0.0,Autumn,No Holiday,No
2018-09-18,0,10,22.7,54.0,1.0,1619.0,12.9,1.74,0.0,0.0,Autumn,No Holiday,No
2018-09-18,0,11,24.1,46.0,2.1,1678.0,11.7,2.03,0.0,0.0,Autumn,No Holiday,No
2018-09-18,0,12,24.7,43.0,1.8,1809.0,11.2,1.75,0.0,0.0,Autumn,No Holiday,No
2018-09-18,0,13,25.6,40.0,2.5,1704.0,10.9,2.18,0.0,0.0,Autumn,No Holiday,No
2018-09-18,0,14,26.1,37.0,2.3,1749.0,10.2,1.92,0.0,0.0,Autumn,No Holiday,No
2018-09-18,0,15,26.1,43.0,2.8,1785.0,12.5,1.62,0.0,0.0,Autumn,No Holiday,No
2018-09-18,0,16,26.4,34.0,2.5,1953.0,9.2,1.6,0.0,0.0,Autumn,No Holiday,No
2018-09-18,0,17,25.5,38.0,2.9,1997.0,10.1,0.92,0.0,0.0,Autumn,No Holiday,No
2018-09-18,0,18,24.8,48.0,1.4,2000.0,13.0,0.51,0.0,0.0,Autumn,No Holiday,No
2018-09-18,0,19,23.2,57.0,2.2,2000.0,14.2,0.03,0.0,0.0,Autumn,No Holiday,No
2018-09-18,0,20,22.6,58.0,1.4,2000.0,13.9,0.0,0.0,0.0,Autumn,No Holiday,No
2018-09-18,0,21,22.1,61.0,1.5,2000.0,14.2,0.0,0.0,0.0,Autumn,No Holiday,No
2018-09-18,0,22,21.8,65.0,0.3,2000.0,14.9,0.0,0.0,0.0,Autumn,No Holiday,No
2018-09-18,0,23,21.2,69.0,1.3,1999.0,15.2,0.0,0.0,0.0,Autumn,No Holiday,No
2018-09-19,0,0,21.0,66.0,0.4,2000.0,14.3,0.0,0.0,0.0,Autumn,No Holiday,No
2018-09-19,0,1,20.5,64.0,0.4,2000.0,13.4,0.0,0.0,0.0,Autumn,No Holiday,No
2018-09-19,0,2,20.0,70.0,0.2,2000.0,14.3,0.0,0.0,0.0,Autumn,No Holiday,No
2018-09-19,0,3,19.7,70.0,0.5,2000.0,14.0,0.0,0.0,0.0,Autumn,No Holiday,No
2018-09-19,0,4,19.5,70.0,0.5,2000.0,13.8,0.0,0.0,0.0,Autumn,No Holiday,No
2018-09-19,0,5,19.3,73.0,0.9,1782.0,14.3,0.0,0.0,0.0,Autumn,No Holiday,No
2018-09-19,0,6,19.0,76.0,0.3,1488.0,14.6,0.0,0.0,0.0,Autumn,No Holiday,No
2018-09-19,0,7,19.0,74.0,0.8,1650.0,14.2,0.03,0.0,0.0,Autumn,No Holiday,No
2018-09-19,0,8,19.8,71.0,1.1,1534.0,14.3,0.26,0.0,0.0,Autumn,No Holiday,No
2018-09-19,0,9,21.5,61.0,0.8,1774.0,13.6,0.92,0.0,0.0,Autumn,No Holiday,No
2018-09-19,0,10,22.9,59.0,1.1,1819.0,14.4,1.49,0.0,0.0,Autumn,No Holiday,No
2018-09-19,0,11,23.6,55.0,0.6,1723.0,14.0,1.01,0.0,0.0,Autumn,No Holiday,No
2018-09-19,0,12,24.9,51.0,1.2,1619.0,14.0,1.56,0.0,0.0,Autumn,No Holiday,No
2018-09-19,0,13,26.5,39.0,1.7,1560.0,11.4,2.15,0.0,0.0,Autumn,No Holiday,No
2018-09-19,0,14,26.1,40.0,1.2,1840.0,11.4,1.21,0.0,0.0,Autumn,No Holiday,No
2018-09-19,0,15,25.9,39.0,1.4,1836.0,10.8,0.9,0.0,0.0,Autumn,No Holiday,No
2018-09-19,0,16,25.6,41.0,1.2,1594.0,11.3,0.65,0.0,0.0,Autumn,No Holiday,No
2018-09-19,0,17,25.0,44.0,1.3,1883.0,11.8,0.36,0.0,0.0,Autumn,No Holiday,No
2018-09-19,0,18,24.0,55.0,2.2,1691.0,14.3,0.12,0.0,0.0,Autumn,No Holiday,No
2018-09-19,0,19,23.5,58.0,0.4,1836.0,14.7,0.0,0.0,0.0,Autumn,No Holiday,No
2018-09-19,0,20,22.6,67.0,0.3,1737.0,16.1,0.0,0.0,0.0,Autumn,No Holiday,No
2018-09-19,0,21,21.7,63.0,1.8,1078.0,14.3,0.0,0.1,0.0,Autumn,No Holiday,No
2018-09-19,0,22,20.9,71.0,1.6,1057.0,15.4,0.0,0.1,0.0,Autumn,No Holiday,No
2018-09-19,0,23,20.4,57.0,0.9,2000.0,11.5,0.0,0.0,0.0,Autumn,No Holiday,No
2018-09-20,886,0,20.1,58.0,0.3,2000.0,11.5,0.0,0.0,0.0,Autumn,No Holiday,Yes
2018-09-20,761,1,20.0,59.0,1.1,1999.0,11.7,0.0,0.0,0.0,Autumn,No Holiday,Yes
2018-09-20,524,2,19.9,64.0,1.5,1755.0,12.8,0.0,0.0,0.0,Autumn,No Holiday,Yes
2018-09-20,294,3,19.6,72.0,1.7,1140.0,14.4,0.0,0.0,0.0,Autumn,No Holiday,Yes
2018-09-20,241,4,19.6,74.0,1.4,847.0,14.8,0.0,0.0,0.0,Autumn,No Holiday,Yes
2018-09-20,137,5,19.5,74.0,1.8,1421.0,14.7,0.0,0.0,0.0,Autumn,No Holiday,Yes
2018-09-20,47,6,18.8,85.0,1.4,412.0,16.2,0.0,0.5,0.0,Autumn,No Holiday,Yes
2018-09-20,130,7,18.0,95.0,1.6,375.0,17.1,0.0,1.5,0.0,Autumn,No Holiday,Yes
2018-09-20,299,8,18.0,91.0,1.3,896.0,16.5,0.11,0.5,0.0,Autumn,No Holiday,Yes
2018-09-20,89,9,18.2,93.0,1.4,572.0,17.0,0.18,1.0,0.0,Autumn,No Holiday,Yes
2018-09-20,87,10,18.4,91.0,1.2,394.0,16.8,0.25,0.5,0.0,Autumn,No Holiday,Yes
2018-09-20,111,11,18.8,95.0,1.5,597.0,17.9,0.46,0.0,0.0,Autumn,No Holiday,Yes
2018-09-20,180,12,19.0,91.0,1.7,965.0,17.4,0.67,0.5,0.0,Autumn,No Holiday,Yes
2018-09-20,301,13,18.9,89.0,2.6,586.0,17.0,0.58,0.0,0.0,Autumn,No Holiday,Yes
2018-09-20,573,14,19.3,83.0,2.3,2000.0,16.3,0.83,0.5,0.0,Autumn,No Holiday,Yes
2018-09-20,696,15,19.4,79.0,1.4,2000.0,15.6,0.33,0.0,0.0,Autumn,No Holiday,Yes
2018-09-20,912,16,19.5,75.0,2.1,2000.0,14.9,0.38,0.0,0.0,Autumn,No Holiday,Yes
2018-09-20,1290,17,19.3,76.0,2.1,2000.0,14.9,0.21,0.0,0.0,Autumn,No Holiday,Yes
2018-09-20,1786,18,19.1,77.0,2.5,2000.0,14.9,0.08,0.0,0.0,Autumn,No Holiday,Yes
2018-09-20,1272,19,18.9,78.0,2.2,2000.0,14.9,0.0,0.0,0.0,Autumn,No Holiday,Yes
2018-09-20,898,20,19.1,77.0,2.2,1834.0,14.9,0.0,0.0,0.0,Autumn,No Holiday,Yes
2018-09-20,784,21,18.7,84.0,2.7,1744.0,15.9,0.0,0.0,0.0,Autumn,No Holiday,Yes
2018-09-20,1049,22,18.4,85.0,2.1,1772.0,15.8,0.0,0.0,0.0,Autumn,No Holiday,Yes
2018-09-20,935,23,18.7,80.0,1.7,2000.0,15.1,0.0,0.0,0.0,Autumn,No Holiday,Yes
2018-09-21,809,0,18.9,78.0,2.1,2000.0,14.9,0.0,0.0,0.0,Autumn,No Holiday,Yes
2018-09-21,674,1,19.0,78.0,1.6,2000.0,15.0,0.0,0.0,0.0,Autumn,No Holiday,Yes
2018-09-21,122,2,19.1,78.0,1.3,2000.0,15.1,0.0,0.0,0.0,Autumn,No Holiday,Yes
2018-09-21,28,3,18.5,88.0,1.2,659.0,16.4,0.0,1.5,0.0,Autumn,No Holiday,Yes
2018-09-21,24,4,17.9,95.0,1.7,1298.0,17.0,0.0,2.5,0.0,Autumn,No Holiday,Yes
2018-09-21,24,5,17.8,93.0,1.8,2000.0,16.6,0.0,0.5,0.0,Autumn,No Holiday,Yes
2018-09-21,23,6,17.6,95.0,1.7,974.0,16.7,0.0,1.5,0.0,Autumn,No Holiday,Yes
2018-09-21,45,7,17.6,96.0,1.7,310.0,16.9,0.0,5.0,0.0,Autumn,No Holiday,Yes
2018-09-21,127,8,17.8,97.0,2.0,1284.0,17.3,0.09,4.0,0.0,Autumn,No Holiday,Yes
2018-09-21,47,9,18.2,96.0,1.3,1251.0,17.5,0.21,1.0,0.0,Autumn,No Holiday,Yes
2018-09-21,78,10,18.4,96.0,2.0,1124.0,17.7,0.32,1.0,0.0,Autumn,No Holiday,Yes
2018-09-21,98,11,18.9,91.0,1.8,1938.0,17.3,0.64,0.5,0.0,Autumn,No Holiday,Yes
2018-09-21,143,12,19.1,91.0,2.0,1971.0,17.5,0.63,0.0,0.0,Autumn,No Holiday,Yes
2018-09-21,600,13,19.8,88.0,0.9,1796.0,17.7,0.65,0.0,0.0,Autumn,No Holiday,Yes
2018-09-21,972,14,21.4,76.0,1.4,2000.0,16.9,1.5,0.5,0.0,Autumn,No Holiday,Yes
2018-09-21,1288,15,21.8,76.0,1.4,2000.0,17.3,1.2,0.0,0.0,Autumn,No Holiday,Yes
2018-09-21,1550,16,21.5,78.0,1.2,2000.0,17.4,0.51,0.0,0.0,Autumn,No Holiday,Yes
2018-09-21,1904,17,21.2,77.0,1.2,2000.0,16.9,0.31,0.0,0.0,Autumn,No Holiday,Yes
2018-09-21,2235,18,20.9,77.0,0.6,2000.0,16.7,0.23,0.0,0.0,Autumn,No Holiday,Yes
2018-09-21,1720,19,20.3,81.0,1.0,2000.0,16.9,0.02,0.0,0.0,Autumn,No Holiday,Yes
2018-09-21,1551,20,20.0,82.0,0.4,2000.0,16.8,0.0,0.0,0.0,Autumn,No Holiday,Yes
2018-09-21,1540,21,19.9,82.0,0.6,2000.0,16.7,0.0,0.0,0.0,Autumn,No Holiday,Yes
2018-09-21,1493,22,19.7,82.0,0.5,2000.0,16.5,0.0,0.0,0.0,Autumn,No Holiday,Yes
2018-09-21,1171,23,19.5,82.0,0.6,2000.0,16.3,0.0,0.0,0.0,Autumn,No Holiday,Yes
2018-09-22,953,0,19.5,81.0,1.1,2000.0,16.1,0.0,0.0,0.0,Autumn,No Holiday,Yes
2018-09-22,875,1,19.5,83.0,1.5,1459.0,16.5,0.0,0.0,0.0,Autumn,No Holiday,Yes
2018-09-22,655,2,19.4,85.0,0.0,1533.0,16.8,0.0,0.0,0.0,Autumn,No Holiday,Yes
2018-09-22,458,3,18.8,90.0,1.0,1191.0,17.1,0.0,0.0,0.0,Autumn,No Holiday,Yes
2018-09-22,96,4,18.9,88.0,0.8,1226.0,16.8,0.0,0.0,0.0,Autumn,No Holiday,Yes
2018-09-22,93,5,18.8,96.0,0.2,973.0,18.1,0.0,6.5,0.0,Autumn,No Holiday,Yes
2018-09-22,215,6,18.4,95.0,0.1,752.0,17.5,0.0,0.0,0.0,Autumn,No Holiday,Yes
2018-09-22,363,7,18.1,96.0,0.9,557.0,17.4,0.04,0.0,0.0,Autumn,No Holiday,Yes
2018-09-22,654,8,18.2,86.0,0.0,858.0,15.8,0.48,0.0,0.0,Autumn,No Holiday,Yes
2018-09-22,810,9,19.7,78.0,1.3,740.0,15.7,1.17,0.0,0.0,Autumn,No Holiday,Yes
2018-09-22,925,10,21.8,67.0,1.9,878.0,15.3,1.88,0.0,0.0,Autumn,No Holiday,Yes
2018-09-22,1062,11,22.7,55.0,2.7,1297.0,13.1,1.86,0.0,0.0,Autumn,No Holiday,Yes
2018-09-22,1273,12,24.2,43.0,2.2,1798.0,10.8,2.31,0.0,0.0,Autumn,No Holiday,Yes
2018-09-22,1409,13,24.9,32.0,3.9,2000.0,7.0,2.57,0.0,0.0,Autumn,No Holiday,Yes
2018-09-22,1532,14,25.2,28.0,4.4,2000.0,5.3,2.76,0.0,0.0,Autumn,No Holiday,Yes
2018-09-22,1814,15,25.4,32.0,3.8,1980.0,7.4,2.42,0.0,0.0,Autumn,No Holiday,Yes
2018-09-22,1840,16,25.3,38.0,3.0,2000.0,9.9,1.88,0.0,0.0,Autumn,No Holiday,Yes
2018-09-22,2045,17,24.6,35.0,3.6,1990.0,8.1,1.2,0.0,0.0,Autumn,No Holiday,Yes
2018-09-22,1939,18,23.2,36.0,2.8,2000.0,7.2,0.47,0.0,0.0,Autumn,No Holiday,Yes
2018-09-22,1743,19,21.3,43.0,2.8,2000.0,8.2,0.02,0.0,0.0,Autumn,No Holiday,Yes
2018-09-22,1604,20,20.4,52.0,1.2,2000.0,10.2,0.0,0.0,0.0,Autumn,No Holiday,Yes
2018-09-22,1502,21,19.4,55.0,0.8,2000.0,10.1,0.0,0.0,0.0,Autumn,No Holiday,Yes
2018-09-22,1430,22,18.6,62.0,0.6,2000.0,11.1,0.0,0.0,0.0,Autumn,No Holiday,Yes
2018-09-22,1108,23,17.9,66.0,1.0,2000.0,11.4,0.0,0.0,0.0,Autumn,No Holiday,Yes
2018-09-23,880,0,17.2,69.0,0.6,2000.0,11.4,0.0,0.0,0.0,Autumn,Holiday,Yes
2018-09-23,644,1,16.4,66.0,0.1,2000.0,10.0,0.0,0.0,0.0,Autumn,Holiday,Yes
2018-09-23,489,2,16.0,72.0,1.3,2000.0,10.9,0.0,0.0,0.0,Autumn,Holiday,Yes
2018-09-23,334,3,15.8,70.0,0.8,2000.0,10.3,0.0,0.0,0.0,Autumn,Holiday,Yes
2018-09-23,202,4,16.2,69.0,0.7,2000.0,10.4,0.0,0.0,0.0,Autumn,Holiday,Yes
2018-09-23,106,5,16.3,67.0,0.8,2000.0,10.1,0.0,0.0,0.0,Autumn,Holiday,Yes
2018-09-23,144,6,16.5,73.0,1.2,2000.0,11.6,0.0,0.0,0.0,Autumn,Holiday,Yes
2018-09-23,261,7,16.5,74.0,0.4,2000.0,11.8,0.0,0.0,0.0,Autumn,Holiday,Yes
2018-09-23,439,8,17.0,69.0,1.2,2000.0,11.2,0.3,0.0,0.0,Autumn,Holiday,Yes
2018-09-23,534,9,18.4,59.0,1.0,1951.0,10.2,0.86,0.0,0.0,Autumn,Holiday,Yes
2018-09-23,620,10,19.3,59.0,0.2,2000.0,11.0,0.94,0.0,0.0,Autumn,Holiday,Yes
2018-09-23,764,11,20.1,57.0,3.0,1929.0,11.3,1.29,0.0,0.0,Autumn,Holiday,Yes
2018-09-23,915,12,20.8,52.0,1.2,1984.0,10.5,1.25,0.0,0.0,Autumn,Holiday,Yes
2018-09-23,1031,13,22.7,44.0,1.4,1913.0,9.8,1.77,0.0,0.0,Autumn,Holiday,Yes
2018-09-23,1136,14,24.2,40.0,1.2,1953.0,9.7,2.62,0.0,0.0,Autumn,Holiday,Yes
2018-09-23,1366,15,25.0,28.0,2.2,2000.0,5.2,2.39,0.0,0.0,Autumn,Holiday,Yes
2018-09-23,1502,16,24.6,29.0,4.0,1988.0,5.3,1.73,0.0,0.0,Autumn,Holiday,Yes
2018-09-23,1591,17,24.1,41.0,2.4,2000.0,10.0,1.17,0.0,0.0,Autumn,Holiday,Yes
2018-09-23,1492,18,22.3,53.0,2.7,2000.0,12.2,0.44,0.0,0.0,Autumn,Holiday,Yes
2018-09-23,1333,19,21.0,54.0,2.9,2000.0,11.3,0.01,0.0,0.0,Autumn,Holiday,Yes
2018-09-23,1287,20,20.2,48.0,3.3,2000.0,8.8,0.0,0.0,0.0,Autumn,Holiday,Yes
2018-09-23,1148,21,19.1,38.0,2.1,2000.0,4.4,0.0,0.0,0.0,Autumn,Holiday,Yes
2018-09-23,1074,22,18.5,40.0,2.5,2000.0,4.6,0.0,0.0,0.0,Autumn,Holiday,Yes
2018-09-23,768,23,17.7,45.0,1.1,2000.0,5.6,0.0,0.0,0.0,Autumn,Holiday,Yes
2018-09-24,620,0,17.2,50.0,1.7,2000.0,6.6,0.0,0.0,0.0,Autumn,Holiday,Yes
2018-09-24,426,1,16.8,53.0,2.0,2000.0,7.1,0.0,0.0,0.0,Autumn,Holiday,Yes
2018-09-24,302,2,16.1,57.0,0.7,2000.0,7.5,0.0,0.0,0.0,Autumn,Holiday,Yes
2018-09-24,216,3,15.5,63.0,0.3,2000.0,8.4,0.0,0.0,0.0,Autumn,Holiday,Yes
2018-09-24,141,4,14.9,68.0,0.9,2000.0,9.0,0.0,0.0,0.0,Autumn,Holiday,Yes
2018-09-24,105,5,14.4,66.0,0.3,2000.0,8.1,0.0,0.0,0.0,Autumn,Holiday,Yes
2018-09-24,141,6,14.3,66.0,0.5,2000.0,8.0,0.0,0.0,0.0,Autumn,Holiday,Yes
2018-09-24,205,7,14.7,61.0,2.1,2000.0,7.2,0.02,0.0,0.0,Autumn,Holiday,Yes
2018-09-24,296,8,15.4,52.0,2.2,1985.0,5.5,0.49,0.0,0.0,Autumn,Holiday,Yes
2018-09-24,310,9,17.0,43.0,2.1,1993.0,4.3,1.36,0.0,0.0,Autumn,Holiday,Yes
2018-09-24,426,10,18.5,38.0,3.3,2000.0,3.8,2.02,0.0,0.0,Autumn,Holiday,Yes
2018-09-24,588,11,19.4,31.0,4.1,1966.0,1.8,2.55,0.0,0.0,Autumn,Holiday,Yes
2018-09-24,754,12,20.3,34.0,2.6,2000.0,3.9,2.85,0.0,0.0,Autumn,Holiday,Yes
2018-09-24,885,13,20.9,30.0,3.5,2000.0,2.6,2.93,0.0,0.0,Autumn,Holiday,Yes
2018-09-24,1099,14,21.3,30.0,4.3,2000.0,3.0,2.78,0.0,0.0,Autumn,Holiday,Yes
2018-09-24,1273,15,21.8,32.0,3.3,2000.0,4.3,2.42,0.0,0.0,Autumn,Holiday,Yes
2018-09-24,1433,16,22.0,31.0,2.7,2000.0,4.0,1.87,0.0,0.0,Autumn,Holiday,Yes
2018-09-24,1442,17,21.6,32.0,3.1,2000.0,4.1,1.2,0.0,0.0,Autumn,Holiday,Yes
2018-09-24,1237,18,20.3,35.0,2.4,2000.0,4.3,0.46,0.0,0.0,Autumn,Holiday,Yes
2018-09-24,1280,19,18.6,54.0,2.7,2000.0,9.0,0.01,0.0,0.0,Autumn,Holiday,Yes
2018-09-24,1227,20,17.6,57.0,1.4,2000.0,8.9,0.0,0.0,0.0,Autumn,Holiday,Yes
2018-09-24,1145,21,16.8,58.0,1.2,2000.0,8.4,0.0,0.0,0.0,Autumn,Holiday,Yes
2018-09-24,958,22,16.6,47.0,3.9,2000.0,5.2,0.0,0.0,0.0,Autumn,Holiday,Yes
2018-09-24,750,23,15.7,51.0,0.4,2000.0,5.5,0.0,0.0,0.0,Autumn,Holiday,Yes
2018-09-25,558,0,14.7,55.0,1.6,2000.0,5.7,0.0,0.0,0.0,Autumn,Holiday,Yes
2018-09-25,408,1,13.8,60.0,0.8,2000.0,6.1,0.0,0.0,0.0,Autumn,Holiday,Yes
2018-09-25,292,2,13.4,62.0,0.2,2000.0,6.2,0.0,0.0,0.0,Autumn,Holiday,Yes
2018-09-25,222,3,12.7,67.0,0.5,2000.0,6.7,0.0,0.0,0.0,Autumn,Holiday,Yes
2018-09-25,157,4,12.0,69.0,0.5,2000.0,6.4,0.0,0.0,0.0,Autumn,Holiday,Yes
2018-09-25,105,5,11.5,70.0,0.5,2000.0,6.2,0.0,0.0,0.0,Autumn,Holiday,Yes
2018-09-25,132,6,11.2,70.0,0.9,2000.0,5.9,0.0,0.0,0.0,Autumn,Holiday,Yes
2018-09-25,262,7,10.8,72.0,0.9,2000.0,5.9,0.03,0.0,0.0,Autumn,Holiday,Yes
2018-09-25,440,8,12.0,61.0,1.3,1988.0,4.6,0.6,0.0,0.0,Autumn,Holiday,Yes
2018-09-25,542,9,15.3,49.0,1.0,2000.0,4.6,1.34,0.0,0.0,Autumn,Holiday,Yes
2018-09-25,667,10,18.0,44.0,1.3,1984.0,5.5,1.99,0.0,0.0,Autumn,Holiday,Yes
2018-09-25,853,11,20.1,40.0,1.6,1985.0,6.0,2.47,0.0,0.0,Autumn,Holiday,Yes
2018-09-25,1045,12,21.7,36.0,2.0,2000.0,5.9,2.78,0.0,0.0,Autumn,Holiday,Yes
2018-09-25,1309,13,22.9,30.0,2.0,2000.0,4.3,2.9,0.0,0.0,Autumn,Holiday,Yes
2018-09-25,1522,14,23.7,28.0,1.4,2000.0,4.0,2.77,0.0,0.0,Autumn,Holiday,Yes
2018-09-25,1747,15,24.1,26.0,1.6,2000.0,3.3,2.38,0.0,0.0,Autumn,Holiday,Yes
2018-09-25,1955,16,24.2,28.0,1.7,2000.0,4.5,1.86,0.0,0.0,Autumn,Holiday,Yes
2018-09-25,2033,17,22.9,33.0,1.4,2000.0,5.7,0.83,0.0,0.0,Autumn,Holiday,Yes
2018-09-25,1885,18,21.6,37.0,1.0,2000.0,6.2,0.24,0.0,0.0,Autumn,Holiday,Yes
2018-09-25,1608,19,20.3,39.0,0.6,2000.0,5.8,0.0,0.0,0.0,Autumn,Holiday,Yes
2018-09-25,1583,20,19.3,45.0,0.4,2000.0,7.0,0.0,0.0,0.0,Autumn,Holiday,Yes
2018-09-25,1565,21,18.5,48.0,1.0,2000.0,7.2,0.0,0.0,0.0,Autumn,Holiday,Yes
2018-09-25,1418,22,17.7,52.0,1.0,2000.0,7.7,0.0,0.0,0.0,Autumn,Holiday,Yes
2018-09-25,1042,23,17.4,49.0,1.2,2000.0,6.5,0.0,0.0,0.0,Autumn,Holiday,Yes
2018-09-26,880,0,17.0,51.0,1.5,2000.0,6.7,0.0,0.0,0.0,Autumn,No Holiday,Yes
2018-09-26,594,1,16.6,53.0,1.7,2000.0,6.9,0.0,0.0,0.0,Autumn,No Holiday,Yes
2018-09-26,453,2,16.6,54.0,1.5,2000.0,7.2,0.0,0.0,0.0,Autumn,No Holiday,Yes
2018-09-26,355,3,16.5,57.0,1.6,2000.0,7.9,0.0,0.0,0.0,Autumn,No Holiday,Yes
2018-09-26,222,4,16.4,59.0,1.7,2000.0,8.3,0.0,0.0,0.0,Autumn,No Holiday,Yes
2018-09-26,150,5,16.3,61.0,1.5,2000.0,8.7,0.0,0.0,0.0,Autumn,No Holiday,Yes
2018-09-26,230,6,16.3,62.0,2.1,2000.0,8.9,0.0,0.0,0.0,Autumn,No Holiday,Yes
2018-09-26,335,7,16.3,62.0,2.0,2000.0,8.9,0.01,0.0,0.0,Autumn,No Holiday,Yes
2018-09-26,598,8,16.7,60.0,2.0,2000.0,8.8,0.2,0.0,0.0,Autumn,No Holiday,Yes
2018-09-26,680,9,17.7,54.0,1.8,2000.0,8.2,0.63,0.0,0.0,Autumn,No Holiday,Yes
2018-09-26,923,10,19.4,47.0,2.3,2000.0,7.7,1.45,0.0,0.0,Autumn,No Holiday,Yes
2018-09-26,1152,11,20.5,42.0,2.1,1981.0,7.1,1.59,0.0,0.0,Autumn,No Holiday,Yes
2018-09-26,1358,12,22.5,37.0,1.8,2000.0,7.0,2.5,0.0,0.0,Autumn,No Holiday,Yes
2018-09-26,1686,13,23.4,34.0,2.1,2000.0,6.6,2.84,0.0,0.0,Autumn,No Holiday,Yes
2018-09-26,1972,14,24.1,33.0,1.3,2000.0,6.8,2.52,0.0,0.0,Autumn,No Holiday,Yes
2018-09-26,2170,15,24.7,35.0,1.2,2000.0,8.1,2.28,0.0,0.0,Autumn,No Holiday,Yes
2018-09-26,2270,16,24.4,35.0,1.8,2000.0,7.9,1.71,0.0,0.0,Autumn,No Holiday,Yes
2018-09-26,2349,17,23.6,38.0,1.4,2000.0,8.4,1.04,0.0,0.0,Autumn,No Holiday,Yes
2018-09-26,2339,18,22.1,45.0,1.5,2000.0,9.6,0.27,0.0,0.0,Autumn,No Holiday,Yes
2018-09-26,1937,19,20.7,46.0,1.0,2000.0,8.6,0.02,0.0,0.0,Autumn,No Holiday,Yes
2018-09-26,1653,20,20.0,46.0,2.0,2000.0,8.0,0.0,0.0,0.0,Autumn,No Holiday,Yes
2018-09-26,1529,21,18.9,43.0,2.0,2000.0,6.0,0.0,0.0,0.0,Autumn,No Holiday,Yes
2018-09-26,1249,22,18.1,43.0,1.7,2000.0,5.3,0.0,0.0,0.0,Autumn,No Holiday,Yes
2018-09-26,934,23,17.4,46.0,2.1,2000.0,5.6,0.0,0.0,0.0,Autumn,No Holiday,Yes
2018-09-27,770,0,16.7,50.0,1.7,2000.0,6.2,0.0,0.0,0.0,Autumn,No Holiday,Yes
2018-09-27,488,1,16.1,53.0,1.4,2000.0,6.5,0.0,0.0,0.0,Autumn,No Holiday,Yes
2018-09-27,326,2,15.7,53.0,1.4,2000.0,6.1,0.0,0.0,0.0,Autumn,No Holiday,Yes
2018-09-27,178,3,14.9,57.0,1.1,2000.0,6.4,0.0,0.0,0.0,Autumn,No Holiday,Yes
2018-09-27,151,4,14.4,58.0,1.1,2000.0,6.2,0.0,0.0,0.0,Autumn,No Holiday,Yes
2018-09-27,207,5,13.9,60.0,0.6,2000.0,6.2,0.0,0.0,0.0,Autumn,No Holiday,Yes
2018-09-27,589,6,13.4,61.0,0.8,2000.0,6.0,0.0,0.0,0.0,Autumn,No Holiday,Yes
2018-09-27,1364,7,13.2,60.0,0.5,2000.0,5.5,0.02,0.0,0.0,Autumn,No Holiday,Yes
2018-09-27,2129,8,14.8,51.0,1.1,2000.0,4.7,0.59,0.0,0.0,Autumn,No Holiday,Yes
2018-09-27,1120,9,17.7,48.0,1.5,2000.0,6.5,1.3,0.0,0.0,Autumn,No Holiday,Yes
2018-09-27,907,10,19.9,47.0,1.8,1989.0,8.2,1.93,0.0,0.0,Autumn,No Holiday,Yes
2018-09-27,1019,11,21.3,43.0,1.7,1998.0,8.2,2.42,0.0,0.0,Autumn,No Holiday,Yes
2018-09-27,1189,12,23.2,42.0,1.4,2000.0,9.5,2.73,0.0,0.0,Autumn,No Holiday,Yes
2018-09-27,1191,13,23.0,39.0,1.7,2000.0,8.2,2.28,0.0,0.0,Autumn,No Holiday,Yes
2018-09-27,1305,14,24.6,34.0,1.5,2000.0,7.6,2.74,0.0,0.0,Autumn,No Holiday,Yes
2018-09-27,1404,15,23.4,35.0,1.4,2000.0,7.0,1.39,0.0,0.0,Autumn,No Holiday,Yes
2018-09-27,1636,16,23.6,31.0,1.1,2000.0,5.4,1.37,0.0,0.0,Autumn,No Holiday,Yes
2018-09-27,2189,17,24.3,31.0,1.5,2000.0,6.0,1.17,0.0,0.0,Autumn,No Holiday,Yes
2018-09-27,3154,18,22.5,38.0,0.8,2000.0,7.4,0.31,0.0,0.0,Autumn,No Holiday,Yes
2018-09-27,2422,19,20.6,44.0,0.7,2000.0,7.9,0.01,0.0,0.0,Autumn,No Holiday,Yes
2018-09-27,2098,20,19.5,47.0,1.2,2000.0,7.8,0.0,0.0,0.0,Autumn,No Holiday,Yes
2018-09-27,1930,21,18.7,48.0,1.3,2000.0,7.4,0.0,0.0,0.0,Autumn,No Holiday,Yes
2018-09-27,1801,22,17.9,50.0,1.0,2000.0,7.3,0.0,0.0,0.0,Autumn,No Holiday,Yes
2018-09-27,1222,23,17.7,51.0,1.4,2000.0,7.4,0.0,0.0,0.0,Autumn,No Holiday,Yes
2018-09-28,0,0,17.1,52.0,1.4,2000.0,7.1,0.0,0.0,0.0,Autumn,No Holiday,No
2018-09-28,0,1,16.5,53.0,1.5,2000.0,6.8,0.0,0.0,0.0,Autumn,No Holiday,No
2018-09-28,0,2,16.0,56.0,1.5,2000.0,7.2,0.0,0.0,0.0,Autumn,No Holiday,No
2018-09-28,0,3,15.3,59.0,1.6,2000.0,7.3,0.0,0.0,0.0,Autumn,No Holiday,No
2018-09-28,0,4,14.7,62.0,1.5,2000.0,7.4,0.0,0.0,0.0,Autumn,No Holiday,No
2018-09-28,0,5,14.5,60.0,1.4,2000.0,6.8,0.0,0.0,0.0,Autumn,No Holiday,No
2018-09-28,0,6,14.4,61.0,1.2,2000.0,6.9,0.0,0.0,0.0,Autumn,No Holiday,No
2018-09-28,0,7,14.5,62.0,1.5,2000.0,7.2,0.03,0.0,0.0,Autumn,No Holiday,No
2018-09-28,0,8,15.2,58.0,1.7,2000.0,6.9,0.29,0.0,0.0,Autumn,No Holiday,No
2018-09-28,0,9,16.5,50.0,1.2,2000.0,6.0,0.66,0.0,0.0,Autumn,No Holiday,No
2018-09-28,0,10,17.4,51.0,1.3,1989.0,7.1,0.81,0.0,0.0,Autumn,No Holiday,No
2018-09-28,0,11,17.9,54.0,1.4,2000.0,8.4,0.73,0.0,0.0,Autumn,No Holiday,No
2018-09-28,0,12,19.0,52.0,1.2,2000.0,8.9,0.98,0.0,0.0,Autumn,No Holiday,No
2018-09-28,0,13,19.1,53.0,1.4,2000.0,9.2,0.76,0.0,0.0,Autumn,No Holiday,No
2018-09-28,0,14,19.4,53.0,1.4,2000.0,9.5,0.68,0.0,0.0,Autumn,No Holiday,No
2018-09-28,0,15,20.3,52.0,1.3,2000.0,10.1,1.15,0.0,0.0,Autumn,No Holiday,No
2018-09-28,0,16,21.9,46.0,1.2,1995.0,9.7,1.67,0.0,0.0,Autumn,No Holiday,No
2018-09-28,0,17,21.7,52.0,1.1,2000.0,11.4,0.79,0.0,0.0,Autumn,No Holiday,No
2018-09-28,0,18,20.4,56.0,1.7,2000.0,11.3,0.2,0.0,0.0,Autumn,No Holiday,No
2018-09-28,0,19,19.3,61.0,0.8,2000.0,11.5,0.01,0.0,0.0,Autumn,No Holiday,No
2018-09-28,0,20,18.0,67.0,0.7,2000.0,11.7,0.0,0.0,0.0,Autumn,No Holiday,No
2018-09-28,0,21,17.8,66.0,1.1,2000.0,11.3,0.0,0.0,0.0,Autumn,No Holiday,No
2018-09-28,0,22,17.1,70.0,1.0,2000.0,11.5,0.0,0.0,0.0,Autumn,No Holiday,No
2018-09-28,0,23,16.6,69.0,1.0,2000.0,10.8,0.0,0.0,0.0,Autumn,No Holiday,No
2018-09-29,1037,0,16.6,69.0,1.0,2000.0,10.8,0.0,0.0,0.0,Autumn,No Holiday,Yes
2018-09-29,982,1,16.2,71.0,0.9,2000.0,10.9,0.0,0.0,0.0,Autumn,No Holiday,Yes
2018-09-29,690,2,15.8,71.0,1.1,2000.0,10.5,0.0,0.0,0.0,Autumn,No Holiday,Yes
2018-09-29,493,3,15.5,73.0,1.0,2000.0,10.6,0.0,0.0,0.0,Autumn,No Holiday,Yes
2018-09-29,301,4,15.4,74.0,0.9,2000.0,10.7,0.0,0.0,0.0,Autumn,No Holiday,Yes
2018-09-29,208,5,15.0,77.0,0.5,2000.0,10.9,0.0,0.0,0.0,Autumn,No Holiday,Yes
2018-09-29,290,6,14.6,81.0,1.0,2000.0,11.3,0.0,0.0,0.0,Autumn,No Holiday,Yes
2018-09-29,513,7,14.7,76.0,0.8,2000.0,10.5,0.02,0.0,0.0,Autumn,No Holiday,Yes
2018-09-29,848,8,15.7,65.0,1.2,2000.0,9.1,0.54,0.0,0.0,Autumn,No Holiday,Yes
2018-09-29,1076,9,18.3,58.0,1.4,1958.0,9.8,1.24,0.0,0.0,Autumn,No Holiday,Yes
2018-09-29,1071,10,20.8,52.0,1.5,2000.0,10.5,1.88,0.0,0.0,Autumn,No Holiday,Yes
2018-09-29,1284,11,22.3,50.0,1.3,2000.0,11.3,2.36,0.0,0.0,Autumn,No Holiday,Yes
2018-09-29,1495,12,23.8,44.0,1.7,2000.0,10.8,2.66,0.0,0.0,Autumn,No Holiday,Yes
2018-09-29,1752,13,24.9,40.0,1.4,2000.0,10.3,2.75,0.0,0.0,Autumn,No Holiday,Yes
2018-09-29,1892,14,26.2,33.0,1.8,2000.0,8.6,2.62,0.0,0.0,Autumn,No Holiday,Yes
2018-09-29,2065,15,26.5,33.0,1.4,2000.0,8.9,2.25,0.0,0.0,Autumn,No Holiday,Yes
2018-09-29,2254,16,26.6,34.0,1.3,2000.0,9.4,1.69,0.0,0.0,Autumn,No Holiday,Yes
2018-09-29,2432,17,26.3,31.0,1.0,2000.0,7.8,1.03,0.0,0.0,Autumn,No Holiday,Yes
2018-09-29,2397,18,24.8,41.0,0.5,2000.0,10.6,0.33,0.0,0.0,Autumn,No Holiday,Yes
2018-09-29,2021,19,22.5,43.0,0.4,2000.0,9.2,0.0,0.0,0.0,Autumn,No Holiday,Yes
2018-09-29,1835,20,21.3,46.0,0.1,2000.0,9.2,0.0,0.0,0.0,Autumn,No Holiday,Yes
2018-09-29,1781,21,20.1,54.0,1.2,2000.0,10.4,0.0,0.0,0.0,Autumn,No Holiday,Yes
2018-09-29,1501,22,19.3,55.0,0.5,2000.0,10.0,0.0,0.0,0.0,Autumn,No Holiday,Yes
2018-09-29,1229,23,18.6,59.0,0.7,2000.0,10.4,0.0,0.0,0.0,Autumn,No Holiday,Yes
2018-09-30,0,0,18.1,60.0,0.2,2000.0,10.2,0.0,0.0,0.0,Autumn,No Holiday,No
2018-09-30,0,1,17.5,66.0,0.5,2000.0,11.0,0.0,0.0,0.0,Autumn,No Holiday,No
2018-09-30,0,2,17.3,68.0,0.7,2000.0,11.3,0.0,0.0,0.0,Autumn,No Holiday,No
2018-09-30,0,3,17.0,70.0,0.9,2000.0,11.4,0.0,0.0,0.0,Autumn,No Holiday,No
2018-09-30,0,4,16.6,73.0,0.3,2000.0,11.7,0.0,0.0,0.0,Autumn,No Holiday,No
2018-09-30,0,5,16.1,78.0,0.4,2000.0,12.2,0.0,0.0,0.0,Autumn,No Holiday,No
2018-09-30,0,6,15.5,80.0,0.4,2000.0,12.0,0.0,0.0,0.0,Autumn,No Holiday,No
2018-09-30,0,7,15.1,81.0,0.8,1939.0,11.8,0.03,0.0,0.0,Autumn,No Holiday,No
2018-09-30,0,8,16.2,69.0,1.1,2000.0,10.4,0.54,0.0,0.0,Autumn,No Holiday,No
2018-09-30,0,9,18.5,62.0,0.5,1847.0,11.0,1.0,0.0,0.0,Autumn,No Holiday,No
2018-09-30,0,10,20.7,62.0,1.3,1679.0,13.1,1.41,0.0,0.0,Autumn,No Holiday,No
2018-09-30,0,11,20.2,63.0,2.8,1195.0,12.9,1.25,0.0,0.0,Autumn,No Holiday,No
2018-09-30,0,12,20.8,47.0,3.1,1665.0,9.0,2.0,0.0,0.0,Autumn,No Holiday,No
2018-09-30,0,13,21.1,42.0,4.6,1954.0,7.6,2.74,0.0,0.0,Autumn,No Holiday,No
2018-09-30,0,14,21.1,32.0,4.4,1999.0,3.7,2.48,0.0,0.0,Autumn,No Holiday,No
2018-09-30,0,15,21.3,32.0,3.8,2000.0,3.9,2.31,0.0,0.0,Autumn,No Holiday,No
2018-09-30,0,16,21.2,28.0,3.2,2000.0,1.9,1.77,0.0,0.0,Autumn,No Holiday,No
2018-09-30,0,17,20.4,31.0,3.2,2000.0,2.6,1.06,0.0,0.0,Autumn,No Holiday,No
2018-09-30,0,18,18.3,34.0,3.3,2000.0,2.1,0.36,0.0,0.0,Autumn,No Holiday,No
2018-09-30,0,19,17.1,35.0,2.9,2000.0,1.4,0.0,0.0,0.0,Autumn,No Holiday,No
2018-09-30,0,20,16.0,39.0,2.9,2000.0,2.0,0.0,0.0,0.0,Autumn,No Holiday,No
2018-09-30,0,21,15.2,40.0,3.0,2000.0,1.6,0.0,0.0,0.0,Autumn,No Holiday,No
2018-09-30,0,22,14.6,46.0,2.2,2000.0,3.0,0.0,0.0,0.0,Autumn,No Holiday,No
2018-09-30,0,23,14.1,53.0,2.1,2000.0,4.6,0.0,0.0,0.0,Autumn,No Holiday,No
2018-10-01,680,0,14.1,55.0,2.6,2000.0,5.1,0.0,0.0,0.0,Autumn,No Holiday,Yes
2018-10-01,402,1,13.9,57.0,2.0,2000.0,5.5,0.0,0.0,0.0,Autumn,No Holiday,Yes
2018-10-01,262,2,13.9,56.0,2.4,2000.0,5.2,0.0,0.0,0.0,Autumn,No Holiday,Yes
2018-10-01,179,3,13.6,56.0,1.6,2000.0,4.9,0.0,0.0,0.0,Autumn,No Holiday,Yes
2018-10-01,143,4,13.7,56.0,1.9,2000.0,5.0,0.0,0.0,0.0,Autumn,No Holiday,Yes
2018-10-01,246,5,13.7,57.0,1.8,1999.0,5.3,0.0,0.0,0.0,Autumn,No Holiday,Yes
2018-10-01,632,6,13.3,56.0,2.3,2000.0,4.6,0.0,0.0,0.0,Autumn,No Holiday,Yes
2018-10-01,1429,7,13.1,58.0,2.1,1997.0,5.0,0.03,0.0,0.0,Autumn,No Holiday,Yes
2018-10-01,2101,8,13.7,54.0,2.4,1960.0,4.5,0.39,0.0,0.0,Autumn,No Holiday,Yes
2018-10-01,1106,9,14.9,50.0,3.4,1989.0,4.5,1.08,0.0,0.0,Autumn,No Holiday,Yes
2018-10-01,856,10,16.3,47.0,3.6,1815.0,4.9,1.93,0.0,0.0,Autumn,No Holiday,Yes
2018-10-01,959,11,17.0,45.0,4.5,1966.0,4.9,2.04,0.0,0.0,Autumn,No Holiday,Yes
2018-10-01,1138,12,18.4,40.0,3.5,1958.0,4.5,2.28,0.0,0.0,Autumn,No Holiday,Yes
2018-10-01,1087,13,17.6,49.0,4.7,2000.0,6.7,1.89,0.0,0.0,Autumn,No Holiday,Yes
2018-10-01,1137,14,19.3,36.0,3.5,1986.0,3.8,2.28,0.0,0.0,Autumn,No Holiday,Yes
2018-10-01,1258,15,19.0,40.0,3.8,1983.0,5.0,1.96,0.0,0.0,Autumn,No Holiday,Yes
2018-10-01,1357,16,17.7,47.0,3.4,2000.0,6.2,0.81,0.0,0.0,Autumn,No Holiday,Yes
2018-10-01,1799,17,17.2,53.0,2.9,2000.0,7.5,0.25,0.0,0.0,Autumn,No Holiday,Yes
2018-10-01,2857,18,16.6,61.0,2.9,2000.0,9.0,0.16,0.0,0.0,Autumn,No Holiday,Yes
2018-10-01,2122,19,16.2,62.0,2.2,2000.0,8.9,0.0,0.0,0.0,Autumn,No Holiday,Yes
2018-10-01,1824,20,15.4,63.0,2.1,2000.0,8.3,0.0,0.0,0.0,Autumn,No Holiday,Yes
2018-10-01,1777,21,14.6,66.0,4.0,2000.0,8.3,0.0,0.0,0.0,Autumn,No Holiday,Yes
2018-10-01,1501,22,13.9,69.0,0.5,2000.0,8.2,0.0,0.0,0.0,Autumn,No Holiday,Yes
2018-10-01,1057,23,13.4,69.0,3.7,2000.0,7.8,0.0,0.0,0.0,Autumn,No Holiday,Yes
2018-10-02,0,0,13.0,72.0,1.8,1987.0,8.0,0.0,0.0,0.0,Autumn,No Holiday,No
2018-10-02,0,1,12.5,74.0,1.9,1992.0,7.9,0.0,0.0,0.0,Autumn,No Holiday,No
2018-10-02,0,2,12.3,75.0,1.6,1840.0,7.9,0.0,0.0,0.0,Autumn,No Holiday,No
2018-10-02,0,3,11.8,78.0,0.3,1843.0,8.0,0.0,0.0,0.0,Autumn,No Holiday,No
2018-10-02,0,4,11.2,80.0,0.3,1236.0,7.8,0.0,0.0,0.0,Autumn,No Holiday,No
2018-10-02,0,5,10.8,82.0,0.3,1778.0,7.8,0.0,0.0,0.0,Autumn,No Holiday,No
2018-10-02,0,6,10.6,81.0,0.0,1798.0,7.4,0.0,0.0,0.0,Autumn,No Holiday,No
2018-10-02,0,7,10.4,81.0,0.3,1956.0,7.2,0.02,0.0,0.0,Autumn,No Holiday,No
2018-10-02,0,8,11.2,69.0,0.9,1714.0,5.7,0.49,0.0,0.0,Autumn,No Holiday,No
2018-10-02,0,9,13.9,66.0,1.6,1427.0,7.6,1.11,0.0,0.0,Autumn,No Holiday,No
2018-10-02,0,10,16.7,58.0,2.4,1554.0,8.3,1.81,0.0,0.0,Autumn,No Holiday,No
2018-10-02,0,11,18.3,44.0,3.0,1878.0,5.8,2.35,0.0,0.0,Autumn,No Holiday,No
2018-10-02,0,12,19.4,41.0,3.1,1956.0,5.7,2.67,0.0,0.0,Autumn,No Holiday,No
2018-10-02,0,13,20.4,36.0,2.6,1776.0,4.8,2.71,0.0,0.0,Autumn,No Holiday,No
2018-10-02,0,14,21.5,39.0,2.5,1691.0,6.9,2.56,0.0,0.0,Autumn,No Holiday,No
2018-10-02,0,15,21.8,38.0,2.6,1913.0,6.8,2.22,0.0,0.0,Autumn,No Holiday,No
2018-10-02,0,16,21.7,36.0,3.2,1929.0,5.9,1.64,0.0,0.0,Autumn,No Holiday,No
2018-10-02,0,17,21.2,40.0,2.4,2000.0,7.0,0.98,0.0,0.0,Autumn,No Holiday,No
2018-10-02,0,18,19.2,48.0,2.2,2000.0,7.9,0.28,0.0,0.0,Autumn,No Holiday,No
2018-10-02,0,19,17.6,57.0,1.7,2000.0,8.9,0.0,0.0,0.0,Autumn,No Holiday,No
2018-10-02,0,20,16.8,62.0,2.0,2000.0,9.4,0.0,0.0,0.0,Autumn,No Holiday,No
2018-10-02,0,21,16.2,65.0,1.5,2000.0,9.6,0.0,0.0,0.0,Autumn,No Holiday,No
2018-10-02,0,22,15.5,69.0,0.8,1987.0,9.8,0.0,0.0,0.0,Autumn,No Holiday,No
2018-10-02,0,23,14.8,68.0,0.1,1994.0,8.9,0.0,0.0,0.0,Autumn,No Holiday,No
2018-10-03,1040,0,14.5,74.0,0.4,2000.0,9.9,0.0,0.0,0.0,Autumn,Holiday,Yes
2018-10-03,882,1,13.8,75.0,0.5,2000.0,9.4,0.0,0.0,0.0,Autumn,Holiday,Yes
2018-10-03,685,2,13.2,77.0,1.2,1972.0,9.2,0.0,0.0,0.0,Autumn,Holiday,Yes
2018-10-03,497,3,12.6,78.0,0.6,1907.0,8.8,0.0,0.0,0.0,Autumn,Holiday,Yes
2018-10-03,284,4,12.1,80.0,1.2,1834.0,8.7,0.0,0.0,0.0,Autumn,Holiday,Yes
2018-10-03,173,5,11.8,82.0,1.1,1878.0,8.8,0.0,0.0,0.0,Autumn,Holiday,Yes
2018-10-03,278,6,11.4,84.0,0.3,1742.0,8.7,0.0,0.0,0.0,Autumn,Holiday,Yes
2018-10-03,440,7,11.2,85.0,0.3,1593.0,8.7,0.02,0.0,0.0,Autumn,Holiday,Yes
2018-10-03,762,8,11.8,73.0,1.0,1649.0,7.1,0.49,0.0,0.0,Autumn,Holiday,Yes
2018-10-03,966,9,14.4,61.0,0.7,1340.0,6.9,1.21,0.0,0.0,Autumn,Holiday,Yes
2018-10-03,1113,10,17.3,53.0,0.7,1406.0,7.6,1.83,0.0,0.0,Autumn,Holiday,Yes
2018-10-03,1248,11,20.3,46.0,1.6,1409.0,8.2,2.29,0.0,0.0,Autumn,Holiday,Yes
2018-10-03,1634,12,21.4,40.0,1.4,1973.0,7.2,2.53,0.0,0.0,Autumn,Holiday,Yes
2018-10-03,1849,13,22.5,40.0,2.6,1854.0,8.2,2.64,0.0,0.0,Autumn,Holiday,Yes
2018-10-03,1995,14,23.4,35.0,1.6,1972.0,7.0,2.51,0.0,0.0,Autumn,Holiday,Yes
2018-10-03,2200,15,24.1,34.0,2.0,1996.0,7.2,2.14,0.0,0.0,Autumn,Holiday,Yes
2018-10-03,2112,16,24.0,34.0,2.7,2000.0,7.1,1.62,0.0,0.0,Autumn,Holiday,Yes
2018-10-03,2400,17,23.3,36.0,1.7,1960.0,7.3,0.95,0.0,0.0,Autumn,Holiday,Yes
2018-10-03,2235,18,21.5,43.0,1.8,2000.0,8.3,0.26,0.0,0.0,Autumn,Holiday,Yes
2018-10-03,1792,19,20.0,49.0,1.5,2000.0,8.9,0.0,0.0,0.0,Autumn,Holiday,Yes
2018-10-03,1744,20,18.6,55.0,1.5,2000.0,9.3,0.0,0.0,0.0,Autumn,Holiday,Yes
2018-10-03,1594,21,17.6,59.0,1.6,2000.0,9.4,0.0,0.0,0.0,Autumn,Holiday,Yes
2018-10-03,1393,22,16.9,63.0,0.2,2000.0,9.8,0.0,0.0,0.0,Autumn,Holiday,Yes
2018-10-03,1033,23,16.1,63.0,0.6,2000.0,9.0,0.0,0.0,0.0,Autumn,Holiday,Yes
2018-10-04,0,0,15.5,65.0,0.8,2000.0,8.9,0.0,0.0,0.0,Autumn,No Holiday,No
2018-10-04,0,1,14.7,69.0,0.6,2000.0,9.0,0.0,0.0,0.0,Autumn,No Holiday,No
2018-10-04,0,2,14.0,73.0,0.5,1992.0,9.2,0.0,0.0,0.0,Autumn,No Holiday,No
2018-10-04,0,3,13.6,75.0,0.8,1960.0,9.2,0.0,0.0,0.0,Autumn,No Holiday,No
2018-10-04,0,4,13.3,75.0,0.4,1792.0,8.9,0.0,0.0,0.0,Autumn,No Holiday,No
2018-10-04,0,5,13.2,73.0,0.9,1857.0,8.4,0.0,0.0,0.0,Autumn,No Holiday,No
2018-10-04,0,6,13.2,73.0,1.1,1900.0,8.4,0.0,0.0,0.0,Autumn,No Holiday,No
2018-10-04,0,7,13.2,75.0,0.8,1780.0,8.8,0.01,0.0,0.0,Autumn,No Holiday,No
2018-10-04,0,8,13.9,68.0,0.9,1912.0,8.0,0.34,0.0,0.0,Autumn,No Holiday,No
2018-10-04,0,9,16.7,58.0,1.8,1821.0,8.3,1.22,0.0,0.0,Autumn,No Holiday,No
2018-10-04,0,10,19.0,49.0,1.7,1980.0,8.0,1.73,0.0,0.0,Autumn,No Holiday,No
2018-10-04,0,11,21.3,41.0,1.9,1963.0,7.5,2.36,0.0,0.0,Autumn,No Holiday,No
2018-10-04,0,12,23.2,38.0,1.7,1990.0,8.0,2.44,0.0,0.0,Autumn,No Holiday,No
2018-10-04,0,13,23.4,39.0,1.4,2000.0,8.6,1.72,0.0,0.0,Autumn,No Holiday,No
2018-10-04,0,14,24.3,39.0,1.7,2000.0,9.4,2.18,0.0,0.0,Autumn,No Holiday,No
2018-10-04,0,15,25.3,39.0,1.6,2000.0,10.3,1.88,0.0,0.0,Autumn,No Holiday,No
2018-10-04,0,16,25.1,41.0,1.0,2000.0,10.9,1.22,0.0,0.0,Autumn,No Holiday,No
2018-10-04,0,17,24.2,44.0,1.5,2000.0,11.1,0.58,0.0,0.0,Autumn,No Holiday,No
2018-10-04,0,18,23.1,48.0,1.3,2000.0,11.4,0.2,0.0,0.0,Autumn,No Holiday,No
2018-10-04,0,19,22.3,50.0,1.4,2000.0,11.3,0.0,0.0,0.0,Autumn,No Holiday,No
2018-10-04,0,20,21.3,53.0,1.8,2000.0,11.3,0.0,0.0,0.0,Autumn,No Holiday,No
2018-10-04,0,21,20.5,57.0,2.0,2000.0,11.6,0.0,0.0,0.0,Autumn,No Holiday,No
2018-10-04,0,22,19.8,60.0,1.6,2000.0,11.8,0.0,0.0,0.0,Autumn,No Holiday,No
2018-10-04,0,23,19.4,62.0,1.7,2000.0,11.9,0.0,0.0,0.0,Autumn,No Holiday,No
2018-10-05,973,0,19.0,64.0,1.9,2000.0,12.0,0.0,0.0,0.0,Autumn,No Holiday,Yes
2018-10-05,735,1,18.6,66.0,1.7,2000.0,12.1,0.0,0.0,0.0,Autumn,No Holiday,Yes
2018-10-05,515,2,18.2,64.0,2.0,2000.0,11.2,0.0,0.0,0.0,Autumn,No Holiday,Yes
2018-10-05,329,3,18.0,61.0,1.8,2000.0,10.3,0.0,0.0,0.0,Autumn,No Holiday,Yes
2018-10-05,221,4,17.7,57.0,1.3,2000.0,9.0,0.0,0.0,0.0,Autumn,No Holiday,Yes
2018-10-05,223,5,17.6,57.0,1.1,2000.0,8.9,0.0,0.0,0.0,Autumn,No Holiday,Yes
2018-10-05,531,6,17.7,55.0,1.5,2000.0,8.5,0.0,0.0,0.0,Autumn,No Holiday,Yes
2018-10-05,282,7,17.7,56.0,1.3,2000.0,8.8,0.0,0.0,0.0,Autumn,No Holiday,Yes
2018-10-05,208,8,16.9,72.0,1.3,2000.0,11.8,0.04,0.3,0.0,Autumn,No Holiday,Yes
2018-10-05,47,9,16.3,85.0,1.8,942.0,13.7,0.13,1.2,0.0,Autumn,No Holiday,Yes
2018-10-05,33,10,15.8,89.0,1.8,742.0,13.9,0.18,1.5,0.0,Autumn,No Holiday,Yes
2018-10-05,29,11,16.1,89.0,2.4,1112.0,14.2,0.4,1.5,0.0,Autumn,No Holiday,Yes
2018-10-05,23,12,16.6,90.0,1.7,518.0,14.9,0.51,2.0,0.0,Autumn,No Holiday,Yes
2018-10-05,22,13,16.9,95.0,1.6,325.0,16.0,0.48,4.0,0.0,Autumn,No Holiday,Yes
2018-10-05,17,14,17.2,95.0,1.6,553.0,16.3,0.48,2.5,0.0,Autumn,No Holiday,Yes
2018-10-05,8,15,17.2,96.0,0.6,213.0,16.5,0.26,4.0,0.0,Autumn,No Holiday,Yes
2018-10-05,28,16,17.1,97.0,1.7,382.0,16.6,0.15,6.0,0.0,Autumn,No Holiday,Yes
2018-10-05,66,17,16.9,97.0,2.1,728.0,16.4,0.08,5.5,0.0,Autumn,No Holiday,Yes
2018-10-05,74,18,16.7,96.0,1.6,1461.0,16.0,0.03,1.0,0.0,Autumn,No Holiday,Yes
2018-10-05,55,19,16.6,96.0,2.4,1072.0,15.9,0.0,1.5,0.0,Autumn,No Holiday,Yes
2018-10-05,44,20,16.5,96.0,2.7,1047.0,15.8,0.0,1.0,0.0,Autumn,No Holiday,Yes
2018-10-05,32,21,16.5,96.0,2.2,963.0,15.8,0.0,1.5,0.0,Autumn,No Holiday,Yes
2018-10-05,23,22,16.2,92.0,2.6,1771.0,14.8,0.0,1.5,0.0,Autumn,No Holiday,Yes
2018-10-05,4,23,16.3,91.0,1.8,1811.0,14.8,0.0,0.5,0.0,Autumn,No Holiday,Yes
2018-10-06,0,0,16.4,94.0,1.8,1744.0,15.4,0.0,1.0,0.0,Autumn,No Holiday,No
2018-10-06,0,1,16.7,89.0,2.4,1814.0,14.8,0.0,1.0,0.0,Autumn,No Holiday,No
2018-10-06,0,2,16.9,88.0,2.5,2000.0,14.8,0.0,1.5,0.0,Autumn,No Holiday,No
2018-10-06,0,3,16.8,90.0,3.3,1601.0,15.1,0.0,2.0,0.0,Autumn,No Holiday,No
2018-10-06,0,4,16.9,89.0,2.7,1577.0,15.0,0.0,2.5,0.0,Autumn,No Holiday,No
2018-10-06,0,5,16.7,93.0,2.8,360.0,15.5,0.0,4.5,0.0,Autumn,No Holiday,No
2018-10-06,0,6,16.5,96.0,2.3,417.0,15.8,0.0,8.5,0.0,Autumn,No Holiday,No
2018-10-06,5,7,16.5,97.0,2.3,364.0,16.0,0.0,9.5,0.0,Autumn,No Holiday,Yes
2018-10-06,6,8,16.6,97.0,2.0,457.0,16.1,0.01,9.0,0.0,Autumn,No Holiday,Yes
2018-10-06,5,9,16.7,97.0,2.9,550.0,16.2,0.05,6.0,0.0,Autumn,No Holiday,Yes
2018-10-06,2,10,17.0,97.0,1.5,676.0,16.5,0.15,6.0,0.0,Autumn,No Holiday,Yes
2018-10-06,20,11,17.5,95.0,2.0,1214.0,16.6,0.35,3.5,0.0,Autumn,No Holiday,Yes
2018-10-06,130,12,18.0,92.0,2.9,1999.0,16.6,0.45,1.0,0.0,Autumn,No Holiday,Yes
2018-10-06,529,13,17.7,89.0,5.0,2000.0,15.8,0.62,0.5,0.0,Autumn,No Holiday,Yes
2018-10-06,941,14,19.3,79.0,3.6,2000.0,15.5,1.36,0.0,0.0,Autumn,No Holiday,Yes
2018-10-06,1236,15,21.0,67.0,4.1,2000.0,14.6,2.05,0.0,0.0,Autumn,No Holiday,Yes
2018-10-06,1601,16,21.5,62.0,3.4,2000.0,13.9,1.26,0.0,0.0,Autumn,No Holiday,Yes
2018-10-06,1870,17,21.1,64.0,1.2,2000.0,14.0,0.4,0.0,0.0,Autumn,No Holiday,Yes
2018-10-06,2012,18,20.5,66.0,1.2,2000.0,13.9,0.16,0.0,0.0,Autumn,No Holiday,Yes
2018-10-06,1761,19,19.7,72.0,0.6,2000.0,14.5,0.0,0.0,0.0,Autumn,No Holiday,Yes
2018-10-06,1567,20,19.4,67.0,0.8,2000.0,13.1,0.0,0.0,0.0,Autumn,No Holiday,Yes
2018-10-06,1731,21,18.5,78.0,0.1,2000.0,14.5,0.0,0.0,0.0,Autumn,No Holiday,Yes
2018-10-06,1459,22,17.7,78.0,0.3,2000.0,13.8,0.0,0.0,0.0,Autumn,No Holiday,Yes
2018-10-06,1162,23,16.9,84.0,0.9,2000.0,14.1,0.0,0.0,0.0,Autumn,No Holiday,Yes
2018-10-07,1049,0,16.3,86.0,0.3,2000.0,13.9,0.0,0.0,0.0,Autumn,No Holiday,Yes
2018-10-07,768,1,16.0,88.0,1.2,2000.0,14.0,0.0,0.0,0.0,Autumn,No Holiday,Yes
2018-10-07,538,2,15.7,88.0,0.4,2000.0,13.7,0.0,0.0,0.0,Autumn,No Holiday,Yes
2018-10-07,372,3,15.5,88.0,1.7,1998.0,13.5,0.0,0.0,0.0,Autumn,No Holiday,Yes
2018-10-07,255,4,15.1,90.0,1.2,850.0,13.4,0.0,0.0,0.0,Autumn,No Holiday,Yes
2018-10-07,146,5,15.1,89.0,1.1,1615.0,13.2,0.0,0.0,0.0,Autumn,No Holiday,Yes
2018-10-07,189,6,14.8,89.0,0.2,1490.0,12.9,0.0,0.0,0.0,Autumn,No Holiday,Yes
2018-10-07,345,7,14.3,89.0,0.6,1165.0,12.5,0.03,0.0,0.0,Autumn,No Holiday,Yes
2018-10-07,589,8,14.6,71.0,1.0,1896.0,9.3,0.43,0.0,0.0,Autumn,No Holiday,Yes
2018-10-07,753,9,16.2,60.0,1.9,1899.0,8.4,1.16,0.0,0.0,Autumn,No Holiday,Yes
2018-10-07,932,10,18.1,56.0,2.6,1720.0,9.1,1.79,0.0,0.0,Autumn,No Holiday,Yes
2018-10-07,1188,11,19.1,56.0,2.4,1802.0,10.1,2.15,0.0,0.0,Autumn,No Holiday,Yes
2018-10-07,1516,12,19.8,46.0,2.5,1837.0,7.8,2.3,0.0,0.0,Autumn,No Holiday,Yes
2018-10-07,1714,13,20.1,41.0,3.0,1963.0,6.4,2.34,0.0,0.0,Autumn,No Holiday,Yes
2018-10-07,1987,14,20.2,42.0,2.8,1832.0,6.8,1.87,0.0,0.0,Autumn,No Holiday,Yes
2018-10-07,2167,15,20.4,36.0,2.8,2000.0,4.8,1.56,0.0,0.0,Autumn,No Holiday,Yes
2018-10-07,2270,16,20.7,34.0,2.0,2000.0,4.2,1.23,0.0,0.0,Autumn,No Holiday,Yes
2018-10-07,2255,17,19.4,32.0,3.2,2000.0,2.2,0.63,0.0,0.0,Autumn,No Holiday,Yes
2018-10-07,2069,18,17.9,29.0,2.8,2000.0,-0.4,0.16,0.0,0.0,Autumn,No Holiday,Yes
2018-10-07,1608,19,16.6,36.0,1.4,2000.0,1.4,0.0,0.0,0.0,Autumn,No Holiday,Yes
2018-10-07,1519,20,15.5,37.0,1.9,2000.0,0.8,0.0,0.0,0.0,Autumn,No Holiday,Yes
2018-10-07,1385,21,14.4,36.0,1.0,2000.0,-0.5,0.0,0.0,0.0,Autumn,No Holiday,Yes
2018-10-07,1160,22,13.6,38.0,1.5,2000.0,-0.4,0.0,0.0,0.0,Autumn,No Holiday,Yes
2018-10-07,840,23,12.9,38.0,1.5,2000.0,-1.1,0.0,0.0,0.0,Autumn,No Holiday,Yes
2018-10-08,711,0,12.3,44.0,0.8,2000.0,0.3,0.0,0.0,0.0,Autumn,No Holiday,Yes
2018-10-08,390,1,11.7,52.0,1.1,2000.0,2.1,0.0,0.0,0.0,Autumn,No Holiday,Yes
2018-10-08,265,2,11.1,56.0,1.4,2000.0,2.6,0.0,0.0,0.0,Autumn,No Holiday,Yes
2018-10-08,192,3,10.8,59.0,0.5,2000.0,3.0,0.0,0.0,0.0,Autumn,No Holiday,Yes
2018-10-08,123,4,10.4,61.0,0.6,2000.0,3.1,0.0,0.0,0.0,Autumn,No Holiday,Yes
2018-10-08,215,5,9.8,63.0,0.5,2000.0,3.0,0.0,0.0,0.0,Autumn,No Holiday,Yes
2018-10-08,503,6,9.5,68.0,0.9,2000.0,3.8,0.0,0.0,0.0,Autumn,No Holiday,Yes
2018-10-08,1206,7,9.2,72.0,1.0,2000.0,4.4,0.01,0.0,0.0,Autumn,No Holiday,Yes
2018-10-08,2005,8,9.9,66.0,1.2,2000.0,3.8,0.35,0.0,0.0,Autumn,No Holiday,Yes
2018-10-08,1166,9,12.2,51.0,0.7,1918.0,2.3,1.02,0.0,0.0,Autumn,No Holiday,Yes
2018-10-08,943,10,15.0,44.0,0.5,1839.0,2.8,1.48,0.0,0.0,Autumn,No Holiday,Yes
2018-10-08,1117,11,17.9,39.0,1.3,1873.0,3.7,2.06,0.0,0.0,Autumn,No Holiday,Yes
2018-10-08,1238,12,19.2,31.0,0.5,1994.0,1.6,2.4,0.0,0.0,Autumn,No Holiday,Yes
2018-10-08,1303,13,20.2,28.0,1.3,2000.0,1.0,2.25,0.0,0.0,Autumn,No Holiday,Yes
2018-10-08,1358,14,20.2,24.0,1.5,2000.0,-1.0,1.8,0.0,0.0,Autumn,No Holiday,Yes
2018-10-08,1502,15,20.6,26.0,1.2,2000.0,0.4,1.76,0.0,0.0,Autumn,No Holiday,Yes
2018-10-08,1603,16,20.3,25.0,1.8,2000.0,-0.3,1.15,0.0,0.0,Autumn,No Holiday,Yes
2018-10-08,2127,17,20.0,28.0,0.7,2000.0,0.9,0.79,0.0,0.0,Autumn,No Holiday,Yes
2018-10-08,2787,18,18.1,39.0,1.0,2000.0,3.9,0.21,0.0,0.0,Autumn,No Holiday,Yes
2018-10-08,2150,19,16.4,42.0,1.8,2000.0,3.4,0.0,0.0,0.0,Autumn,No Holiday,Yes
2018-10-08,1838,20,15.5,45.0,2.2,2000.0,3.6,0.0,0.0,0.0,Autumn,No Holiday,Yes
2018-10-08,1788,21,15.1,48.0,2.6,2000.0,4.1,0.0,0.0,0.0,Autumn,No Holiday,Yes
2018-10-08,1636,22,14.4,49.0,1.1,2000.0,3.8,0.0,0.0,0.0,Autumn,No Holiday,Yes
2018-10-08,1196,23,13.5,55.0,0.5,2000.0,4.6,0.0,0.0,0.0,Autumn,No Holiday,Yes
2018-10-09,0,0,12.6,54.0,0.2,2000.0,3.5,0.0,0.0,0.0,Autumn,Holiday,No
2018-10-09,0,1,12.0,58.0,0.7,2000.0,3.9,0.0,0.0,0.0,Autumn,Holiday,No
2018-10-09,0,2,11.4,65.0,1.1,2000.0,5.0,0.0,0.0,0.0,Autumn,Holiday,No
2018-10-09,0,3,11.0,66.0,0.9,2000.0,4.8,0.0,0.0,0.0,Autumn,Holiday,No
2018-10-09,0,4,11.0,63.0,0.8,2000.0,4.2,0.0,0.0,0.0,Autumn,Holiday,No
2018-10-09,0,5,10.8,64.0,0.8,2000.0,4.2,0.0,0.0,0.0,Autumn,Holiday,No
2018-10-09,0,6,10.8,69.0,0.8,2000.0,5.3,0.0,0.0,0.0,Autumn,Holiday,No
2018-10-09,0,7,10.9,70.0,0.7,2000.0,5.6,0.0,0.0,0.0,Autumn,Holiday,No
2018-10-09,0,8,11.4,66.0,0.8,1991.0,5.2,0.18,0.0,0.0,Autumn,Holiday,No
2018-10-09,0,9,12.8,57.0,1.2,1838.0,4.4,0.55,0.0,0.0,Autumn,Holiday,No
2018-10-09,0,10,14.8,51.0,1.0,1998.0,4.7,1.07,0.0,0.0,Autumn,Holiday,No
2018-10-09,0,11,16.4,45.0,0.7,2000.0,4.4,1.22,0.0,0.0,Autumn,Holiday,No
2018-10-09,0,12,18.3,40.0,0.6,1995.0,4.4,1.82,0.0,0.0,Autumn,Holiday,No
2018-10-09,0,13,19.2,39.0,1.0,2000.0,4.8,1.66,0.0,0.0,Autumn,Holiday,No
2018-10-09,0,14,18.8,39.0,1.6,2000.0,4.5,0.67,0.0,0.0,Autumn,Holiday,No
2018-10-09,0,15,18.3,40.0,1.2,2000.0,4.4,0.33,0.0,0.0,Autumn,Holiday,No
2018-10-09,0,16,19.0,39.0,1.4,2000.0,4.7,0.89,0.0,0.0,Autumn,Holiday,No
2018-10-09,0,17,18.4,39.0,2.1,2000.0,4.1,0.45,0.0,0.0,Autumn,Holiday,No
2018-10-09,0,18,17.7,43.0,1.5,2000.0,4.9,0.05,0.0,0.0,Autumn,Holiday,No
2018-10-09,0,19,17.3,47.0,2.2,2000.0,5.8,0.0,0.0,0.0,Autumn,Holiday,No
2018-10-09,0,20,17.0,49.0,1.4,2000.0,6.1,0.0,0.0,0.0,Autumn,Holiday,No
2018-10-09,0,21,16.8,52.0,1.6,2000.0,6.8,0.0,0.0,0.0,Autumn,Holiday,No
2018-10-09,0,22,16.7,55.0,1.9,2000.0,7.6,0.0,0.0,0.0,Autumn,Holiday,No
2018-10-09,0,23,16.6,53.0,1.1,2000.0,6.9,0.0,0.0,0.0,Autumn,Holiday,No
2018-10-10,643,0,16.6,53.0,0.9,2000.0,6.9,0.0,0.0,0.0,Autumn,No Holiday,Yes
2018-10-10,144,1,16.6,57.0,1.5,2000.0,8.0,0.0,0.0,0.0,Autumn,No Holiday,Yes
2018-10-10,55,2,14.4,91.0,0.4,402.0,12.9,0.0,4.5,0.0,Autumn,No Holiday,Yes
2018-10-10,90,3,14.3,95.0,1.0,967.0,13.5,0.0,2.5,0.0,Autumn,No Holiday,Yes
2018-10-10,82,4,14.3,92.0,2.0,714.0,13.0,0.0,0.0,0.0,Autumn,No Holiday,Yes
2018-10-10,152,5,13.6,89.0,2.7,990.0,11.8,0.0,0.0,0.0,Autumn,No Holiday,Yes
2018-10-10,441,6,12.6,86.0,1.9,1430.0,10.3,0.0,0.0,0.0,Autumn,No Holiday,Yes
2018-10-10,1220,7,12.3,84.0,3.2,1220.0,9.6,0.0,0.0,0.0,Autumn,No Holiday,Yes
2018-10-10,2082,8,11.8,80.0,3.7,1518.0,8.4,0.16,0.0,0.0,Autumn,No Holiday,Yes
2018-10-10,1097,9,12.0,72.0,3.3,1650.0,7.0,0.68,0.0,0.0,Autumn,No Holiday,Yes
2018-10-10,792,10,12.0,61.0,4.1,1981.0,4.6,0.86,0.0,0.0,Autumn,No Holiday,Yes
2018-10-10,914,11,12.7,50.0,3.3,1999.0,2.5,1.61,0.0,0.0,Autumn,No Holiday,Yes
2018-10-10,1006,12,13.7,43.0,3.4,1980.0,1.3,1.65,0.0,0.0,Autumn,No Holiday,Yes
2018-10-10,1015,13,14.3,43.0,3.6,1995.0,1.8,1.86,0.0,0.0,Autumn,No Holiday,Yes
2018-10-10,1041,14,14.0,43.0,2.8,2000.0,1.5,1.13,0.0,0.0,Autumn,No Holiday,Yes
2018-10-10,1171,15,13.7,44.0,3.9,2000.0,1.6,0.83,0.0,0.0,Autumn,No Holiday,Yes
2018-10-10,1363,16,13.8,43.0,3.7,2000.0,1.4,0.74,0.0,0.0,Autumn,No Holiday,Yes
2018-10-10,1775,17,13.1,45.0,3.1,2000.0,1.4,0.62,0.0,0.0,Autumn,No Holiday,Yes
2018-10-10,2514,18,12.2,45.0,3.1,2000.0,0.5,0.16,0.0,0.0,Autumn,No Holiday,Yes
2018-10-10,1723,19,11.3,50.0,1.1,2000.0,1.2,0.0,0.0,0.0,Autumn,No Holiday,Yes
2018-10-10,1489,20,10.6,48.0,2.0,2000.0,0.0,0.0,0.0,0.0,Autumn,No Holiday,Yes
2018-10-10,1445,21,9.9,50.0,1.2,2000.0,0.0,0.0,0.0,0.0,Autumn,No Holiday,Yes
2018-10-10,1255,22,9.2,55.0,0.9,2000.0,0.6,0.0,0.0,0.0,Autumn,No Holiday,Yes
2018-10-10,901,23,8.5,52.0,0.6,2000.0,-0.8,0.0,0.0,0.0,Autumn,No Holiday,Yes
2018-10-11,707,0,7.9,53.0,0.9,2000.0,-1.1,0.0,0.0,0.0,Autumn,No Holiday,Yes
2018-10-11,541,1,7.3,59.0,0.1,2000.0,-0.1,0.0,0.0,0.0,Autumn,No Holiday,Yes
2018-10-11,341,2,7.1,64.0,0.9,2000.0,0.7,0.0,0.0,0.0,Autumn,No Holiday,Yes
2018-10-11,218,3,6.7,71.0,1.0,2000.0,1.8,0.0,0.0,0.0,Autumn,No Holiday,Yes
2018-10-11,145,4,6.6,69.0,0.9,2000.0,1.3,0.0,0.0,0.0,Autumn,No Holiday,Yes
2018-10-11,197,5,6.6,73.0,1.1,2000.0,2.0,0.0,0.0,0.0,Autumn,No Holiday,Yes
2018-10-11,518,6,6.6,65.0,1.6,2000.0,0.4,0.0,0.0,0.0,Autumn,No Holiday,Yes
2018-10-11,1233,7,6.3,65.0,1.0,2000.0,0.1,0.01,0.0,0.0,Autumn,No Holiday,Yes
2018-10-11,2000,8,7.0,56.0,3.1,1971.0,-1.1,0.44,0.0,0.0,Autumn,No Holiday,Yes
2018-10-11,1070,9,8.4,49.0,2.6,2000.0,-1.7,1.17,0.0,0.0,Autumn,No Holiday,Yes
2018-10-11,792,10,10.2,44.0,2.3,1986.0,-1.5,1.8,0.0,0.0,Autumn,No Holiday,Yes
2018-10-11,926,11,11.7,36.0,4.3,2000.0,-2.9,2.28,0.0,0.0,Autumn,No Holiday,Yes
2018-10-11,967,12,13.2,31.0,3.8,2000.0,-3.5,2.58,0.0,0.0,Autumn,No Holiday,Yes
2018-10-11,1000,13,13.5,32.0,5.0,1990.0,-2.9,2.56,0.0,0.0,Autumn,No Holiday,Yes
2018-10-11,991,14,13.4,32.0,4.9,2000.0,-2.9,1.78,0.0,0.0,Autumn,No Holiday,Yes
2018-10-11,1054,15,13.0,39.0,3.7,2000.0,-0.6,1.09,0.0,0.0,Autumn,No Holiday,Yes
2018-10-11,1284,16,13.8,36.0,2.9,2000.0,-1.0,0.98,0.0,0.0,Autumn,No Holiday,Yes
2018-10-11,1685,17,13.2,36.0,3.6,2000.0,-1.5,0.55,0.0,0.0,Autumn,No Holiday,Yes
2018-10-11,2378,18,12.1,40.0,2.4,1854.0,-1.1,0.18,0.0,0.0,Autumn,No Holiday,Yes
2018-10-11,1614,19,11.1,43.0,2.0,2000.0,-1.0,0.0,0.0,0.0,Autumn,No Holiday,Yes
2018-10-11,1389,20,10.2,46.0,0.2,2000.0,-0.9,0.0,0.0,0.0,Autumn,No Holiday,Yes
2018-10-11,1398,21,9.3,52.0,1.5,2000.0,0.0,0.0,0.0,0.0,Autumn,No Holiday,Yes
2018-10-11,1221,22,8.8,55.0,1.6,2000.0,0.2,0.0,0.0,0.0,Autumn,No Holiday,Yes
2018-10-11,857,23,8.4,60.0,1.5,2000.0,1.0,0.0,0.0,0.0,Autumn,No Holiday,Yes
2018-10-12,706,0,8.2,61.0,1.3,2000.0,1.1,0.0,0.0,0.0,Autumn,No Holiday,Yes
2018-10-12,531,1,7.6,63.0,1.2,2000.0,0.9,0.0,0.0,0.0,Autumn,No Holiday,Yes
2018-10-12,409,2,7.1,61.0,0.6,2000.0,0.0,0.0,0.0,0.0,Autumn,No Holiday,Yes
2018-10-12,225,3,6.5,69.0,0.3,1981.0,1.2,0.0,0.0,0.0,Autumn,No Holiday,Yes
2018-10-12,168,4,6.2,71.0,1.1,2000.0,1.3,0.0,0.0,0.0,Autumn,No Holiday,Yes
2018-10-12,183,5,6.0,72.0,1.3,2000.0,1.3,0.0,0.0,0.0,Autumn,No Holiday,Yes
2018-10-12,412,6,5.8,67.0,1.1,2000.0,0.1,0.0,0.0,0.0,Autumn,No Holiday,Yes
2018-10-12,1142,7,5.3,73.0,0.7,2000.0,0.8,0.01,0.0,0.0,Autumn,No Holiday,Yes
2018-10-12,1996,8,6.0,64.0,1.1,1920.0,-0.3,0.42,0.0,0.0,Autumn,No Holiday,Yes
2018-10-12,1106,9,8.6,50.0,0.8,1785.0,-1.2,1.13,0.0,0.0,Autumn,No Holiday,Yes
2018-10-12,877,10,11.6,40.0,1.7,1991.0,-1.5,1.77,0.0,0.0,Autumn,No Holiday,Yes
2018-10-12,959,11,13.0,38.0,2.7,2000.0,-1.0,2.3,0.0,0.0,Autumn,No Holiday,Yes
2018-10-12,1073,12,14.7,38.0,1.0,1884.0,0.5,2.55,0.0,0.0,Autumn,No Holiday,Yes
2018-10-12,1110,13,15.8,36.0,1.5,1888.0,0.7,2.59,0.0,0.0,Autumn,No Holiday,Yes
2018-10-12,1187,14,16.5,32.0,1.4,1841.0,-0.2,2.43,0.0,0.0,Autumn,No Holiday,Yes
2018-10-12,1322,15,17.1,33.0,2.1,1929.0,0.6,2.04,0.0,0.0,Autumn,No Holiday,Yes
2018-10-12,1488,16,16.9,34.0,1.2,1942.0,0.9,1.47,0.0,0.0,Autumn,No Holiday,Yes
2018-10-12,1902,17,16.3,39.0,1.7,1969.0,2.3,0.8,0.0,0.0,Autumn,No Holiday,Yes
2018-10-12,2618,18,14.3,46.0,1.3,2000.0,2.8,0.16,0.0,0.0,Autumn,No Holiday,Yes
2018-10-12,1804,19,12.9,50.0,1.4,2000.0,2.7,0.0,0.0,0.0,Autumn,No Holiday,Yes
2018-10-12,1440,20,11.8,53.0,1.5,2000.0,2.5,0.0,0.0,0.0,Autumn,No Holiday,Yes
2018-10-12,1292,21,11.0,60.0,1.1,1995.0,3.5,0.0,0.0,0.0,Autumn,No Holiday,Yes
2018-10-12,1347,22,10.5,62.0,1.2,2000.0,3.5,0.0,0.0,0.0,Autumn,No Holiday,Yes
2018-10-12,940,23,9.8,66.0,0.5,1979.0,3.7,0.0,0.0,0.0,Autumn,No Holiday,Yes
2018-10-13,835,0,9.1,69.0,0.9,1885.0,3.7,0.0,0.0,0.0,Autumn,No Holiday,Yes
2018-10-13,739,1,8.5,70.0,0.2,1856.0,3.3,0.0,0.0,0.0,Autumn,No Holiday,Yes
2018-10-13,512,2,8.0,74.0,0.5,1786.0,3.6,0.0,0.0,0.0,Autumn,No Holiday,Yes
2018-10-13,374,3,7.6,78.0,0.7,1614.0,4.0,0.0,0.0,0.0,Autumn,No Holiday,Yes
2018-10-13,226,4,7.1,79.0,1.2,1567.0,3.6,0.0,0.0,0.0,Autumn,No Holiday,Yes
2018-10-13,148,5,6.7,81.0,1.1,1467.0,3.6,0.0,0.0,0.0,Autumn,No Holiday,Yes
2018-10-13,209,6,6.6,80.0,1.0,1424.0,3.3,0.0,0.0,0.0,Autumn,No Holiday,Yes
2018-10-13,412,7,6.2,83.0,0.8,1100.0,3.5,0.01,0.0,0.0,Autumn,No Holiday,Yes
2018-10-13,728,8,7.4,70.0,0.5,1373.0,2.2,0.36,0.0,0.0,Autumn,No Holiday,Yes
2018-10-13,853,9,10.0,56.0,1.0,1761.0,1.6,1.03,0.0,0.0,Autumn,No Holiday,Yes
2018-10-13,1037,10,12.6,50.0,1.4,1712.0,2.4,1.68,0.0,0.0,Autumn,No Holiday,Yes
2018-10-13,1179,11,15.2,44.0,1.2,1301.0,3.0,2.16,0.0,0.0,Autumn,No Holiday,Yes
2018-10-13,1402,12,16.6,36.0,0.7,1442.0,1.4,2.45,0.0,0.0,Autumn,No Holiday,Yes
2018-10-13,1652,13,18.3,33.0,1.9,1324.0,1.7,2.53,0.0,0.0,Autumn,No Holiday,Yes
2018-10-13,1712,14,19.3,27.0,1.3,1384.0,-0.1,2.38,0.0,0.0,Autumn,No Holiday,Yes
2018-10-13,1846,15,19.8,29.0,2.0,1246.0,1.2,1.97,0.0,0.0,Autumn,No Holiday,Yes
2018-10-13,1916,16,19.4,29.0,1.2,1154.0,0.8,1.37,0.0,0.0,Autumn,No Holiday,Yes
2018-10-13,1995,17,18.7,33.0,1.1,1164.0,2.0,0.7,0.0,0.0,Autumn,No Holiday,Yes
2018-10-13,1695,18,16.5,38.0,1.6,1246.0,2.1,0.14,0.0,0.0,Autumn,No Holiday,Yes
2018-10-13,1381,19,14.8,47.0,1.3,1111.0,3.5,0.0,0.0,0.0,Autumn,No Holiday,Yes
2018-10-13,1261,20,13.8,52.0,1.6,1088.0,4.0,0.0,0.0,0.0,Autumn,No Holiday,Yes
2018-10-13,1312,21,12.6,56.0,1.1,1053.0,4.0,0.0,0.0,0.0,Autumn,No Holiday,Yes
2018-10-13,1147,22,11.7,60.0,0.5,1002.0,4.1,0.0,0.0,0.0,Autumn,No Holiday,Yes
2018-10-13,971,23,11.0,62.0,0.3,946.0,3.9,0.0,0.0,0.0,Autumn,No Holiday,Yes
2018-10-14,811,0,10.4,59.0,0.0,971.0,2.7,0.0,0.0,0.0,Autumn,No Holiday,Yes
2018-10-14,584,1,9.5,65.0,0.9,990.0,3.2,0.0,0.0,0.0,Autumn,No Holiday,Yes
2018-10-14,429,2,9.1,68.0,0.3,921.0,3.4,0.0,0.0,0.0,Autumn,No Holiday,Yes
2018-10-14,308,3,8.4,73.0,0.4,820.0,3.8,0.0,0.0,0.0,Autumn,No Holiday,Yes
2018-10-14,185,4,7.9,76.0,1.3,771.0,3.9,0.0,0.0,0.0,Autumn,No Holiday,Yes
2018-10-14,110,5,7.6,79.0,0.3,765.0,4.1,0.0,0.0,0.0,Autumn,No Holiday,Yes
2018-10-14,150,6,7.2,80.0,0.7,729.0,3.9,0.0,0.0,0.0,Autumn,No Holiday,Yes
2018-10-14,304,7,6.9,81.0,0.8,665.0,3.8,0.01,0.0,0.0,Autumn,No Holiday,Yes
2018-10-14,556,8,7.5,72.0,1.1,697.0,2.7,0.34,0.0,0.0,Autumn,No Holiday,Yes
2018-10-14,775,9,10.1,60.0,0.8,726.0,2.6,1.02,0.0,0.0,Autumn,No Holiday,Yes
2018-10-14,847,10,13.3,47.0,0.5,818.0,2.2,1.67,0.0,0.0,Autumn,No Holiday,Yes
2018-10-14,1056,11,16.2,41.0,1.0,878.0,2.9,2.11,0.0,0.0,Autumn,No Holiday,Yes
2018-10-14,1394,12,17.2,33.0,1.1,1258.0,0.7,2.28,0.0,0.0,Autumn,No Holiday,Yes
2018-10-14,1593,13,18.1,32.0,1.5,1684.0,1.1,2.21,0.0,0.0,Autumn,No Holiday,Yes
2018-10-14,1767,14,18.9,31.0,2.6,1936.0,1.3,2.37,0.0,0.0,Autumn,No Holiday,Yes
2018-10-14,1948,15,20.1,32.0,2.4,1893.0,2.8,2.0,0.0,0.0,Autumn,No Holiday,Yes
2018-10-14,2097,16,19.1,31.0,2.1,1960.0,1.5,1.27,0.0,0.0,Autumn,No Holiday,Yes
2018-10-14,1990,17,18.2,43.0,2.3,1925.0,5.4,0.68,0.0,0.0,Autumn,No Holiday,Yes
2018-10-14,1662,18,16.2,58.0,2.4,1991.0,7.9,0.12,0.0,0.0,Autumn,No Holiday,Yes
2018-10-14,1377,19,15.1,60.0,2.9,1979.0,7.3,0.0,0.0,0.0,Autumn,No Holiday,Yes
2018-10-14,1306,20,14.4,61.0,2.3,1945.0,6.9,0.0,0.0,0.0,Autumn,No Holiday,Yes
2018-10-14,1261,21,13.8,66.0,2.4,1897.0,7.5,0.0,0.0,0.0,Autumn,No Holiday,Yes
2018-10-14,1029,22,13.5,71.0,1.7,1711.0,8.3,0.0,0.0,0.0,Autumn,No Holiday,Yes
2018-10-14,810,23,13.2,73.0,1.2,1639.0,8.4,0.0,0.0,0.0,Autumn,No Holiday,Yes
2018-10-15,638,0,12.6,78.0,1.3,1427.0,8.8,0.0,0.0,0.0,Autumn,No Holiday,Yes
2018-10-15,393,1,12.2,80.0,1.4,1283.0,8.8,0.0,0.0,0.0,Autumn,No Holiday,Yes
2018-10-15,272,2,11.8,82.0,0.7,1262.0,8.8,0.0,0.0,0.0,Autumn,No Holiday,Yes
2018-10-15,171,3,11.3,85.0,0.0,907.0,8.8,0.0,0.0,0.0,Autumn,No Holiday,Yes
2018-10-15,152,4,11.0,82.0,0.1,951.0,8.0,0.0,0.0,0.0,Autumn,No Holiday,Yes
2018-10-15,209,5,11.1,79.0,0.3,1140.0,7.5,0.0,0.0,0.0,Autumn,No Holiday,Yes
2018-10-15,504,6,11.2,81.0,0.2,1071.0,8.0,0.0,0.0,0.0,Autumn,No Holiday,Yes
2018-10-15,1271,7,11.5,81.0,0.8,960.0,8.3,0.0,0.0,0.0,Autumn,No Holiday,Yes
2018-10-15,2070,8,12.0,77.0,0.4,891.0,8.0,0.12,0.0,0.0,Autumn,No Holiday,Yes
2018-10-15,1119,9,12.8,74.0,0.5,831.0,8.2,0.31,0.0,0.0,Autumn,No Holiday,Yes
2018-10-15,837,10,14.1,66.0,0.6,827.0,7.8,0.58,0.0,0.0,Autumn,No Holiday,Yes
2018-10-15,910,11,16.7,65.0,1.5,675.0,10.0,1.42,0.0,0.0,Autumn,No Holiday,Yes
2018-10-15,1052,12,19.0,60.0,1.8,513.0,11.0,2.11,0.0,0.0,Autumn,No Holiday,Yes
2018-10-15,1058,13,19.7,52.0,2.1,512.0,9.5,1.83,0.0,0.0,Autumn,No Holiday,Yes
2018-10-15,1121,14,20.0,48.0,2.1,586.0,8.6,1.72,0.0,0.0,Autumn,No Holiday,Yes
2018-10-15,1183,15,20.4,43.0,1.7,690.0,7.3,1.43,0.0,0.0,Autumn,No Holiday,Yes
2018-10-15,1413,16,20.3,44.0,2.2,793.0,7.6,1.09,0.0,0.0,Autumn,No Holiday,Yes
2018-10-15,1773,17,19.3,49.0,2.8,966.0,8.3,0.55,0.0,0.0,Autumn,No Holiday,Yes
2018-10-15,2635,18,18.0,66.0,2.3,554.0,11.5,0.1,0.0,0.0,Autumn,No Holiday,Yes
2018-10-15,1911,19,16.9,74.0,1.8,366.0,12.2,0.0,0.0,0.0,Autumn,No Holiday,Yes
2018-10-15,1659,20,15.9,81.0,2.8,250.0,12.6,0.0,0.0,0.0,Autumn,No Holiday,Yes
2018-10-15,1556,21,15.5,86.0,1.3,178.0,13.1,0.0,0.0,0.0,Autumn,No Holiday,Yes
2018-10-15,1377,22,14.8,83.0,1.5,227.0,11.9,0.0,0.0,0.0,Autumn,No Holiday,Yes
2018-10-15,914,23,14.1,74.0,1.5,486.0,9.5,0.0,0.0,0.0,Autumn,No Holiday,Yes
2018-10-16,726,0,13.3,64.0,1.7,860.0,6.6,0.0,0.0,0.0,Autumn,No Holiday,Yes
2018-10-16,568,1,12.4,65.0,1.1,1099.0,5.9,0.0,0.0,0.0,Autumn,No Holiday,Yes
2018-10-16,427,2,11.7,70.0,1.0,1012.0,6.4,0.0,0.0,0.0,Autumn,No Holiday,Yes
2018-10-16,253,3,11.5,61.0,1.4,1399.0,4.2,0.0,0.0,0.0,Autumn,No Holiday,Yes
2018-10-16,145,4,11.0,69.0,0.6,1510.0,5.5,0.0,0.0,0.0,Autumn,No Holiday,Yes
2018-10-16,202,5,10.2,70.0,1.5,1519.0,4.9,0.0,0.0,0.0,Autumn,No Holiday,Yes
2018-10-16,491,6,10.1,71.0,0.2,1474.0,5.0,0.0,0.0,0.0,Autumn,No Holiday,Yes
2018-10-16,1216,7,10.2,68.0,0.4,1493.0,4.5,0.0,0.0,0.0,Autumn,No Holiday,Yes
2018-10-16,2134,8,10.4,63.0,0.6,1367.0,3.6,0.19,0.0,0.0,Autumn,No Holiday,Yes
2018-10-16,1177,9,11.8,55.0,0.7,1182.0,3.0,0.55,0.0,0.0,Autumn,No Holiday,Yes
2018-10-16,854,10,14.4,45.0,0.6,1206.0,2.6,1.28,0.0,0.0,Autumn,No Holiday,Yes
2018-10-16,914,11,16.5,39.0,0.7,1351.0,2.4,1.68,0.0,0.0,Autumn,No Holiday,Yes
2018-10-16,1063,12,18.8,35.0,1.2,1057.0,2.9,2.06,0.0,0.0,Autumn,No Holiday,Yes
2018-10-16,1108,13,19.4,31.0,2.0,1862.0,1.8,2.02,0.0,0.0,Autumn,No Holiday,Yes
2018-10-16,1113,14,19.9,29.0,1.9,1833.0,1.3,2.09,0.0,0.0,Autumn,No Holiday,Yes
2018-10-16,1203,15,19.9,31.0,2.0,1613.0,2.2,1.57,0.0,0.0,Autumn,No Holiday,Yes
2018-10-16,1407,16,19.5,32.0,2.1,1436.0,2.3,1.1,0.0,0.0,Autumn,No Holiday,Yes
2018-10-16,1811,17,18.4,38.0,1.8,1565.0,3.8,0.5,0.0,0.0,Autumn,No Holiday,Yes
2018-10-16,2716,18,16.9,47.0,1.4,1637.0,5.5,0.11,0.0,0.0,Autumn,No Holiday,Yes
2018-10-16,1867,19,15.5,63.0,1.7,1774.0,8.4,0.0,0.0,0.0,Autumn,No Holiday,Yes
2018-10-16,1568,20,14.8,68.0,2.0,1502.0,8.9,0.0,0.0,0.0,Autumn,No Holiday,Yes
2018-10-16,1618,21,14.3,72.0,1.0,1374.0,9.3,0.0,0.0,0.0,Autumn,No Holiday,Yes
2018-10-16,1425,22,13.6,71.0,0.6,1457.0,8.4,0.0,0.0,0.0,Autumn,No Holiday,Yes
2018-10-16,950,23,12.9,78.0,0.6,1201.0,9.1,0.0,0.0,0.0,Autumn,No Holiday,Yes
2018-10-17,739,0,12.3,75.0,1.2,1332.0,7.9,0.0,0.0,0.0,Autumn,No Holiday,Yes
2018-10-17,600,1,11.5,74.0,1.2,1305.0,7.0,0.0,0.0,0.0,Autumn,No Holiday,Yes
2018-10-17,381,2,10.8,77.0,0.3,1268.0,6.9,0.0,0.0,0.0,Autumn,No Holiday,Yes
2018-10-17,239,3,10.2,80.0,0.3,1191.0,6.8,0.0,0.0,0.0,Autumn,No Holiday,Yes
2018-10-17,157,4,9.7,76.0,0.0,1308.0,5.6,0.0,0.0,0.0,Autumn,No Holiday,Yes
2018-10-17,210,5,9.2,77.0,0.0,1278.0,5.3,0.0,0.0,0.0,Autumn,No Holiday,Yes
2018-10-17,503,6,8.8,77.0,0.2,1077.0,4.9,0.0,0.0,0.0,Autumn,No Holiday,Yes
2018-10-17,1213,7,8.6,77.0,0.7,965.0,4.7,0.0,0.0,0.0,Autumn,No Holiday,Yes
2018-10-17,2202,8,9.2,68.0,0.2,952.0,3.5,0.28,0.0,0.0,Autumn,No Holiday,Yes
2018-10-17,1200,9,11.2,63.0,1.1,656.0,4.4,0.88,0.0,0.0,Autumn,No Holiday,Yes
2018-10-17,842,10,14.0,58.0,1.6,841.0,5.8,1.53,0.0,0.0,Autumn,No Holiday,Yes
2018-10-17,961,11,15.5,25.0,2.5,1727.0,-4.4,2.1,0.0,0.0,Autumn,No Holiday,Yes
2018-10-17,1088,12,16.2,29.0,2.5,1935.0,-1.8,2.45,0.0,0.0,Autumn,No Holiday,Yes
2018-10-17,1115,13,17.7,25.0,2.1,1917.0,-2.6,2.48,0.0,0.0,Autumn,No Holiday,Yes
2018-10-17,1083,14,18.3,24.0,1.7,1983.0,-2.6,2.4,0.0,0.0,Autumn,No Holiday,Yes
2018-10-17,1175,15,18.3,21.0,2.7,2000.0,-4.4,2.02,0.0,0.0,Autumn,No Holiday,Yes
2018-10-17,1409,16,18.0,26.0,2.1,2000.0,-1.8,1.45,0.0,0.0,Autumn,No Holiday,Yes
2018-10-17,1896,17,16.9,34.0,2.5,2000.0,0.9,0.74,0.0,0.0,Autumn,No Holiday,Yes
2018-10-17,2445,18,14.6,39.0,2.3,2000.0,0.7,0.11,0.0,0.0,Autumn,No Holiday,Yes
2018-10-17,1819,19,13.2,42.0,1.3,2000.0,0.5,0.0,0.0,0.0,Autumn,No Holiday,Yes
2018-10-17,1558,20,12.2,47.0,1.1,2000.0,1.2,0.0,0.0,0.0,Autumn,No Holiday,Yes
2018-10-17,1493,21,10.8,53.0,0.9,2000.0,1.5,0.0,0.0,0.0,Autumn,No Holiday,Yes
2018-10-17,1278,22,9.9,50.0,0.1,2000.0,0.0,0.0,0.0,0.0,Autumn,No Holiday,Yes
2018-10-17,896,23,9.7,56.0,0.7,2000.0,1.3,0.0,0.0,0.0,Autumn,No Holiday,Yes
2018-10-18,694,0,9.2,64.0,0.7,2000.0,2.7,0.0,0.0,0.0,Autumn,No Holiday,Yes
2018-10-18,579,1,9.0,66.0,0.7,2000.0,2.9,0.0,0.0,0.0,Autumn,No Holiday,Yes
2018-10-18,385,2,8.7,71.0,0.8,2000.0,3.7,0.0,0.0,0.0,Autumn,No Holiday,Yes
2018-10-18,244,3,8.6,74.0,0.6,1985.0,4.2,0.0,0.0,0.0,Autumn,No Holiday,Yes
2018-10-18,165,4,8.1,78.0,0.6,2000.0,4.4,0.0,0.0,0.0,Autumn,No Holiday,Yes
2018-10-18,185,5,7.8,81.0,1.1,2000.0,4.7,0.0,0.0,0.0,Autumn,No Holiday,Yes
2018-10-18,458,6,7.6,82.0,0.3,1933.0,4.7,0.0,0.0,0.0,Autumn,No Holiday,Yes
2018-10-18,1191,7,7.7,81.0,0.4,1992.0,4.6,0.0,0.0,0.0,Autumn,No Holiday,Yes
2018-10-18,2154,8,8.5,77.0,0.5,1995.0,4.6,0.21,0.0,0.0,Autumn,No Holiday,Yes
2018-10-18,1165,9,10.9,60.0,0.9,1997.0,3.4,0.93,0.0,0.0,Autumn,No Holiday,Yes
2018-10-18,864,10,13.7,57.0,1.2,2000.0,5.3,1.33,0.0,0.0,Autumn,No Holiday,Yes
2018-10-18,917,11,15.0,52.0,1.4,2000.0,5.2,1.5,0.0,0.0,Autumn,No Holiday,Yes
2018-10-18,1132,12,16.8,50.0,1.6,2000.0,6.3,1.94,0.0,0.0,Autumn,No Holiday,Yes
2018-10-18,1152,13,18.1,43.0,2.2,2000.0,5.3,2.3,0.0,0.0,Autumn,No Holiday,Yes
2018-10-18,1122,14,18.7,39.0,1.3,2000.0,4.4,1.66,0.0,0.0,Autumn,No Holiday,Yes
2018-10-18,1203,15,19.0,38.0,1.9,2000.0,4.3,1.72,0.0,0.0,Autumn,No Holiday,Yes
2018-10-18,1473,16,18.5,40.0,1.8,2000.0,4.6,1.28,0.0,0.0,Autumn,No Holiday,Yes
2018-10-18,1804,17,16.9,44.0,1.6,2000.0,4.5,0.44,0.0,0.0,Autumn,No Holiday,Yes
2018-10-18,2499,18,15.7,45.0,2.5,2000.0,3.7,0.06,0.0,0.0,Autumn,No Holiday,Yes
2018-10-18,1878,19,14.9,49.0,2.1,2000.0,4.2,0.0,0.0,0.0,Autumn,No Holiday,Yes
2018-10-18,1528,20,13.8,56.0,1.9,2000.0,5.1,0.0,0.0,0.0,Autumn,No Holiday,Yes
2018-10-18,1466,21,12.6,60.0,0.5,2000.0,5.0,0.0,0.0,0.0,Autumn,No Holiday,Yes
2018-10-18,1302,22,11.6,61.0,0.2,2000.0,4.3,0.0,0.0,0.0,Autumn,No Holiday,Yes
2018-10-18,944,23,10.9,64.0,0.2,2000.0,4.3,0.0,0.0,0.0,Autumn,No Holiday,Yes
2018-10-19,783,0,10.3,67.0,1.5,2000.0,4.4,0.0,0.0,0.0,Autumn,No Holiday,Yes
2018-10-19,653,1,9.8,68.0,1.7,2000.0,4.1,0.0,0.0,0.0,Autumn,No Holiday,Yes
2018-10-19,433,2,9.2,72.0,1.5,2000.0,4.4,0.0,0.0,0.0,Autumn,No Holiday,Yes
2018-10-19,262,3,8.5,74.0,1.3,2000.0,4.1,0.0,0.0,0.0,Autumn,No Holiday,Yes
2018-10-19,184,4,8.1,76.0,0.3,2000.0,4.1,0.0,0.0,0.0,Autumn,No Holiday,Yes
2018-10-19,162,5,7.7,73.0,0.0,2000.0,3.1,0.0,0.0,0.0,Autumn,No Holiday,Yes
2018-10-19,491,6,7.2,77.0,0.5,2000.0,3.4,0.0,0.0,0.0,Autumn,No Holiday,Yes
2018-10-19,1188,7,7.3,72.0,0.4,2000.0,2.5,0.0,0.0,0.0,Autumn,No Holiday,Yes
2018-10-19,2113,8,7.9,63.0,0.6,2000.0,1.2,0.3,0.0,0.0,Autumn,No Holiday,Yes
2018-10-19,1191,9,11.1,53.0,1.0,2000.0,1.8,1.05,0.0,0.0,Autumn,No Holiday,Yes
2018-10-19,850,10,13.8,44.0,1.5,1953.0,1.7,1.66,0.0,0.0,Autumn,No Holiday,Yes
2018-10-19,981,11,16.4,35.0,1.1,2000.0,0.8,2.13,0.0,0.0,Autumn,No Holiday,Yes
2018-10-19,1161,12,17.4,33.0,1.1,2000.0,0.9,2.39,0.0,0.0,Autumn,No Holiday,Yes
2018-10-19,1190,13,18.9,33.0,1.8,2000.0,2.2,2.43,0.0,0.0,Autumn,No Holiday,Yes
2018-10-19,1221,14,19.8,32.0,2.3,1978.0,2.6,2.25,0.0,0.0,Autumn,No Holiday,Yes
2018-10-19,1390,15,19.7,30.0,3.0,1971.0,1.6,1.89,0.0,0.0,Autumn,No Holiday,Yes
2018-10-19,1527,16,19.3,29.0,2.8,2000.0,0.7,1.34,0.0,0.0,Autumn,No Holiday,Yes
2018-10-19,1939,17,18.5,35.0,2.2,2000.0,2.7,0.68,0.0,0.0,Autumn,No Holiday,Yes
2018-10-19,2631,18,16.6,40.0,2.4,2000.0,2.9,0.11,0.0,0.0,Autumn,No Holiday,Yes
2018-10-19,1769,19,15.3,53.0,2.4,2000.0,5.7,0.0,0.0,0.0,Autumn,No Holiday,Yes
2018-10-19,1512,20,14.2,56.0,1.8,2000.0,5.5,0.0,0.0,0.0,Autumn,No Holiday,Yes
2018-10-19,1457,21,13.3,56.0,1.1,2000.0,4.6,0.0,0.0,0.0,Autumn,No Holiday,Yes
2018-10-19,1331,22,12.3,65.0,1.7,2000.0,5.8,0.0,0.0,0.0,Autumn,No Holiday,Yes
2018-10-19,1018,23,11.7,70.0,1.7,2000.0,6.4,0.0,0.0,0.0,Autumn,No Holiday,Yes
2018-10-20,891,0,11.3,71.0,1.2,1997.0,6.2,0.0,0.0,0.0,Autumn,No Holiday,Yes
2018-10-20,774,1,10.9,72.0,0.0,1966.0,6.0,0.0,0.0,0.0,Autumn,No Holiday,Yes
2018-10-20,522,2,10.1,78.0,0.1,1887.0,6.4,0.0,0.0,0.0,Autumn,No Holiday,Yes
2018-10-20,386,3,9.5,77.0,0.4,1611.0,5.6,0.0,0.0,0.0,Autumn,No Holiday,Yes
2018-10-20,246,4,8.9,75.0,0.4,1877.0,4.7,0.0,0.0,0.0,Autumn,No Holiday,Yes
2018-10-20,154,5,8.1,76.0,0.6,1309.0,4.1,0.0,0.0,0.0,Autumn,No Holiday,Yes
2018-10-20,219,6,7.5,79.0,0.6,1025.0,4.0,0.0,0.0,0.0,Autumn,No Holiday,Yes
2018-10-20,427,7,7.0,82.0,0.5,867.0,4.1,0.0,0.0,0.0,Autumn,No Holiday,Yes
2018-10-20,784,8,7.8,70.0,1.4,1034.0,2.6,0.29,0.0,0.0,Autumn,No Holiday,Yes
2018-10-20,921,9,10.4,60.0,1.3,1326.0,2.9,0.99,0.0,0.0,Autumn,No Holiday,Yes
2018-10-20,997,10,13.0,49.0,0.5,1685.0,2.5,1.61,0.0,0.0,Autumn,No Holiday,Yes
2018-10-20,1175,11,16.2,39.0,1.6,1580.0,2.2,2.05,0.0,0.0,Autumn,No Holiday,Yes
2018-10-20,1407,12,17.7,33.0,2.2,1556.0,1.2,2.37,0.0,0.0,Autumn,No Holiday,Yes
2018-10-20,1585,13,19.4,26.0,1.1,1942.0,-0.6,2.45,0.0,0.0,Autumn,No Holiday,Yes
2018-10-20,1649,14,20.0,22.0,1.6,1950.0,-2.3,2.29,0.0,0.0,Autumn,No Holiday,Yes
2018-10-20,1760,15,21.3,24.0,1.5,1832.0,-0.1,1.91,0.0,0.0,Autumn,No Holiday,Yes
2018-10-20,1813,16,20.9,20.0,2.0,1976.0,-2.9,1.35,0.0,0.0,Autumn,No Holiday,Yes
2018-10-20,1949,17,19.2,23.0,1.5,2000.0,-2.4,0.62,0.0,0.0,Autumn,No Holiday,Yes
2018-10-20,1707,18,16.6,41.0,2.4,1811.0,3.2,0.04,0.0,0.0,Autumn,No Holiday,Yes
2018-10-20,1407,19,14.6,48.0,1.9,1998.0,3.6,0.0,0.0,0.0,Autumn,No Holiday,Yes
2018-10-20,1270,20,13.7,51.0,1.0,1954.0,3.7,0.0,0.0,0.0,Autumn,No Holiday,Yes
2018-10-20,1249,21,13.3,55.0,2.0,1554.0,4.4,0.0,0.0,0.0,Autumn,No Holiday,Yes
2018-10-20,1141,22,12.7,58.0,0.0,1480.0,4.6,0.0,0.0,0.0,Autumn,No Holiday,Yes
2018-10-20,922,23,11.7,58.0,0.0,1567.0,3.6,0.0,0.0,0.0,Autumn,No Holiday,Yes
2018-10-21,848,0,11.2,62.0,0.0,1613.0,4.1,0.0,0.0,0.0,Autumn,No Holiday,Yes
2018-10-21,622,1,10.6,60.0,0.5,1642.0,3.1,0.0,0.0,0.0,Autumn,No Holiday,Yes
2018-10-21,428,2,9.8,63.0,0.6,1591.0,3.0,0.0,0.0,0.0,Autumn,No Holiday,Yes
2018-10-21,342,3,9.2,68.0,0.4,1538.0,3.5,0.0,0.0,0.0,Autumn,No Holiday,Yes
2018-10-21,206,4,8.8,71.0,0.9,1516.0,3.8,0.0,0.0,0.0,Autumn,No Holiday,Yes
2018-10-21,146,5,8.2,73.0,1.3,1305.0,3.6,0.0,0.0,0.0,Autumn,No Holiday,Yes
2018-10-21,172,6,7.6,75.0,0.6,1181.0,3.4,0.0,0.0,0.0,Autumn,No Holiday,Yes
2018-10-21,315,7,7.2,76.0,0.5,1113.0,3.2,0.0,0.0,0.0,Autumn,No Holiday,Yes
2018-10-21,534,8,7.9,67.0,1.1,1210.0,2.1,0.28,0.0,0.0,Autumn,No Holiday,Yes
2018-10-21,679,9,10.5,56.0,1.2,1741.0,2.0,0.98,0.0,0.0,Autumn,No Holiday,Yes
2018-10-21,936,10,13.4,46.0,0.8,1718.0,1.9,1.61,0.0,0.0,Autumn,No Holiday,Yes
2018-10-21,1055,11,16.8,38.0,1.5,1326.0,2.3,2.07,0.0,0.0,Autumn,No Holiday,Yes
2018-10-21,1417,12,18.4,28.0,1.9,1690.0,-0.4,2.33,0.0,0.0,Autumn,No Holiday,Yes
2018-10-21,1519,13,19.3,24.0,1.5,1745.0,-1.8,2.4,0.0,0.0,Autumn,No Holiday,Yes
2018-10-21,1642,14,20.1,23.0,2.3,1896.0,-1.7,2.23,0.0,0.0,Autumn,No Holiday,Yes
2018-10-21,1891,15,20.9,23.0,1.5,1892.0,-1.0,1.87,0.0,0.0,Autumn,No Holiday,Yes
2018-10-21,1976,16,20.2,24.0,2.5,1881.0,-1.0,1.31,0.0,0.0,Autumn,No Holiday,Yes
2018-10-21,1883,17,18.8,24.0,2.1,2000.0,-2.2,0.63,0.0,0.0,Autumn,No Holiday,Yes
2018-10-21,1618,18,16.2,41.0,1.4,1907.0,2.9,0.06,0.0,0.0,Autumn,No Holiday,Yes
2018-10-21,1464,19,14.9,46.0,1.4,1455.0,3.3,0.0,0.0,0.0,Autumn,No Holiday,Yes
2018-10-21,1306,20,13.8,52.0,1.6,1341.0,4.0,0.0,0.0,0.0,Autumn,No Holiday,Yes
2018-10-21,1158,21,13.0,49.0,1.0,1702.0,2.5,0.0,0.0,0.0,Autumn,No Holiday,Yes
2018-10-21,1025,22,12.2,57.0,0.0,1544.0,3.9,0.0,0.0,0.0,Autumn,No Holiday,Yes
2018-10-21,724,23,11.8,56.0,0.0,1655.0,3.2,0.0,0.0,0.0,Autumn,No Holiday,Yes
2018-10-22,623,0,11.4,56.0,0.2,1778.0,2.9,0.0,0.0,0.0,Autumn,No Holiday,Yes
2018-10-22,372,1,10.7,57.0,0.9,1828.0,2.5,0.0,0.0,0.0,Autumn,No Holiday,Yes
2018-10-22,253,2,10.5,57.0,0.2,1837.0,2.3,0.0,0.0,0.0,Autumn,No Holiday,Yes
2018-10-22,175,3,10.2,60.0,1.0,1796.0,2.7,0.0,0.0,0.0,Autumn,No Holiday,Yes
2018-10-22,110,4,10.0,62.0,0.6,1759.0,3.0,0.0,0.0,0.0,Autumn,No Holiday,Yes
2018-10-22,202,5,9.4,65.0,0.8,1659.0,3.1,0.0,0.0,0.0,Autumn,No Holiday,Yes
2018-10-22,513,6,9.2,65.0,0.8,1689.0,2.9,0.0,0.0,0.0,Autumn,No Holiday,Yes
2018-10-22,1244,7,8.9,67.0,0.8,1557.0,3.0,0.0,0.0,0.0,Autumn,No Holiday,Yes
2018-10-22,2111,8,9.7,58.0,0.6,1559.0,1.8,0.22,0.0,0.0,Autumn,No Holiday,Yes
2018-10-22,1104,9,11.9,50.0,1.1,1529.0,1.7,0.75,0.0,0.0,Autumn,No Holiday,Yes
2018-10-22,817,10,14.6,43.0,0.7,1339.0,2.1,1.35,0.0,0.0,Autumn,No Holiday,Yes
2018-10-22,941,11,16.7,37.0,0.7,1074.0,1.9,1.74,0.0,0.0,Autumn,No Holiday,Yes
2018-10-22,1034,12,18.2,34.0,1.0,758.0,2.0,2.03,0.0,0.0,Autumn,No Holiday,Yes
2018-10-22,1064,13,19.4,35.0,1.2,678.0,3.5,1.73,0.0,0.0,Autumn,No Holiday,Yes
2018-10-22,1122,14,20.6,30.0,2.2,839.0,2.3,1.69,0.0,0.0,Autumn,No Holiday,Yes
2018-10-22,1167,15,20.2,31.0,1.6,855.0,2.5,1.25,0.0,0.0,Autumn,No Holiday,Yes
2018-10-22,1464,16,19.7,34.0,1.6,688.0,3.3,0.88,0.0,0.0,Autumn,No Holiday,Yes
2018-10-22,1904,17,18.9,35.0,1.7,720.0,3.0,0.41,0.0,0.0,Autumn,No Holiday,Yes
2018-10-22,2613,18,17.3,43.0,0.9,783.0,4.5,0.08,0.0,0.0,Autumn,No Holiday,Yes
2018-10-22,1860,19,15.6,44.0,1.5,828.0,3.3,0.0,0.0,0.0,Autumn,No Holiday,Yes
2018-10-22,1593,20,14.5,51.0,1.4,751.0,4.4,0.0,0.0,0.0,Autumn,No Holiday,Yes
2018-10-22,1513,21,13.4,56.0,0.7,758.0,4.7,0.0,0.0,0.0,Autumn,No Holiday,Yes
2018-10-22,1360,22,12.7,60.0,0.0,680.0,5.1,0.0,0.0,0.0,Autumn,No Holiday,Yes
2018-10-22,916,23,12.0,59.0,0.4,685.0,4.2,0.0,0.0,0.0,Autumn,No Holiday,Yes
2018-10-23,726,0,11.6,61.0,0.7,673.0,4.3,0.0,0.0,0.0,Autumn,No Holiday,Yes
2018-10-23,547,1,11.1,62.0,0.2,666.0,4.0,0.0,0.0,0.0,Autumn,No Holiday,Yes
2018-10-23,356,2,10.6,68.0,0.9,603.0,4.9,0.0,0.0,0.0,Autumn,No Holiday,Yes
2018-10-23,243,3,10.1,70.0,1.1,606.0,4.8,0.0,0.0,0.0,Autumn,No Holiday,Yes
2018-10-23,170,4,10.0,73.0,0.9,622.0,5.3,0.0,0.0,0.0,Autumn,No Holiday,Yes
2018-10-23,193,5,10.0,73.0,0.5,593.0,5.3,0.0,0.0,0.0,Autumn,No Holiday,Yes
2018-10-23,456,6,9.9,75.0,1.0,560.0,5.6,0.0,0.0,0.0,Autumn,No Holiday,Yes
2018-10-23,839,7,10.4,71.0,0.6,557.0,5.3,0.0,0.0,0.0,Autumn,No Holiday,Yes
2018-10-23,1423,8,11.0,78.0,0.8,412.0,7.3,0.03,0.0,0.0,Autumn,No Holiday,Yes
2018-10-23,1026,9,11.7,77.0,0.8,394.0,7.7,0.25,0.0,0.0,Autumn,No Holiday,Yes
2018-10-23,735,10,13.8,65.0,1.1,475.0,7.3,1.06,0.0,0.0,Autumn,No Holiday,Yes
2018-10-23,81,11,13.0,70.0,5.0,989.0,7.6,0.5,0.0,0.0,Autumn,No Holiday,Yes
2018-10-23,363,12,11.5,90.0,1.2,973.0,9.9,0.06,5.0,0.0,Autumn,No Holiday,Yes
2018-10-23,652,13,13.5,82.0,0.8,962.0,10.4,1.33,0.0,0.0,Autumn,No Holiday,Yes
2018-10-23,837,14,15.1,71.0,0.9,973.0,9.8,1.62,0.0,0.0,Autumn,No Holiday,Yes
2018-10-23,1010,15,16.6,68.0,1.5,955.0,10.6,1.55,0.0,0.0,Autumn,No Holiday,Yes
2018-10-23,1294,16,16.1,70.0,1.3,898.0,10.6,0.83,0.0,0.0,Autumn,No Holiday,Yes
2018-10-23,1604,17,15.7,63.0,3.2,1118.0,8.6,0.39,0.0,0.0,Autumn,No Holiday,Yes
2018-10-23,2415,18,14.5,71.0,2.1,1235.0,9.2,0.06,0.0,0.0,Autumn,No Holiday,Yes
2018-10-23,1685,19,14.0,70.0,1.6,1265.0,8.6,0.0,0.0,0.0,Autumn,No Holiday,Yes
2018-10-23,1433,20,13.6,70.0,1.4,1392.0,8.2,0.0,0.0,0.0,Autumn,No Holiday,Yes
2018-10-23,1380,21,12.6,70.0,1.2,1425.0,7.2,0.0,0.0,0.0,Autumn,No Holiday,Yes
2018-10-23,1257,22,12.3,73.0,0.9,1392.0,7.5,0.0,0.0,0.0,Autumn,No Holiday,Yes
2018-10-23,876,23,11.2,78.0,0.5,802.0,7.4,0.0,0.0,0.0,Autumn,No Holiday,Yes
2018-10-24,708,0,10.8,80.0,1.0,1151.0,7.4,0.0,0.0,0.0,Autumn,No Holiday,Yes
2018-10-24,573,1,10.2,84.0,1.2,1036.0,7.6,0.0,0.0,0.0,Autumn,No Holiday,Yes
2018-10-24,371,2,9.5,87.0,1.0,919.0,7.4,0.0,0.0,0.0,Autumn,No Holiday,Yes
2018-10-24,249,3,9.4,85.0,1.6,983.0,6.9,0.0,0.0,0.0,Autumn,No Holiday,Yes
2018-10-24,162,4,9.0,87.0,0.6,972.0,6.9,0.0,0.0,0.0,Autumn,No Holiday,Yes
2018-10-24,164,5,8.5,87.0,1.2,1046.0,6.4,0.0,0.0,0.0,Autumn,No Holiday,Yes
2018-10-24,453,6,8.1,88.0,0.9,831.0,6.2,0.0,0.0,0.0,Autumn,No Holiday,Yes
2018-10-24,1165,7,7.8,90.0,0.6,763.0,6.2,0.0,0.0,0.0,Autumn,No Holiday,Yes
2018-10-24,2108,8,8.1,85.0,1.2,772.0,5.7,0.26,0.0,0.0,Autumn,No Holiday,Yes
2018-10-24,1151,9,10.1,72.0,1.1,728.0,5.2,0.9,0.0,0.0,Autumn,No Holiday,Yes
2018-10-24,811,10,13.0,63.0,0.9,854.0,6.1,1.5,0.0,0.0,Autumn,No Holiday,Yes
2018-10-24,940,11,15.7,53.0,1.0,1172.0,6.1,1.99,0.0,0.0,Autumn,No Holiday,Yes
2018-10-24,1126,12,16.8,48.0,1.6,1673.0,5.7,2.1,0.0,0.0,Autumn,No Holiday,Yes
2018-10-24,1106,13,17.2,43.0,2.3,1835.0,4.4,1.68,0.0,0.0,Autumn,No Holiday,Yes
2018-10-24,1150,14,17.6,39.0,2.5,1964.0,3.4,1.63,0.0,0.0,Autumn,No Holiday,Yes
2018-10-24,1161,15,18.0,40.0,3.0,1808.0,4.1,1.71,0.0,0.0,Autumn,No Holiday,Yes
2018-10-24,1492,16,18.2,42.0,1.3,1976.0,5.0,1.22,0.0,0.0,Autumn,No Holiday,Yes
2018-10-24,1904,17,17.0,47.0,2.2,1989.0,5.5,0.59,0.0,0.0,Autumn,No Holiday,Yes
2018-10-24,2612,18,15.1,53.0,1.7,2000.0,5.5,0.06,0.0,0.0,Autumn,No Holiday,Yes
2018-10-24,1827,19,13.9,61.0,1.9,2000.0,6.4,0.0,0.0,0.0,Autumn,No Holiday,Yes
2018-10-24,1556,20,13.1,63.0,0.4,2000.0,6.2,0.0,0.0,0.0,Autumn,No Holiday,Yes
2018-10-24,1464,21,12.1,67.0,1.0,1977.0,6.1,0.0,0.0,0.0,Autumn,No Holiday,Yes
2018-10-24,1281,22,11.6,71.0,0.2,1858.0,6.5,0.0,0.0,0.0,Autumn,No Holiday,Yes
2018-10-24,884,23,11.0,74.0,0.1,1817.0,6.5,0.0,0.0,0.0,Autumn,No Holiday,Yes
2018-10-25,729,0,10.5,75.0,0.3,1800.0,6.2,0.0,0.0,0.0,Autumn,No Holiday,Yes
2018-10-25,572,1,10.0,78.0,0.4,1669.0,6.3,0.0,0.0,0.0,Autumn,No Holiday,Yes
2018-10-25,421,2,9.1,79.0,0.5,1625.0,5.6,0.0,0.0,0.0,Autumn,No Holiday,Yes
2018-10-25,266,3,9.1,79.0,0.2,1689.0,5.6,0.0,0.0,0.0,Autumn,No Holiday,Yes
2018-10-25,161,4,8.5,83.0,1.2,1577.0,5.7,0.0,0.0,0.0,Autumn,No Holiday,Yes
2018-10-25,193,5,7.8,85.0,0.9,1542.0,5.4,0.0,0.0,0.0,Autumn,No Holiday,Yes
2018-10-25,450,6,7.5,86.0,1.3,1301.0,5.3,0.0,0.0,0.0,Autumn,No Holiday,Yes
2018-10-25,1251,7,7.3,85.0,1.4,1039.0,4.9,0.0,0.0,0.0,Autumn,No Holiday,Yes
2018-10-25,2070,8,7.9,76.0,1.2,1290.0,3.9,0.25,0.0,0.0,Autumn,No Holiday,Yes
2018-10-25,1168,9,10.3,64.0,1.0,1544.0,3.7,0.91,0.0,0.0,Autumn,No Holiday,Yes
2018-10-25,779,10,13.4,53.0,1.1,1768.0,4.0,1.53,0.0,0.0,Autumn,No Holiday,Yes
2018-10-25,956,11,16.4,43.0,0.7,1713.0,3.7,1.96,0.0,0.0,Autumn,No Holiday,Yes
2018-10-25,1188,12,18.2,37.0,1.4,1861.0,3.2,2.25,0.0,0.0,Autumn,No Holiday,Yes
2018-10-25,1154,13,19.4,32.0,1.1,1787.0,2.2,2.31,0.0,0.0,Autumn,No Holiday,Yes
2018-10-25,1192,14,20.6,31.0,1.4,1562.0,2.8,1.7,0.0,0.0,Autumn,No Holiday,Yes
2018-10-25,1275,15,20.6,32.0,1.4,1651.0,3.3,1.4,0.0,0.0,Autumn,No Holiday,Yes
2018-10-25,1528,16,20.4,32.0,0.9,1720.0,3.1,0.84,0.0,0.0,Autumn,No Holiday,Yes
2018-10-25,1961,17,19.2,36.0,0.7,1643.0,3.7,0.38,0.0,0.0,Autumn,No Holiday,Yes
2018-10-25,2632,18,17.3,39.0,1.3,1641.0,3.1,0.03,0.0,0.0,Autumn,No Holiday,Yes
2018-10-25,1968,19,16.4,47.0,1.0,1694.0,5.0,0.0,0.0,0.0,Autumn,No Holiday,Yes
2018-10-25,1596,20,15.3,50.0,0.5,1647.0,4.9,0.0,0.0,0.0,Autumn,No Holiday,Yes
2018-10-25,1513,21,14.5,50.0,0.7,1741.0,4.1,0.0,0.0,0.0,Autumn,No Holiday,Yes
2018-10-25,1316,22,13.6,56.0,1.0,1611.0,4.9,0.0,0.0,0.0,Autumn,No Holiday,Yes
2018-10-25,919,23,12.5,59.0,0.8,1602.0,4.6,0.0,0.0,0.0,Autumn,No Holiday,Yes
2018-10-26,753,0,12.5,57.0,0.9,1877.0,4.1,0.0,0.0,0.0,Autumn,No Holiday,Yes
2018-10-26,629,1,12.7,56.0,1.2,1952.0,4.1,0.0,0.0,0.0,Autumn,No Holiday,Yes
2018-10-26,434,2,12.8,59.0,0.9,1804.0,4.9,0.0,0.0,0.0,Autumn,No Holiday,Yes
2018-10-26,327,3,12.8,57.0,0.5,1715.0,4.4,0.0,0.0,0.0,Autumn,No Holiday,Yes
2018-10-26,185,4,12.6,60.0,0.6,1648.0,5.0,0.0,0.0,0.0,Autumn,No Holiday,Yes
2018-10-26,178,5,12.4,60.0,0.8,1563.0,4.8,0.0,0.0,0.0,Autumn,No Holiday,Yes
2018-10-26,376,6,12.6,64.0,1.3,1348.0,5.9,0.0,0.0,0.0,Autumn,No Holiday,Yes
2018-10-26,556,7,12.6,63.0,0.8,1265.0,5.7,0.0,0.0,0.0,Autumn,No Holiday,Yes
2018-10-26,556,8,12.1,81.0,0.8,706.0,8.9,0.0,0.5,0.0,Autumn,No Holiday,Yes
2018-10-26,144,9,12.0,86.0,0.8,405.0,9.7,0.07,0.5,0.0,Autumn,No Holiday,Yes
2018-10-26,191,10,12.9,84.0,1.0,534.0,10.2,0.27,0.0,0.0,Autumn,No Holiday,Yes
2018-10-26,54,11,12.4,87.0,1.0,317.0,10.2,0.24,1.0,0.0,Autumn,No Holiday,Yes
2018-10-26,29,12,12.4,90.0,1.1,297.0,10.7,0.19,1.0,0.0,Autumn,No Holiday,Yes
2018-10-26,18,13,12.6,87.0,2.3,539.0,10.4,0.13,1.5,0.0,Autumn,No Holiday,Yes
2018-10-26,147,14,12.7,95.0,1.9,255.0,11.9,0.09,5.5,0.0,Autumn,No Holiday,Yes
2018-10-26,576,15,14.0,87.0,1.2,1482.0,11.8,0.68,1.0,0.0,Autumn,No Holiday,Yes
2018-10-26,900,16,14.5,81.0,1.8,1588.0,11.2,0.78,0.0,0.0,Autumn,No Holiday,Yes
2018-10-26,1386,17,14.3,77.0,2.9,1966.0,10.3,0.5,0.0,0.0,Autumn,No Holiday,Yes
2018-10-26,1882,18,13.1,74.0,1.6,1989.0,8.5,0.05,0.0,0.0,Autumn,No Holiday,Yes
2018-10-26,1228,19,12.9,66.0,2.5,1997.0,6.6,0.0,0.0,0.0,Autumn,No Holiday,Yes
2018-10-26,1003,20,12.2,67.0,5.4,1956.0,6.2,0.0,0.0,0.0,Autumn,No Holiday,Yes
2018-10-26,542,21,10.6,70.0,2.4,2000.0,5.3,0.0,0.0,0.0,Autumn,No Holiday,Yes
2018-10-26,680,22,10.5,72.0,2.4,2000.0,5.6,0.0,0.0,0.0,Autumn,No Holiday,Yes
2018-10-26,603,23,10.2,64.0,3.9,2000.0,3.6,0.0,0.0,0.0,Autumn,No Holiday,Yes
2018-10-27,640,0,9.9,65.0,3.2,2000.0,3.6,0.0,0.0,0.0,Autumn,No Holiday,Yes
2018-10-27,585,1,9.9,62.0,3.5,2000.0,2.9,0.0,0.0,0.0,Autumn,No Holiday,Yes
2018-10-27,478,2,9.5,58.0,3.0,2000.0,1.6,0.0,0.0,0.0,Autumn,No Holiday,Yes
2018-10-27,346,3,9.1,60.0,2.8,2000.0,1.7,0.0,0.0,0.0,Autumn,No Holiday,Yes
2018-10-27,233,4,8.8,61.0,2.8,2000.0,1.6,0.0,0.0,0.0,Autumn,No Holiday,Yes
2018-10-27,146,5,8.0,65.0,1.6,2000.0,1.8,0.0,0.0,0.0,Autumn,No Holiday,Yes
2018-10-27,197,6,7.4,66.0,2.3,2000.0,1.4,0.0,0.0,0.0,Autumn,No Holiday,Yes
2018-10-27,388,7,7.3,65.0,3.2,2000.0,1.1,0.0,0.0,0.0,Autumn,No Holiday,Yes
2018-10-27,713,8,7.7,62.0,2.4,1985.0,0.8,0.23,0.0,0.0,Autumn,No Holiday,Yes
2018-10-27,785,9,8.3,55.0,4.0,1853.0,-0.2,0.89,0.0,0.0,Autumn,No Holiday,Yes
2018-10-27,898,10,9.5,46.0,3.7,1871.0,-1.5,1.49,0.0,0.0,Autumn,No Holiday,Yes
2018-10-27,996,11,10.4,42.0,4.1,1988.0,-1.9,2.01,0.0,0.0,Autumn,No Holiday,Yes
2018-10-27,1076,12,10.4,41.0,4.9,1966.0,-2.3,1.33,0.0,0.0,Autumn,No Holiday,Yes
2018-10-27,1118,13,10.6,38.0,4.6,2000.0,-3.1,1.63,0.0,0.0,Autumn,No Holiday,Yes
2018-10-27,1183,14,10.8,37.0,4.4,2000.0,-3.3,1.29,0.0,0.0,Autumn,No Holiday,Yes
2018-10-27,1254,15,11.4,32.0,3.8,2000.0,-4.7,1.21,0.0,0.0,Autumn,No Holiday,Yes
2018-10-27,1308,16,10.6,35.0,3.3,2000.0,-4.2,1.02,0.0,0.0,Autumn,No Holiday,Yes
2018-10-27,1176,17,9.5,34.0,5.7,2000.0,-5.6,0.45,0.0,0.0,Autumn,No Holiday,Yes
2018-10-27,1054,18,8.9,39.0,3.5,2000.0,-4.3,0.05,0.0,0.0,Autumn,No Holiday,Yes
2018-10-27,864,19,8.0,42.0,2.9,2000.0,-4.1,0.0,0.0,0.0,Autumn,No Holiday,Yes
2018-10-27,775,20,7.6,44.0,4.2,2000.0,-3.8,0.0,0.0,0.0,Autumn,No Holiday,Yes
2018-10-27,775,21,7.3,49.0,3.4,2000.0,-2.7,0.0,0.0,0.0,Autumn,No Holiday,Yes
2018-10-27,752,22,6.6,51.0,1.8,2000.0,-2.8,0.0,0.0,0.0,Autumn,No Holiday,Yes
2018-10-27,658,23,6.3,52.0,1.8,2000.0,-2.8,0.0,0.0,0.0,Autumn,No Holiday,Yes
2018-10-28,699,0,6.7,55.0,1.5,2000.0,-1.7,0.0,0.0,0.0,Autumn,No Holiday,Yes
2018-10-28,531,1,6.9,55.0,1.8,2000.0,-1.5,0.0,0.0,0.0,Autumn,No Holiday,Yes
2018-10-28,450,2,6.6,59.0,0.4,2000.0,-0.8,0.0,0.0,0.0,Autumn,No Holiday,Yes
2018-10-28,299,3,6.2,59.0,0.6,2000.0,-1.2,0.0,0.0,0.0,Autumn,No Holiday,Yes
2018-10-28,148,4,6.8,65.0,1.1,2000.0,0.6,0.0,0.0,0.0,Autumn,No Holiday,Yes
2018-10-28,27,5,7.2,68.0,2.5,1740.0,1.6,0.0,0.0,0.0,Autumn,No Holiday,Yes
2018-10-28,55,6,6.9,86.0,1.7,1988.0,4.7,0.0,1.5,0.0,Autumn,No Holiday,Yes
2018-10-28,134,7,6.9,88.0,0.9,1991.0,5.0,0.0,0.0,0.0,Autumn,No Holiday,Yes
2018-10-28,74,8,6.8,89.0,1.4,1856.0,5.1,0.05,0.0,0.0,Autumn,No Holiday,Yes
2018-10-28,195,9,7.3,90.0,1.1,1889.0,5.7,0.12,2.5,0.0,Autumn,No Holiday,Yes
2018-10-28,330,10,8.2,89.0,0.4,1365.0,6.4,0.39,0.0,0.0,Autumn,No Holiday,Yes
2018-10-28,544,11,9.4,86.0,1.2,1220.0,7.1,0.75,0.0,0.0,Autumn,No Holiday,Yes
2018-10-28,630,12,11.9,74.0,1.6,1801.0,7.4,1.84,0.0,0.0,Autumn,No Holiday,Yes
2018-10-28,916,13,12.1,75.0,1.2,1775.0,7.7,0.99,0.0,0.0,Autumn,No Holiday,Yes
2018-10-28,962,14,12.4,72.0,1.9,1860.0,7.4,1.06,0.0,0.0,Autumn,No Holiday,Yes
2018-10-28,948,15,12.2,67.0,3.3,2000.0,6.2,0.86,0.0,0.0,Autumn,No Holiday,Yes
2018-10-28,385,16,12.2,65.0,1.9,2000.0,5.8,0.52,0.0,0.0,Autumn,No Holiday,Yes
2018-10-28,535,17,9.4,85.0,1.2,2000.0,6.9,0.07,1.5,0.0,Autumn,No Holiday,Yes
2018-10-28,651,18,8.9,85.0,1.8,2000.0,6.5,0.01,0.0,0.0,Autumn,No Holiday,Yes
2018-10-28,645,19,8.4,85.0,1.2,2000.0,6.0,0.0,0.0,0.0,Autumn,No Holiday,Yes
2018-10-28,624,20,8.2,82.0,2.8,2000.0,5.3,0.0,0.0,0.0,Autumn,No Holiday,Yes
2018-10-28,670,21,7.6,75.0,1.1,2000.0,3.4,0.0,0.0,0.0,Autumn,No Holiday,Yes
2018-10-28,625,22,6.7,76.0,0.6,2000.0,2.7,0.0,0.0,0.0,Autumn,No Holiday,Yes
2018-10-28,512,23,6.0,74.0,1.1,2000.0,1.7,0.0,0.0,0.0,Autumn,No Holiday,Yes
2018-10-29,434,0,5.3,81.0,1.7,1993.0,2.2,0.0,0.0,0.0,Autumn,No Holiday,Yes
2018-10-29,326,1,5.1,83.0,1.1,1989.0,2.4,0.0,0.0,0.0,Autumn,No Holiday,Yes
2018-10-29,184,2,4.7,81.0,1.0,1918.0,1.7,0.0,0.0,0.0,Autumn,No Holiday,Yes
2018-10-29,123,3,5.0,67.0,0.8,2000.0,-0.6,0.0,0.0,0.0,Autumn,No Holiday,Yes
2018-10-29,117,4,5.6,66.0,0.7,2000.0,-0.2,0.0,0.0,0.0,Autumn,No Holiday,Yes
2018-10-29,161,5,5.1,76.0,0.7,2000.0,1.2,0.0,0.0,0.0,Autumn,No Holiday,Yes
2018-10-29,436,6,4.7,76.0,0.6,2000.0,0.8,0.0,0.0,0.0,Autumn,No Holiday,Yes
2018-10-29,1070,7,4.6,76.0,0.7,2000.0,0.7,0.0,0.0,0.0,Autumn,No Holiday,Yes
2018-10-29,1888,8,5.1,67.0,0.3,1981.0,-0.5,0.24,0.0,0.0,Autumn,No Holiday,Yes
2018-10-29,1021,9,7.5,53.0,1.6,1981.0,-1.4,1.01,0.0,0.0,Autumn,No Holiday,Yes
2018-10-29,771,10,9.6,43.0,1.8,1930.0,-2.3,1.49,0.0,0.0,Autumn,No Holiday,Yes
2018-10-29,796,11,11.0,46.0,2.6,1946.0,-0.1,1.97,0.0,0.0,Autumn,No Holiday,Yes
2018-10-29,737,12,10.8,49.0,2.7,2000.0,0.4,1.45,0.0,0.0,Autumn,No Holiday,Yes
2018-10-29,815,13,10.4,49.0,2.7,2000.0,0.1,0.54,0.0,0.0,Autumn,No Holiday,Yes
2018-10-29,838,14,11.3,39.0,3.7,2000.0,-2.1,1.18,0.0,0.0,Autumn,No Holiday,Yes
2018-10-29,884,15,11.0,46.0,3.4,2000.0,-0.1,0.57,0.0,0.0,Autumn,No Holiday,Yes
2018-10-29,1069,16,11.3,41.0,3.6,2000.0,-1.4,0.94,0.0,0.0,Autumn,No Holiday,Yes
2018-10-29,1274,17,10.0,43.0,4.9,2000.0,-2.0,0.43,0.0,0.0,Autumn,No Holiday,Yes
2018-10-29,1987,18,9.4,51.0,3.4,2000.0,-0.2,0.02,0.0,0.0,Autumn,No Holiday,Yes
2018-10-29,1377,19,8.1,53.0,3.7,2000.0,-0.9,0.0,0.0,0.0,Autumn,No Holiday,Yes
2018-10-29,1026,20,6.8,59.0,3.2,2000.0,-0.6,0.0,0.0,0.0,Autumn,No Holiday,Yes
2018-10-29,979,21,5.7,61.0,2.3,2000.0,-1.2,0.0,0.0,0.0,Autumn,No Holiday,Yes
2018-10-29,906,22,5.1,58.0,2.2,2000.0,-2.4,0.0,0.0,0.0,Autumn,No Holiday,Yes
2018-10-29,658,23,4.3,58.0,1.4,2000.0,-3.2,0.0,0.0,0.0,Autumn,No Holiday,Yes
2018-10-30,488,0,3.4,55.0,1.5,2000.0,-4.8,0.0,0.0,0.0,Autumn,No Holiday,Yes
2018-10-30,440,1,3.0,55.0,1.0,2000.0,-5.1,0.0,0.0,0.0,Autumn,No Holiday,Yes
2018-10-30,283,2,2.1,56.0,0.5,2000.0,-5.7,0.0,0.0,0.0,Autumn,No Holiday,Yes
2018-10-30,182,3,1.7,59.0,0.5,2000.0,-5.4,0.0,0.0,0.0,Autumn,No Holiday,Yes
2018-10-30,150,4,1.6,63.0,0.3,2000.0,-4.6,0.0,0.0,0.0,Autumn,No Holiday,Yes
2018-10-30,162,5,1.1,68.0,0.6,2000.0,-4.1,0.0,0.0,0.0,Autumn,No Holiday,Yes
2018-10-30,394,6,0.8,69.0,1.4,2000.0,-4.2,0.0,0.0,0.0,Autumn,No Holiday,Yes
2018-10-30,1005,7,1.3,65.0,1.2,2000.0,-4.5,0.0,0.0,0.0,Autumn,No Holiday,Yes
2018-10-30,1883,8,1.4,58.0,0.9,1883.0,-5.9,0.15,0.0,0.0,Autumn,No Holiday,Yes
2018-10-30,982,9,3.7,49.0,1.9,1961.0,-6.0,0.89,0.0,0.0,Autumn,No Holiday,Yes
2018-10-30,684,10,6.1,38.0,2.5,1914.0,-7.1,1.51,0.0,0.0,Autumn,No Holiday,Yes
2018-10-30,782,11,7.5,36.0,1.4,1993.0,-6.6,1.98,0.0,0.0,Autumn,No Holiday,Yes
2018-10-30,881,12,8.5,34.0,1.5,1892.0,-6.4,2.21,0.0,0.0,Autumn,No Holiday,Yes
2018-10-30,847,13,9.8,33.0,1.8,1937.0,-5.7,2.3,0.0,0.0,Autumn,No Holiday,Yes
2018-10-30,903,14,10.7,33.0,1.7,2000.0,-4.9,2.12,0.0,0.0,Autumn,No Holiday,Yes
2018-10-30,965,15,10.9,33.0,2.6,1963.0,-4.7,1.73,0.0,0.0,Autumn,No Holiday,Yes
2018-10-30,1110,16,11.0,34.0,2.3,1999.0,-4.2,1.16,0.0,0.0,Autumn,No Holiday,Yes
2018-10-30,1357,17,9.9,40.0,2.6,2000.0,-3.0,0.47,0.0,0.0,Autumn,No Holiday,Yes
2018-10-30,2074,18,8.4,52.0,2.6,2000.0,-0.9,0.03,0.0,0.0,Autumn,No Holiday,Yes
2018-10-30,1442,19,8.0,52.0,2.1,2000.0,-1.2,0.0,0.0,0.0,Autumn,No Holiday,Yes
2018-10-30,1186,20,7.6,59.0,1.1,2000.0,0.0,0.0,0.0,0.0,Autumn,No Holiday,Yes
2018-10-30,1147,21,7.6,55.0,2.0,2000.0,-0.8,0.0,0.0,0.0,Autumn,No Holiday,Yes
2018-10-30,948,22,7.6,50.0,1.8,2000.0,-2.1,0.0,0.0,0.0,Autumn,No Holiday,Yes
2018-10-30,527,23,7.7,50.0,1.0,1988.0,-2.0,0.0,0.0,0.0,Autumn,No Holiday,Yes
2018-10-31,294,0,7.1,59.0,1.7,2000.0,-0.3,0.0,0.0,0.0,Autumn,No Holiday,Yes
2018-10-31,324,1,6.6,66.0,1.0,2000.0,0.6,0.0,0.0,0.0,Autumn,No Holiday,Yes
2018-10-31,287,2,6.4,65.0,0.0,2000.0,0.2,0.0,0.0,0.0,Autumn,No Holiday,Yes
2018-10-31,227,3,5.6,69.0,0.1,2000.0,0.3,0.0,0.0,0.0,Autumn,No Holiday,Yes
2018-10-31,146,4,5.0,71.0,1.4,1994.0,0.1,0.0,0.0,0.0,Autumn,No Holiday,Yes
2018-10-31,141,5,4.1,74.0,0.9,2000.0,-0.1,0.0,0.0,0.0,Autumn,No Holiday,Yes
2018-10-31,402,6,3.6,75.0,0.8,2000.0,-0.4,0.0,0.0,0.0,Autumn,No Holiday,Yes
2018-10-31,1060,7,3.2,74.0,0.9,2000.0,-0.9,0.0,0.0,0.0,Autumn,No Holiday,Yes
2018-10-31,1907,8,3.7,67.0,1.8,1987.0,-1.8,0.15,0.0,0.0,Autumn,No Holiday,Yes
2018-10-31,996,9,5.1,56.0,1.8,1825.0,-2.9,0.89,0.0,0.0,Autumn,No Holiday,Yes
2018-10-31,717,10,7.2,49.0,2.2,1892.0,-2.8,1.51,0.0,0.0,Autumn,No Holiday,Yes
2018-10-31,818,11,8.7,41.0,2.6,1907.0,-3.8,1.96,0.0,0.0,Autumn,No Holiday,Yes
2018-10-31,907,12,10.0,39.0,2.0,2000.0,-3.3,2.2,0.0,0.0,Autumn,No Holiday,Yes
2018-10-31,983,13,11.2,34.0,2.6,1940.0,-4.1,2.26,0.0,0.0,Autumn,No Holiday,Yes
2018-10-31,963,14,11.9,34.0,2.4,1835.0,-3.4,2.12,0.0,0.0,Autumn,No Holiday,Yes
2018-10-31,994,15,12.0,35.0,3.0,1908.0,-3.0,1.72,0.0,0.0,Autumn,No Holiday,Yes
2018-10-31,1185,16,11.8,34.0,2.3,1979.0,-3.5,1.16,0.0,0.0,Autumn,No Holiday,Yes
2018-10-31,1462,17,11.3,41.0,1.8,2000.0,-1.4,0.51,0.0,0.0,Autumn,No Holiday,Yes
2018-10-31,2094,18,9.4,48.0,2.0,2000.0,-1.0,0.03,0.0,0.0,Autumn,No Holiday,Yes
2018-10-31,1507,19,8.4,53.0,1.0,2000.0,-0.6,0.0,0.0,0.0,Autumn,No Holiday,Yes
2018-10-31,1176,20,7.6,59.0,0.7,2000.0,0.0,0.0,0.0,0.0,Autumn,No Holiday,Yes
2018-10-31,1069,21,7.6,59.0,3.0,1929.0,0.0,0.0,0.0,0.0,Autumn,No Holiday,Yes
2018-10-31,1088,22,6.8,58.0,2.2,1936.0,-0.9,0.0,0.0,0.0,Autumn,No Holiday,Yes
2018-10-31,798,23,6.4,60.0,1.8,1930.0,-0.8,0.0,0.0,0.0,Autumn,No Holiday,Yes
2018-11-01,584,0,5.7,62.0,2.3,1909.0,-1.0,0.0,0.0,0.0,Autumn,No Holiday,Yes
2018-11-01,524,1,5.1,65.0,1.6,1932.0,-0.9,0.0,0.0,0.0,Autumn,No Holiday,Yes
2018-11-01,362,2,4.4,64.0,1.4,2000.0,-1.8,0.0,0.0,0.0,Autumn,No Holiday,Yes
2018-11-01,242,3,4.2,65.0,0.7,1962.0,-1.8,0.0,0.0,0.0,Autumn,No Holiday,Yes
2018-11-01,147,4,3.6,70.0,0.8,1934.0,-1.3,0.0,0.0,0.0,Autumn,No Holiday,Yes
2018-11-01,154,5,3.3,72.0,0.0,1946.0,-1.2,0.0,0.0,0.0,Autumn,No Holiday,Yes
2018-11-01,433,6,2.9,75.0,0.2,1761.0,-1.1,0.0,0.0,0.0,Autumn,No Holiday,Yes
2018-11-01,1055,7,2.5,75.0,0.5,1763.0,-1.4,0.0,0.0,0.0,Autumn,No Holiday,Yes
2018-11-01,1899,8,2.8,74.0,0.9,1366.0,-1.3,0.13,0.0,0.0,Autumn,No Holiday,Yes
2018-11-01,1011,9,4.7,60.0,0.9,1219.0,-2.4,0.82,0.0,0.0,Autumn,No Holiday,Yes
2018-11-01,696,10,8.1,51.0,0.7,1100.0,-1.4,1.38,0.0,0.0,Autumn,No Holiday,Yes
2018-11-01,852,11,11.1,46.0,1.6,1518.0,-0.1,1.84,0.0,0.0,Autumn,No Holiday,Yes
2018-11-01,926,12,12.6,36.0,2.6,1785.0,-2.1,2.14,0.0,0.0,Autumn,No Holiday,Yes
2018-11-01,968,13,13.6,32.0,1.8,1814.0,-2.8,2.22,0.0,0.0,Autumn,No Holiday,Yes
2018-11-01,1040,14,14.9,31.0,2.5,1872.0,-2.1,2.06,0.0,0.0,Autumn,No Holiday,Yes
2018-11-01,1094,15,14.8,30.0,2.7,1990.0,-2.6,1.71,0.0,0.0,Autumn,No Holiday,Yes
2018-11-01,1206,16,14.7,32.0,2.0,1934.0,-1.8,1.13,0.0,0.0,Autumn,No Holiday,Yes
2018-11-01,1569,17,13.7,37.0,1.4,2000.0,-0.7,0.49,0.0,0.0,Autumn,No Holiday,Yes
2018-11-01,2254,18,11.8,43.0,1.3,1995.0,-0.3,0.03,0.0,0.0,Autumn,No Holiday,Yes
2018-11-01,1561,19,10.5,49.0,1.2,1965.0,0.2,0.0,0.0,0.0,Autumn,No Holiday,Yes
2018-11-01,1269,20,9.9,53.0,1.7,1868.0,0.7,0.0,0.0,0.0,Autumn,No Holiday,Yes
2018-11-01,1197,21,9.3,54.0,1.1,1975.0,0.4,0.0,0.0,0.0,Autumn,No Holiday,Yes
2018-11-01,1115,22,8.3,61.0,0.2,1809.0,1.2,0.0,0.0,0.0,Autumn,No Holiday,Yes
2018-11-01,806,23,7.8,63.0,0.4,1547.0,1.1,0.0,0.0,0.0,Autumn,No Holiday,Yes
2018-11-02,642,0,7.2,64.0,1.0,1639.0,0.8,0.0,0.0,0.0,Autumn,No Holiday,Yes
2018-11-02,560,1,6.6,69.0,0.0,1512.0,1.3,0.0,0.0,0.0,Autumn,No Holiday,Yes
2018-11-02,369,2,6.1,68.0,0.5,1519.0,0.6,0.0,0.0,0.0,Autumn,No Holiday,Yes
2018-11-02,251,3,5.7,72.0,0.8,1368.0,1.0,0.0,0.0,0.0,Autumn,No Holiday,Yes
2018-11-02,166,4,5.2,74.0,1.3,1386.0,0.9,0.0,0.0,0.0,Autumn,No Holiday,Yes
2018-11-02,153,5,4.8,75.0,0.7,1471.0,0.7,0.0,0.0,0.0,Autumn,No Holiday,Yes
2018-11-02,403,6,4.5,77.0,1.0,1410.0,0.8,0.0,0.0,0.0,Autumn,No Holiday,Yes
2018-11-02,1024,7,4.1,75.0,0.8,1143.0,0.0,0.0,0.0,0.0,Autumn,No Holiday,Yes
2018-11-02,1906,8,4.7,72.0,1.0,1306.0,0.0,0.12,0.0,0.0,Autumn,No Holiday,Yes
2018-11-02,1027,9,7.0,57.0,0.7,1553.0,-0.9,0.79,0.0,0.0,Autumn,No Holiday,Yes
2018-11-02,751,10,10.0,49.0,1.2,1411.0,-0.2,1.4,0.0,0.0,Autumn,No Holiday,Yes
2018-11-02,880,11,12.8,44.0,1.0,1269.0,0.8,1.84,0.0,0.0,Autumn,No Holiday,Yes
2018-11-02,1023,12,14.9,40.0,1.1,1288.0,1.4,2.06,0.0,0.0,Autumn,No Holiday,Yes
2018-11-02,1130,13,16.5,37.0,1.2,1400.0,1.7,2.12,0.0,0.0,Autumn,No Holiday,Yes
2018-11-02,1160,14,18.0,31.0,1.2,1506.0,0.5,1.98,0.0,0.0,Autumn,No Holiday,Yes
2018-11-02,1251,15,18.6,31.0,1.4,1575.0,1.1,1.63,0.0,0.0,Autumn,No Holiday,Yes
2018-11-02,1424,16,18.8,32.0,1.4,1717.0,1.7,1.09,0.0,0.0,Autumn,No Holiday,Yes
2018-11-02,1730,17,17.0,36.0,1.5,1672.0,1.8,0.47,0.0,0.0,Autumn,No Holiday,Yes
2018-11-02,2314,18,14.6,42.0,1.4,1428.0,1.8,0.02,0.0,0.0,Autumn,No Holiday,Yes
2018-11-02,1568,19,12.8,40.0,1.4,1870.0,-0.4,0.0,0.0,0.0,Autumn,No Holiday,Yes
2018-11-02,1242,20,11.7,45.0,1.2,1748.0,0.1,0.0,0.0,0.0,Autumn,No Holiday,Yes
2018-11-02,1146,21,10.8,57.0,2.0,1219.0,2.6,0.0,0.0,0.0,Autumn,No Holiday,Yes
2018-11-02,1106,22,10.0,56.0,2.0,1290.0,1.6,0.0,0.0,0.0,Autumn,No Holiday,Yes
2018-11-02,851,23,9.7,56.0,1.3,1423.0,1.3,0.0,0.0,0.0,Autumn,No Holiday,Yes
2018-11-03,0,0,8.8,63.0,0.6,1314.0,2.1,0.0,0.0,0.0,Autumn,No Holiday,No
2018-11-03,0,1,8.5,61.0,0.2,1273.0,1.3,0.0,0.0,0.0,Autumn,No Holiday,No
2018-11-03,0,2,7.6,68.0,1.2,1170.0,2.0,0.0,0.0,0.0,Autumn,No Holiday,No
2018-11-03,0,3,7.1,67.0,0.6,1229.0,1.3,0.0,0.0,0.0,Autumn,No Holiday,No
2018-11-03,0,4,6.3,72.0,1.0,1104.0,1.6,0.0,0.0,0.0,Autumn,No Holiday,No
2018-11-03,0,5,6.1,75.0,1.0,1053.0,1.9,0.0,0.0,0.0,Autumn,No Holiday,No
2018-11-03,0,6,5.5,78.0,0.6,983.0,1.9,0.0,0.0,0.0,Autumn,No Holiday,No
2018-11-03,0,7,5.2,79.0,1.3,894.0,1.8,0.0,0.0,0.0,Autumn,No Holiday,No
2018-11-03,0,8,5.4,75.0,0.4,905.0,1.3,0.11,0.0,0.0,Autumn,No Holiday,No
2018-11-03,0,9,7.9,58.0,1.3,1033.0,0.1,0.8,0.0,0.0,Autumn,No Holiday,No
2018-11-03,0,10,11.0,49.0,0.7,957.0,0.6,1.4,0.0,0.0,Autumn,No Holiday,No
2018-11-03,0,11,14.5,42.0,1.6,890.0,1.7,1.85,0.0,0.0,Autumn,No Holiday,No
2018-11-03,0,12,16.5,37.0,1.8,1060.0,1.7,2.14,0.0,0.0,Autumn,No Holiday,No
2018-11-03,0,13,17.8,29.0,2.0,1328.0,-0.4,2.17,0.0,0.0,Autumn,No Holiday,No
2018-11-03,0,14,18.1,24.0,2.4,1594.0,-2.8,1.97,0.0,0.0,Autumn,No Holiday,No
2018-11-03,0,15,18.5,25.0,1.6,1724.0,-1.9,1.63,0.0,0.0,Autumn,No Holiday,No
2018-11-03,0,16,18.7,25.0,2.1,1605.0,-1.7,1.07,0.0,0.0,Autumn,No Holiday,No
2018-11-03,0,17,16.7,45.0,2.2,772.0,4.6,0.43,0.0,0.0,Autumn,No Holiday,No
2018-11-03,0,18,14.2,51.0,1.5,990.0,4.1,0.02,0.0,0.0,Autumn,No Holiday,No
2018-11-03,0,19,13.4,62.0,1.6,740.0,6.2,0.0,0.0,0.0,Autumn,No Holiday,No
2018-11-03,0,20,12.1,68.0,0.8,592.0,6.3,0.0,0.0,0.0,Autumn,No Holiday,No
2018-11-03,0,21,11.1,69.0,0.9,619.0,5.6,0.0,0.0,0.0,Autumn,No Holiday,No
2018-11-03,0,22,10.0,68.0,1.1,791.0,4.3,0.0,0.0,0.0,Autumn,No Holiday,No
2018-11-03,0,23,9.2,65.0,1.2,1064.0,2.9,0.0,0.0,0.0,Autumn,No Holiday,No
2018-11-04,720,0,9.1,63.0,0.6,1292.0,2.4,0.0,0.0,0.0,Autumn,No Holiday,Yes
2018-11-04,517,1,8.6,60.0,1.1,1416.0,1.2,0.0,0.0,0.0,Autumn,No Holiday,Yes
2018-11-04,378,2,8.2,62.0,0.2,1415.0,1.3,0.0,0.0,0.0,Autumn,No Holiday,Yes
2018-11-04,296,3,7.6,66.0,0.9,1432.0,1.6,0.0,0.0,0.0,Autumn,No Holiday,Yes
2018-11-04,188,4,6.9,70.0,1.5,1314.0,1.7,0.0,0.0,0.0,Autumn,No Holiday,Yes
2018-11-04,112,5,6.6,73.0,0.3,1219.0,2.0,0.0,0.0,0.0,Autumn,No Holiday,Yes
2018-11-04,141,6,6.2,73.0,0.3,1018.0,1.7,0.0,0.0,0.0,Autumn,No Holiday,Yes
2018-11-04,259,7,5.8,79.0,1.0,862.0,2.4,0.0,0.0,0.0,Autumn,No Holiday,Yes
2018-11-04,481,8,5.7,78.0,1.1,714.0,2.1,0.09,0.0,0.0,Autumn,No Holiday,Yes
2018-11-04,632,9,7.5,60.0,0.5,725.0,0.2,0.79,0.0,0.0,Autumn,No Holiday,Yes
2018-11-04,747,10,11.1,51.0,0.8,679.0,1.3,1.38,0.0,0.0,Autumn,No Holiday,Yes
2018-11-04,963,11,14.8,46.0,2.0,768.0,3.2,1.83,0.0,0.0,Autumn,No Holiday,Yes
2018-11-04,1145,12,16.3,33.0,2.9,1530.0,0.0,2.13,0.0,0.0,Autumn,No Holiday,Yes
2018-11-04,1355,13,18.3,26.0,1.2,1503.0,-1.5,2.17,0.0,0.0,Autumn,No Holiday,Yes
2018-11-04,1511,14,19.3,28.0,1.7,1208.0,0.3,1.93,0.0,0.0,Autumn,No Holiday,Yes
2018-11-04,1579,15,19.0,25.0,2.1,1748.0,-1.5,1.6,0.0,0.0,Autumn,No Holiday,Yes
2018-11-04,1690,16,18.4,25.0,3.2,1909.0,-2.0,1.05,0.0,0.0,Autumn,No Holiday,Yes
2018-11-04,1596,17,16.9,33.0,2.2,1972.0,0.5,0.43,0.0,0.0,Autumn,No Holiday,Yes
2018-11-04,1335,18,14.5,46.0,2.6,1618.0,3.0,0.01,0.0,0.0,Autumn,No Holiday,Yes
2018-11-04,1180,19,12.9,56.0,2.5,1345.0,4.3,0.0,0.0,0.0,Autumn,No Holiday,Yes
2018-11-04,1077,20,12.7,59.0,1.2,1177.0,4.8,0.0,0.0,0.0,Autumn,No Holiday,Yes
2018-11-04,1001,21,11.8,62.0,0.7,1030.0,4.7,0.0,0.0,0.0,Autumn,No Holiday,Yes
2018-11-04,912,22,11.2,67.0,1.3,940.0,5.2,0.0,0.0,0.0,Autumn,No Holiday,Yes
2018-11-04,656,23,10.6,73.0,1.3,931.0,5.9,0.0,0.0,0.0,Autumn,No Holiday,Yes
2018-11-05,520,0,10.1,75.0,0.0,922.0,5.8,0.0,0.0,0.0,Autumn,No Holiday,Yes
2018-11-05,346,1,9.3,78.0,0.1,828.0,5.6,0.0,0.0,0.0,Autumn,No Holiday,Yes
2018-11-05,206,2,8.8,81.0,0.0,773.0,5.7,0.0,0.0,0.0,Autumn,No Holiday,Yes
2018-11-05,161,3,8.3,81.0,1.1,642.0,5.2,0.0,0.0,0.0,Autumn,No Holiday,Yes
2018-11-05,107,4,8.0,81.0,0.4,666.0,4.9,0.0,0.0,0.0,Autumn,No Holiday,Yes
2018-11-05,166,5,8.0,84.0,0.7,569.0,5.4,0.0,0.0,0.0,Autumn,No Holiday,Yes
2018-11-05,448,6,7.2,83.0,0.8,636.0,4.4,0.0,0.0,0.0,Autumn,No Holiday,Yes
2018-11-05,1115,7,7.0,86.0,1.1,455.0,4.8,0.0,0.0,0.0,Autumn,No Holiday,Yes
2018-11-05,1975,8,7.2,80.0,0.8,515.0,3.9,0.13,0.0,0.0,Autumn,No Holiday,Yes
2018-11-05,1005,9,8.9,67.0,1.1,578.0,3.0,0.69,0.0,0.0,Autumn,No Holiday,Yes
2018-11-05,790,10,11.8,59.0,0.9,616.0,4.0,1.23,0.0,0.0,Autumn,No Holiday,Yes
2018-11-05,829,11,13.8,47.0,1.2,994.0,2.6,1.71,0.0,0.0,Autumn,No Holiday,Yes
2018-11-05,971,12,16.4,48.0,2.1,653.0,5.3,1.68,0.0,0.0,Autumn,No Holiday,Yes
2018-11-05,986,13,16.8,46.0,1.1,760.0,5.0,1.71,0.0,0.0,Autumn,No Holiday,Yes
2018-11-05,993,14,17.5,38.0,1.2,1090.0,3.0,1.74,0.0,0.0,Autumn,No Holiday,Yes
2018-11-05,1100,15,18.0,39.0,1.0,1208.0,3.8,1.21,0.0,0.0,Autumn,No Holiday,Yes
2018-11-05,1318,16,16.8,46.0,1.8,1041.0,5.0,0.72,0.0,0.0,Autumn,No Holiday,Yes
2018-11-05,1664,17,15.7,49.0,2.0,1252.0,5.0,0.26,0.0,0.0,Autumn,No Holiday,Yes
2018-11-05,2357,18,14.5,54.0,1.3,1343.0,5.2,0.01,0.0,0.0,Autumn,No Holiday,Yes
2018-11-05,1618,19,13.2,66.0,1.7,705.0,6.9,0.0,0.0,0.0,Autumn,No Holiday,Yes
2018-11-05,1464,20,12.7,75.0,2.0,433.0,8.3,0.0,0.0,0.0,Autumn,No Holiday,Yes
2018-11-05,1289,21,12.2,79.0,1.8,351.0,8.6,0.0,0.0,0.0,Autumn,No Holiday,Yes
2018-11-05,1215,22,11.6,81.0,1.2,336.0,8.4,0.0,0.0,0.0,Autumn,No Holiday,Yes
2018-11-05,829,23,10.9,82.0,0.1,346.0,7.9,0.0,0.0,0.0,Autumn,No Holiday,Yes
2018-11-06,0,0,10.0,73.0,0.5,700.0,5.3,0.0,0.0,0.0,Autumn,No Holiday,No
2018-11-06,0,1,9.8,75.0,0.5,668.0,5.5,0.0,0.0,0.0,Autumn,No Holiday,No
2018-11-06,0,2,9.7,78.0,0.0,619.0,6.0,0.0,0.0,0.0,Autumn,No Holiday,No
2018-11-06,0,3,9.4,81.0,0.3,500.0,6.2,0.0,0.0,0.0,Autumn,No Holiday,No
2018-11-06,0,4,9.1,81.0,0.0,493.0,6.0,0.0,0.0,0.0,Autumn,No Holiday,No
2018-11-06,0,5,8.8,84.0,0.6,420.0,6.2,0.0,0.0,0.0,Autumn,No Holiday,No
2018-11-06,0,6,8.5,83.0,0.7,409.0,5.7,0.0,0.0,0.0,Autumn,No Holiday,No
2018-11-06,0,7,8.3,84.0,0.9,422.0,5.7,0.0,0.0,0.0,Autumn,No Holiday,No
2018-11-06,0,8,8.7,77.0,0.7,529.0,4.8,0.11,0.0,0.0,Autumn,No Holiday,No
2018-11-06,0,9,10.1,68.0,0.2,578.0,4.4,0.33,0.0,0.0,Autumn,No Holiday,No
2018-11-06,0,10,11.7,62.0,0.5,521.0,4.6,0.77,0.0,0.0,Autumn,No Holiday,No
2018-11-06,0,11,13.0,55.0,1.0,488.0,4.1,0.84,0.0,0.0,Autumn,No Holiday,No
2018-11-06,0,12,14.5,57.0,0.8,373.0,6.0,1.08,0.0,0.0,Autumn,No Holiday,No
2018-11-06,0,13,16.1,56.0,1.7,328.0,7.3,1.54,0.0,0.0,Autumn,No Holiday,No
2018-11-06,0,14,17.4,50.0,2.4,336.0,6.8,1.52,0.0,0.0,Autumn,No Holiday,No
2018-11-06,0,15,16.3,54.0,1.6,374.0,6.9,0.76,0.0,0.0,Autumn,No Holiday,No
2018-11-06,0,16,16.6,55.0,1.3,334.0,7.5,0.66,0.0,0.0,Autumn,No Holiday,No
2018-11-06,0,17,15.3,63.0,1.2,260.0,8.2,0.23,0.0,0.0,Autumn,No Holiday,No
2018-11-06,0,18,14.0,71.0,1.5,201.0,8.8,0.01,0.0,0.0,Autumn,No Holiday,No
2018-11-06,0,19,13.3,72.0,1.1,234.0,8.3,0.0,0.0,0.0,Autumn,No Holiday,No
2018-11-06,0,20,13.2,73.0,1.1,246.0,8.4,0.0,0.0,0.0,Autumn,No Holiday,No
2018-11-06,0,21,13.0,76.0,0.9,231.0,8.8,0.0,0.0,0.0,Autumn,No Holiday,No
2018-11-06,0,22,12.3,73.0,1.2,277.0,7.5,0.0,0.0,0.0,Autumn,No Holiday,No
2018-11-06,0,23,12.2,74.0,1.1,291.0,7.6,0.0,0.0,0.0,Autumn,No Holiday,No
2018-11-07,639,0,11.9,74.0,1.6,287.0,7.4,0.0,0.0,0.0,Autumn,No Holiday,Yes
2018-11-07,410,1,11.9,76.0,1.4,286.0,7.7,0.0,0.0,0.0,Autumn,No Holiday,Yes
2018-11-07,136,2,12.0,81.0,1.3,295.0,8.8,0.0,0.0,0.0,Autumn,No Holiday,Yes
2018-11-07,40,3,10.8,88.0,1.0,145.0,8.8,0.0,0.5,0.0,Autumn,No Holiday,Yes
2018-11-07,47,4,10.6,95.0,0.7,94.0,9.8,0.0,0.0,0.0,Autumn,No Holiday,Yes
2018-11-07,71,5,11.1,95.0,0.2,117.0,10.3,0.0,0.0,0.0,Autumn,No Holiday,Yes
2018-11-07,194,6,11.0,91.0,1.0,124.0,9.5,0.0,1.0,0.0,Autumn,No Holiday,Yes
2018-11-07,526,7,10.8,91.0,1.3,216.0,9.3,0.0,0.0,0.0,Autumn,No Holiday,Yes
2018-11-07,1171,8,11.3,89.0,1.1,279.0,9.5,0.01,0.0,0.0,Autumn,No Holiday,Yes
2018-11-07,740,9,11.2,86.0,1.0,372.0,8.9,0.09,0.5,0.0,Autumn,No Holiday,Yes
2018-11-07,555,10,11.9,84.0,0.9,482.0,9.2,0.2,0.0,0.0,Autumn,No Holiday,Yes
2018-11-07,608,11,12.4,82.0,0.6,507.0,9.4,0.34,0.0,0.0,Autumn,No Holiday,Yes
2018-11-07,697,12,13.2,77.0,1.3,589.0,9.2,0.5,0.0,0.0,Autumn,No Holiday,Yes
2018-11-07,798,13,14.5,74.0,1.3,610.0,9.9,0.75,0.0,0.0,Autumn,No Holiday,Yes
2018-11-07,767,14,15.5,68.0,1.4,693.0,9.6,1.15,0.0,0.0,Autumn,No Holiday,Yes
2018-11-07,848,15,15.4,72.0,1.1,608.0,10.3,0.57,0.0,0.0,Autumn,No Holiday,Yes
2018-11-07,834,16,15.2,72.0,1.2,625.0,10.1,0.4,0.0,0.0,Autumn,No Holiday,Yes
2018-11-07,1115,17,14.9,73.0,0.9,854.0,10.0,0.04,0.0,0.0,Autumn,No Holiday,Yes
2018-11-07,1347,18,14.4,77.0,1.0,912.0,10.4,0.0,0.0,0.0,Autumn,No Holiday,Yes
2018-11-07,1176,19,13.8,81.0,1.5,760.0,10.5,0.0,0.0,0.0,Autumn,No Holiday,Yes
2018-11-07,1062,20,13.3,77.0,1.6,833.0,9.3,0.0,0.0,0.0,Autumn,No Holiday,Yes
2018-11-07,1062,21,13.5,75.0,0.8,1275.0,9.1,0.0,0.0,0.0,Autumn,No Holiday,Yes
2018-11-07,1003,22,13.2,74.0,1.4,1407.0,8.6,0.0,0.0,0.0,Autumn,No Holiday,Yes
2018-11-07,679,23,12.9,72.0,1.4,2000.0,7.9,0.0,0.0,0.0,Autumn,No Holiday,Yes
2018-11-08,395,0,12.9,70.0,1.8,2000.0,7.5,0.0,0.0,0.0,Autumn,No Holiday,Yes
2018-11-08,158,1,11.9,77.0,1.1,1634.0,7.9,0.0,0.0,0.0,Autumn,No Holiday,Yes
2018-11-08,122,2,11.8,84.0,1.6,1874.0,9.1,0.0,0.0,0.0,Autumn,No Holiday,Yes
2018-11-08,78,3,11.8,86.0,1.6,1819.0,9.5,0.0,0.5,0.0,Autumn,No Holiday,Yes
2018-11-08,50,4,10.8,87.0,1.7,956.0,8.7,0.0,0.0,0.0,Autumn,No Holiday,Yes
2018-11-08,49,5,10.8,89.0,1.6,957.0,9.0,0.0,0.0,0.0,Autumn,No Holiday,Yes
2018-11-08,136,6,10.6,90.0,1.6,1065.0,9.0,0.0,1.5,0.0,Autumn,No Holiday,Yes
2018-11-08,174,7,10.9,88.0,1.8,1866.0,8.9,0.0,0.0,0.0,Autumn,No Holiday,Yes
2018-11-08,148,8,10.6,89.0,1.5,689.0,8.8,0.02,0.0,0.0,Autumn,No Holiday,Yes
2018-11-08,56,9,10.6,94.0,2.1,739.0,9.6,0.06,2.0,0.0,Autumn,No Holiday,Yes
2018-11-08,17,10,10.8,94.0,1.8,578.0,9.8,0.15,0.0,0.0,Autumn,No Holiday,Yes
2018-11-08,25,11,10.9,95.0,2.4,519.0,10.1,0.12,0.0,0.0,Autumn,No Holiday,Yes
2018-11-08,17,12,11.4,95.0,2.5,792.0,10.6,0.44,5.5,0.0,Autumn,No Holiday,Yes
2018-11-08,18,13,11.5,95.0,2.1,457.0,10.7,0.32,0.0,0.0,Autumn,No Holiday,Yes
2018-11-08,46,14,11.3,96.0,2.7,302.0,10.6,0.11,0.0,0.0,Autumn,No Holiday,Yes
2018-11-08,56,15,11.4,96.0,2.0,910.0,10.7,0.07,9.5,0.0,Autumn,No Holiday,Yes
2018-11-08,14,16,11.7,96.0,1.4,587.0,11.0,0.02,0.0,0.0,Autumn,No Holiday,Yes
2018-11-08,30,17,11.9,97.0,0.7,269.0,11.4,0.0,0.0,0.0,Autumn,No Holiday,Yes
2018-11-08,40,18,12.9,97.0,0.0,406.0,12.4,0.0,9.0,0.0,Autumn,No Holiday,Yes
2018-11-08,19,19,12.8,97.0,0.9,245.0,12.3,0.0,0.0,0.0,Autumn,No Holiday,Yes
2018-11-08,12,20,13.9,97.0,2.5,594.0,13.4,0.0,0.0,0.0,Autumn,No Holiday,Yes
2018-11-08,21,21,14.0,96.0,4.1,292.0,13.3,0.0,18.0,0.0,Autumn,No Holiday,Yes
2018-11-08,14,22,12.4,96.0,2.7,545.0,11.7,0.0,0.0,0.0,Autumn,No Holiday,Yes
2018-11-08,26,23,11.5,96.0,3.0,691.0,10.8,0.0,0.0,0.0,Autumn,No Holiday,Yes
2018-11-09,0,0,12.0,96.0,3.1,1185.0,11.3,0.0,18.0,0.0,Autumn,No Holiday,No
2018-11-09,0,1,11.4,89.0,2.6,1376.0,9.6,0.0,0.0,0.0,Autumn,No Holiday,No
2018-11-09,0,2,11.3,88.0,3.7,1680.0,9.3,0.0,0.0,0.0,Autumn,No Holiday,No
2018-11-09,0,3,10.8,82.0,2.8,1712.0,7.8,0.0,0.5,0.0,Autumn,No Holiday,No
2018-11-09,0,4,10.6,75.0,3.2,913.0,6.3,0.0,0.0,0.0,Autumn,No Holiday,No
2018-11-09,0,5,10.9,68.0,3.1,1034.0,5.2,0.0,0.0,0.0,Autumn,No Holiday,No
2018-11-09,0,6,11.0,70.0,3.1,900.0,5.7,0.0,0.0,0.0,Autumn,No Holiday,No
2018-11-09,0,7,10.4,81.0,3.0,1741.0,7.2,0.0,0.0,0.0,Autumn,No Holiday,No
2018-11-09,0,8,10.1,85.0,2.4,1809.0,7.6,0.05,0.0,0.0,Autumn,No Holiday,No
2018-11-09,0,9,10.8,78.0,2.6,1985.0,7.1,0.13,0.5,0.0,Autumn,No Holiday,No
2018-11-09,0,10,11.3,68.0,4.7,1984.0,5.5,0.44,0.0,0.0,Autumn,No Holiday,No
2018-11-09,0,11,13.3,59.0,4.1,1970.0,5.4,1.43,0.0,0.0,Autumn,No Holiday,No
2018-11-09,0,12,13.9,50.0,4.1,1964.0,3.6,2.14,0.0,0.0,Autumn,No Holiday,No
2018-11-09,0,13,14.0,46.0,5.3,927.0,2.5,1.68,0.0,0.0,Autumn,No Holiday,No
2018-11-09,0,14,15.0,49.0,2.8,518.0,4.3,1.53,0.0,0.0,Autumn,No Holiday,No
2018-11-09,0,15,15.1,52.0,3.4,622.0,5.3,1.3,0.0,0.0,Autumn,No Holiday,No
2018-11-09,0,16,14.3,59.0,3.6,858.0,6.3,0.72,0.0,0.0,Autumn,No Holiday,No
2018-11-09,0,17,12.9,66.0,3.6,682.0,6.6,0.32,0.0,0.0,Autumn,No Holiday,No
2018-11-09,0,18,12.3,69.0,2.1,623.0,6.7,0.01,0.0,0.0,Autumn,No Holiday,No
2018-11-09,0,19,11.9,71.0,2.7,589.0,6.7,0.0,0.0,0.0,Autumn,No Holiday,No
2018-11-09,0,20,11.9,72.0,2.5,526.0,7.0,0.0,0.0,0.0,Autumn,No Holiday,No
2018-11-09,0,21,11.4,74.0,1.9,498.0,6.9,0.0,0.0,0.0,Autumn,No Holiday,No
2018-11-09,0,22,11.2,75.0,1.7,478.0,6.9,0.0,0.0,0.0,Autumn,No Holiday,No
2018-11-09,0,23,10.9,76.0,1.2,456.0,6.8,0.0,0.0,0.0,Autumn,No Holiday,No
2018-11-10,754,0,11.3,77.0,0.9,433.0,7.4,0.0,0.0,0.0,Autumn,No Holiday,Yes
2018-11-10,679,1,11.2,78.0,1.1,467.0,7.4,0.0,0.0,0.0,Autumn,No Holiday,Yes
2018-11-10,568,2,10.7,80.0,0.6,409.0,7.3,0.0,0.0,0.0,Autumn,No Holiday,Yes
2018-11-10,372,3,10.3,81.0,0.7,361.0,7.1,0.0,0.0,0.0,Autumn,No Holiday,Yes
2018-11-10,223,4,9.5,87.0,0.6,266.0,7.4,0.0,0.0,0.0,Autumn,No Holiday,Yes
2018-11-10,137,5,9.4,87.0,0.8,279.0,7.3,0.0,0.0,0.0,Autumn,No Holiday,Yes
2018-11-10,167,6,9.5,85.0,0.6,304.0,7.0,0.0,0.0,0.0,Autumn,No Holiday,Yes
2018-11-10,309,7,9.5,86.0,0.6,293.0,7.2,0.0,0.0,0.0,Autumn,No Holiday,Yes
2018-11-10,589,8,9.3,85.0,0.3,313.0,6.9,0.07,0.0,0.0,Autumn,No Holiday,Yes
2018-11-10,628,9,10.1,77.0,0.0,350.0,6.2,0.45,0.0,0.0,Autumn,No Holiday,Yes
2018-11-10,699,10,12.2,73.0,1.9,374.0,7.4,0.92,0.0,0.0,Autumn,No Holiday,Yes
2018-11-10,768,11,13.8,63.0,2.2,416.0,6.8,1.32,0.0,0.0,Autumn,No Holiday,Yes
2018-11-10,1034,12,15.1,54.0,2.2,495.0,5.8,1.91,0.0,0.0,Autumn,No Holiday,Yes
2018-11-10,1094,13,15.9,48.0,2.7,538.0,4.8,1.87,0.0,0.0,Autumn,No Holiday,Yes
2018-11-10,1113,14,17.1,39.0,2.0,781.0,3.0,1.85,0.0,0.0,Autumn,No Holiday,Yes
2018-11-10,1229,15,16.6,36.0,2.5,808.0,1.4,1.45,0.0,0.0,Autumn,No Holiday,Yes
2018-11-10,1263,16,16.0,37.0,1.9,984.0,1.2,0.94,0.0,0.0,Autumn,No Holiday,Yes
2018-11-10,1379,17,14.8,47.0,1.3,787.0,3.5,0.35,0.0,0.0,Autumn,No Holiday,Yes
2018-11-10,1226,18,13.2,57.0,2.2,618.0,4.8,0.01,0.0,0.0,Autumn,No Holiday,Yes
2018-11-10,957,19,12.1,67.0,1.5,430.0,6.1,0.0,0.0,0.0,Autumn,No Holiday,Yes
2018-11-10,877,20,11.3,74.0,1.2,350.0,6.8,0.0,0.0,0.0,Autumn,No Holiday,Yes
2018-11-10,847,21,10.8,78.0,1.0,303.0,7.1,0.0,0.0,0.0,Autumn,No Holiday,Yes
2018-11-10,885,22,10.6,81.0,1.2,281.0,7.4,0.0,0.0,0.0,Autumn,No Holiday,Yes
2018-11-10,676,23,10.3,84.0,1.3,250.0,7.7,0.0,0.0,0.0,Autumn,No Holiday,Yes
2018-11-11,655,0,9.4,85.0,0.6,241.0,6.9,0.0,0.0,0.0,Autumn,No Holiday,Yes
2018-11-11,518,1,8.8,89.0,0.7,213.0,7.0,0.0,0.0,0.0,Autumn,No Holiday,Yes
2018-11-11,370,2,7.9,85.0,1.1,275.0,5.5,0.0,0.0,0.0,Autumn,No Holiday,Yes
2018-11-11,314,3,7.1,85.0,0.7,329.0,4.7,0.0,0.0,0.0,Autumn,No Holiday,Yes
2018-11-11,189,4,6.9,82.0,0.5,337.0,4.0,0.0,0.0,0.0,Autumn,No Holiday,Yes
2018-11-11,111,5,6.8,83.0,0.6,341.0,4.1,0.0,0.0,0.0,Autumn,No Holiday,Yes
2018-11-11,117,6,6.6,84.0,1.2,373.0,4.0,0.0,0.0,0.0,Autumn,No Holiday,Yes
2018-11-11,228,7,6.4,84.0,1.3,369.0,3.8,0.0,0.0,0.0,Autumn,No Holiday,Yes
2018-11-11,395,8,6.3,81.0,0.8,365.0,3.2,0.11,0.0,0.0,Autumn,No Holiday,Yes
2018-11-11,574,9,7.8,72.0,1.2,360.0,3.0,0.54,0.0,0.0,Autumn,No Holiday,Yes
2018-11-11,563,10,10.2,68.0,0.7,354.0,4.5,1.06,0.0,0.0,Autumn,No Holiday,Yes
2018-11-11,578,11,10.7,68.0,0.4,341.0,5.0,0.54,0.0,0.0,Autumn,No Holiday,Yes
2018-11-11,769,12,10.6,72.0,2.0,365.0,5.7,0.29,0.0,0.0,Autumn,No Holiday,Yes
2018-11-11,758,13,9.8,70.0,1.7,360.0,4.5,0.33,0.0,0.0,Autumn,No Holiday,Yes
2018-11-11,810,14,10.1,58.0,0.9,605.0,2.1,0.43,0.0,0.0,Autumn,No Holiday,Yes
2018-11-11,832,15,10.2,58.0,2.0,573.0,2.2,0.29,0.0,0.0,Autumn,No Holiday,Yes
2018-11-11,616,16,9.9,59.0,1.3,578.0,2.2,0.1,0.0,0.0,Autumn,No Holiday,Yes
2018-11-11,660,17,8.9,57.0,3.0,1149.0,0.8,0.03,0.0,0.0,Autumn,No Holiday,Yes
2018-11-11,752,18,8.9,55.0,2.0,1333.0,0.3,0.0,0.0,0.0,Autumn,No Holiday,Yes
2018-11-11,685,19,8.7,52.0,0.8,1590.0,-0.6,0.0,0.0,0.0,Autumn,No Holiday,Yes
2018-11-11,711,20,8.2,53.0,0.6,1621.0,-0.8,0.0,0.0,0.0,Autumn,No Holiday,Yes
2018-11-11,689,21,8.0,51.0,0.5,1989.0,-1.5,0.0,0.0,0.0,Autumn,No Holiday,Yes
2018-11-11,690,22,7.0,60.0,0.0,1948.0,-0.2,0.0,0.0,0.0,Autumn,No Holiday,Yes
2018-11-11,554,23,6.3,62.0,0.0,1993.0,-0.4,0.0,0.0,0.0,Autumn,No Holiday,Yes
2018-11-12,456,0,5.4,64.0,0.8,2000.0,-0.8,0.0,0.0,0.0,Autumn,No Holiday,Yes
2018-11-12,344,1,5.0,67.0,1.3,2000.0,-0.6,0.0,0.0,0.0,Autumn,No Holiday,Yes
2018-11-12,187,2,4.8,66.0,1.6,2000.0,-1.0,0.0,0.0,0.0,Autumn,No Holiday,Yes
2018-11-12,122,3,4.6,65.0,0.1,2000.0,-1.4,0.0,0.0,0.0,Autumn,No Holiday,Yes
2018-11-12,109,4,4.0,68.0,0.0,2000.0,-1.3,0.0,0.0,0.0,Autumn,No Holiday,Yes
2018-11-12,158,5,4.0,71.0,0.0,2000.0,-0.7,0.0,0.0,0.0,Autumn,No Holiday,Yes
2018-11-12,419,6,3.8,69.0,0.0,1995.0,-1.3,0.0,0.0,0.0,Autumn,No Holiday,Yes
2018-11-12,1004,7,3.4,72.0,1.0,1989.0,-1.1,0.0,0.0,0.0,Autumn,No Holiday,Yes
2018-11-12,1699,8,3.3,69.0,0.0,2000.0,-1.8,0.06,0.0,0.0,Autumn,No Holiday,Yes
2018-11-12,931,9,5.2,55.0,1.4,1752.0,-3.1,0.67,0.0,0.0,Autumn,No Holiday,Yes
2018-11-12,683,10,8.3,50.0,1.1,1364.0,-1.5,1.23,0.0,0.0,Autumn,No Holiday,Yes
2018-11-12,785,11,10.3,40.0,0.7,1672.0,-2.7,1.66,0.0,0.0,Autumn,No Holiday,Yes
2018-11-12,888,12,12.3,37.0,0.8,1690.0,-1.9,1.93,0.0,0.0,Autumn,No Holiday,Yes
2018-11-12,889,13,13.3,36.0,2.1,1283.0,-1.4,1.99,0.0,0.0,Autumn,No Holiday,Yes
2018-11-12,886,14,14.2,33.0,1.5,1374.0,-1.8,1.84,0.0,0.0,Autumn,No Holiday,Yes
2018-11-12,1084,15,13.8,34.0,2.4,1438.0,-1.8,1.45,0.0,0.0,Autumn,No Holiday,Yes
2018-11-12,1193,16,12.9,38.0,2.6,1476.0,-1.1,0.94,0.0,0.0,Autumn,No Holiday,Yes
2018-11-12,1472,17,11.8,43.0,1.8,1685.0,-0.3,0.34,0.0,0.0,Autumn,No Holiday,Yes
2018-11-12,2022,18,10.6,45.0,1.8,1936.0,-0.8,0.01,0.0,0.0,Autumn,No Holiday,Yes
2018-11-12,1466,19,9.8,46.0,2.8,1945.0,-1.2,0.0,0.0,0.0,Autumn,No Holiday,Yes
2018-11-12,1292,20,9.0,48.0,1.9,1879.0,-1.4,0.0,0.0,0.0,Autumn,No Holiday,Yes
2018-11-12,1189,21,8.5,50.0,0.5,1707.0,-1.3,0.0,0.0,0.0,Autumn,No Holiday,Yes
2018-11-12,1023,22,7.6,55.0,1.7,1694.0,-0.8,0.0,0.0,0.0,Autumn,No Holiday,Yes
2018-11-12,702,23,6.9,60.0,0.8,1610.0,-0.3,0.0,0.0,0.0,Autumn,No Holiday,Yes
2018-11-13,587,0,6.2,63.0,0.8,1611.0,-0.3,0.0,0.0,0.0,Autumn,No Holiday,Yes
2018-11-13,487,1,5.6,68.0,0.5,1576.0,0.1,0.0,0.0,0.0,Autumn,No Holiday,Yes
2018-11-13,330,2,5.6,64.0,0.1,1556.0,-0.6,0.0,0.0,0.0,Autumn,No Holiday,Yes
2018-11-13,205,3,5.3,62.0,0.0,1485.0,-1.4,0.0,0.0,0.0,Autumn,No Holiday,Yes
2018-11-13,133,4,4.9,63.0,0.0,1397.0,-1.5,0.0,0.0,0.0,Autumn,No Holiday,Yes
2018-11-13,162,5,4.7,72.0,0.0,1310.0,0.0,0.0,0.0,0.0,Autumn,No Holiday,Yes
2018-11-13,402,6,4.2,72.0,0.8,1326.0,-0.4,0.0,0.0,0.0,Autumn,No Holiday,Yes
2018-11-13,1066,7,4.4,72.0,0.3,1189.0,-0.2,0.0,0.0,0.0,Autumn,No Holiday,Yes
2018-11-13,1910,8,4.7,68.0,0.5,1032.0,-0.7,0.06,0.0,0.0,Autumn,No Holiday,Yes
2018-11-13,990,9,6.0,59.0,1.0,719.0,-1.4,0.6,0.0,0.0,Autumn,No Holiday,Yes
2018-11-13,710,10,9.0,51.0,0.9,706.0,-0.6,1.16,0.0,0.0,Autumn,No Holiday,Yes
2018-11-13,789,11,11.4,46.0,0.8,876.0,0.1,1.57,0.0,0.0,Autumn,No Holiday,Yes
2018-11-13,890,12,12.8,45.0,1.8,1170.0,1.1,1.82,0.0,0.0,Autumn,No Holiday,Yes
2018-11-13,912,13,13.5,43.0,2.2,1687.0,1.1,1.92,0.0,0.0,Autumn,No Holiday,Yes
2018-11-13,928,14,15.0,37.0,1.6,1703.0,0.4,1.82,0.0,0.0,Autumn,No Holiday,Yes
2018-11-13,980,15,15.3,37.0,1.8,1774.0,0.6,1.5,0.0,0.0,Autumn,No Holiday,Yes
2018-11-13,1188,16,14.2,37.0,2.0,1783.0,-0.3,0.91,0.0,0.0,Autumn,No Holiday,Yes
2018-11-13,1420,17,12.7,40.0,1.9,1967.0,-0.5,0.33,0.0,0.0,Autumn,No Holiday,Yes
2018-11-13,2159,18,11.3,42.0,1.2,1846.0,-1.1,0.01,0.0,0.0,Autumn,No Holiday,Yes
2018-11-13,1529,19,9.8,45.0,1.3,1882.0,-1.5,0.0,0.0,0.0,Autumn,No Holiday,Yes
2018-11-13,1208,20,9.5,44.0,1.8,1991.0,-2.1,0.0,0.0,0.0,Autumn,No Holiday,Yes
2018-11-13,1163,21,8.5,42.0,1.1,2000.0,-3.7,0.0,0.0,0.0,Autumn,No Holiday,Yes
2018-11-13,1126,22,8.1,50.0,0.5,2000.0,-1.7,0.0,0.0,0.0,Autumn,No Holiday,Yes
2018-11-13,718,23,7.6,49.0,0.6,1971.0,-2.4,0.0,0.0,0.0,Autumn,No Holiday,Yes
2018-11-14,612,0,7.0,54.0,0.9,1862.0,-1.6,0.0,0.0,0.0,Autumn,No Holiday,Yes
2018-11-14,517,1,6.5,60.0,0.5,1788.0,-0.7,0.0,0.0,0.0,Autumn,No Holiday,Yes
2018-11-14,327,2,6.2,59.0,0.6,1584.0,-1.2,0.0,0.0,0.0,Autumn,No Holiday,Yes
2018-11-14,210,3,6.1,66.0,0.5,1347.0,0.2,0.0,0.0,0.0,Autumn,No Holiday,Yes
2018-11-14,164,4,5.6,70.0,0.6,1311.0,0.5,0.0,0.0,0.0,Autumn,No Holiday,Yes
2018-11-14,135,5,5.3,72.0,0.2,1278.0,0.6,0.0,0.0,0.0,Autumn,No Holiday,Yes
2018-11-14,362,6,5.1,76.0,1.1,1195.0,1.2,0.0,0.0,0.0,Autumn,No Holiday,Yes
2018-11-14,1047,7,5.2,78.0,0.3,1182.0,1.6,0.0,0.0,0.0,Autumn,No Holiday,Yes
2018-11-14,1916,8,5.0,77.0,1.5,1115.0,1.2,0.07,0.0,0.0,Autumn,No Holiday,Yes
2018-11-14,1019,9,7.1,61.0,0.5,1493.0,0.0,0.57,0.0,0.0,Autumn,No Holiday,Yes
2018-11-14,779,10,9.6,53.0,1.4,1818.0,0.4,1.16,0.0,0.0,Autumn,No Holiday,Yes
2018-11-14,892,11,12.1,49.0,0.8,1827.0,1.6,1.61,0.0,0.0,Autumn,No Holiday,Yes
2018-11-14,963,12,14.2,45.0,0.9,1531.0,2.4,1.86,0.0,0.0,Autumn,No Holiday,Yes
2018-11-14,1028,13,15.7,41.0,2.3,1322.0,2.4,2.01,0.0,0.0,Autumn,No Holiday,Yes
2018-11-14,1001,14,16.1,32.0,1.4,1703.0,-0.6,1.8,0.0,0.0,Autumn,No Holiday,Yes
2018-11-14,1063,15,15.9,30.0,0.7,1823.0,-1.6,1.34,0.0,0.0,Autumn,No Holiday,Yes
2018-11-14,1137,16,15.2,40.0,2.7,1371.0,1.6,0.87,0.0,0.0,Autumn,No Holiday,Yes
2018-11-14,1532,17,13.6,46.0,1.8,1374.0,2.1,0.31,0.0,0.0,Autumn,No Holiday,Yes
2018-11-14,2200,18,12.2,47.0,2.6,1427.0,1.2,0.01,0.0,0.0,Autumn,No Holiday,Yes
2018-11-14,1464,19,11.5,52.0,2.4,1319.0,1.9,0.0,0.0,0.0,Autumn,No Holiday,Yes
2018-11-14,1269,20,10.5,52.0,1.4,1153.0,1.0,0.0,0.0,0.0,Autumn,No Holiday,Yes
2018-11-14,1239,21,9.8,52.0,0.5,1255.0,0.3,0.0,0.0,0.0,Autumn,No Holiday,Yes
2018-11-14,1074,22,8.8,58.0,0.5,1358.0,0.9,0.0,0.0,0.0,Autumn,No Holiday,Yes
2018-11-14,757,23,8.4,65.0,0.8,1216.0,2.1,0.0,0.0,0.0,Autumn,No Holiday,Yes
2018-11-15,610,0,7.7,67.0,0.4,1102.0,1.9,0.0,0.0,0.0,Autumn,No Holiday,Yes
2018-11-15,489,1,7.3,64.0,0.3,1150.0,0.9,0.0,0.0,0.0,Autumn,No Holiday,Yes
2018-11-15,313,2,7.1,68.0,0.6,1082.0,1.5,0.0,0.0,0.0,Autumn,No Holiday,Yes
2018-11-15,219,3,6.5,75.0,1.1,970.0,2.3,0.0,0.0,0.0,Autumn,No Holiday,Yes
2018-11-15,154,4,6.1,72.0,0.5,1052.0,1.4,0.0,0.0,0.0,Autumn,No Holiday,Yes
2018-11-15,172,5,5.3,78.0,1.4,952.0,1.7,0.0,0.0,0.0,Autumn,No Holiday,Yes
2018-11-15,357,6,4.9,76.0,1.1,800.0,1.0,0.0,0.0,0.0,Autumn,No Holiday,Yes
2018-11-15,883,7,4.8,76.0,0.7,762.0,0.9,0.0,0.0,0.0,Autumn,No Holiday,Yes
2018-11-15,1686,8,5.3,75.0,1.0,808.0,1.2,0.1,0.0,0.0,Autumn,No Holiday,Yes
2018-11-15,1300,9,6.8,64.0,1.0,949.0,0.4,0.5,0.0,0.0,Autumn,No Holiday,Yes
2018-11-15,782,10,8.6,57.0,0.6,1102.0,0.5,0.77,0.0,0.0,Autumn,No Holiday,Yes
2018-11-15,770,11,11.1,47.0,1.2,1047.0,0.1,1.48,0.0,0.0,Autumn,No Holiday,Yes
2018-11-15,942,12,13.8,43.0,0.9,987.0,1.4,1.61,0.0,0.0,Autumn,No Holiday,Yes
2018-11-15,883,13,15.1,37.0,1.9,990.0,0.4,1.74,0.0,0.0,Autumn,No Holiday,Yes
2018-11-15,899,14,15.1,33.0,1.5,1045.0,-1.0,1.31,0.0,0.0,Autumn,No Holiday,Yes
2018-11-15,971,15,16.1,30.0,1.0,1125.0,-1.5,1.06,0.0,0.0,Autumn,No Holiday,Yes
2018-11-15,1123,16,15.4,34.0,1.4,1016.0,-0.4,0.68,0.0,0.0,Autumn,No Holiday,Yes
2018-11-15,1416,17,13.7,38.0,1.4,884.0,-0.3,0.29,0.0,0.0,Autumn,No Holiday,Yes
2018-11-15,2034,18,12.1,46.0,1.4,799.0,0.8,0.01,0.0,0.0,Autumn,No Holiday,Yes
2018-11-15,1448,19,11.2,46.0,1.4,869.0,0.0,0.0,0.0,0.0,Autumn,No Holiday,Yes
2018-11-15,1146,20,9.5,49.0,1.3,918.0,-0.7,0.0,0.0,0.0,Autumn,No Holiday,Yes
2018-11-15,1123,21,9.6,52.0,1.3,906.0,0.2,0.0,0.0,0.0,Autumn,No Holiday,Yes
2018-11-15,1061,22,8.7,53.0,0.4,764.0,-0.3,0.0,0.0,0.0,Autumn,No Holiday,Yes
2018-11-15,721,23,8.1,57.0,0.7,752.0,0.0,0.0,0.0,0.0,Autumn,No Holiday,Yes
2018-11-16,683,0,7.8,57.0,0.3,792.0,-0.2,0.0,0.0,0.0,Autumn,No Holiday,Yes
2018-11-16,520,1,7.8,59.0,0.6,768.0,0.2,0.0,0.0,0.0,Autumn,No Holiday,Yes
2018-11-16,376,2,7.7,63.0,1.0,704.0,1.0,0.0,0.0,0.0,Autumn,No Holiday,Yes
2018-11-16,262,3,7.4,63.0,0.6,699.0,0.8,0.0,0.0,0.0,Autumn,No Holiday,Yes
2018-11-16,171,4,7.1,64.0,0.6,663.0,0.7,0.0,0.0,0.0,Autumn,No Holiday,Yes
2018-11-16,151,5,6.9,66.0,0.5,698.0,0.9,0.0,0.0,0.0,Autumn,No Holiday,Yes
2018-11-16,412,6,7.1,65.0,0.5,713.0,0.9,0.0,0.0,0.0,Autumn,No Holiday,Yes
2018-11-16,939,7,6.6,64.0,0.5,701.0,0.2,0.0,0.0,0.0,Autumn,No Holiday,Yes
2018-11-16,1692,8,7.0,64.0,0.8,683.0,0.6,0.03,0.0,0.0,Autumn,No Holiday,Yes
2018-11-16,991,9,8.2,61.0,0.6,586.0,1.1,0.26,0.0,0.0,Autumn,No Holiday,Yes
2018-11-16,699,10,9.4,55.0,0.1,570.0,0.7,0.49,0.0,0.0,Autumn,No Holiday,Yes
2018-11-16,834,11,11.9,44.0,2.1,791.0,0.0,1.22,0.0,0.0,Autumn,No Holiday,Yes
2018-11-16,886,12,13.4,48.0,2.3,962.0,2.5,1.64,0.0,0.0,Autumn,No Holiday,Yes
2018-11-16,920,13,14.4,49.0,3.5,890.0,3.8,1.71,0.0,0.0,Autumn,No Holiday,Yes
2018-11-16,915,14,13.3,53.0,2.6,761.0,3.9,1.34,0.0,0.0,Autumn,No Holiday,Yes
2018-11-16,995,15,13.2,61.0,3.9,719.0,5.8,1.03,0.0,0.0,Autumn,No Holiday,Yes
2018-11-16,1126,16,11.8,66.0,3.0,687.0,5.6,0.44,0.0,0.0,Autumn,No Holiday,Yes
2018-11-16,1346,17,11.0,70.0,2.9,617.0,5.7,0.12,0.0,0.0,Autumn,No Holiday,Yes
2018-11-16,1956,18,9.9,74.0,2.6,492.0,5.4,0.0,0.0,0.0,Autumn,No Holiday,Yes
2018-11-16,1303,19,8.7,78.0,2.5,460.0,5.0,0.0,0.0,0.0,Autumn,No Holiday,Yes
2018-11-16,995,20,7.6,76.0,3.9,603.0,3.6,0.0,0.0,0.0,Autumn,No Holiday,Yes
2018-11-16,907,21,6.8,73.0,2.3,730.0,2.2,0.0,0.0,0.0,Autumn,No Holiday,Yes
2018-11-16,894,22,6.2,72.0,1.4,848.0,1.5,0.0,0.0,0.0,Autumn,No Holiday,Yes
2018-11-16,687,23,5.0,75.0,1.1,835.0,0.9,0.0,0.0,0.0,Autumn,No Holiday,Yes
2018-11-17,626,0,4.2,76.0,2.1,870.0,0.3,0.0,0.0,0.0,Autumn,No Holiday,Yes
2018-11-17,597,1,3.4,76.0,0.5,909.0,-0.4,0.0,0.0,0.0,Autumn,No Holiday,Yes
2018-11-17,456,2,2.9,77.0,1.8,853.0,-0.7,0.0,0.0,0.0,Autumn,No Holiday,Yes
2018-11-17,288,3,2.5,77.0,2.3,992.0,-1.1,0.0,0.0,0.0,Autumn,No Holiday,Yes
2018-11-17,195,4,1.7,74.0,1.7,1226.0,-2.4,0.0,0.0,0.0,Autumn,No Holiday,Yes
2018-11-17,129,5,1.1,75.0,0.6,1270.0,-2.8,0.0,0.0,0.0,Autumn,No Holiday,Yes
2018-11-17,151,6,1.0,77.0,0.6,1259.0,-2.5,0.0,0.0,0.0,Autumn,No Holiday,Yes
2018-11-17,315,7,0.8,77.0,0.9,1300.0,-2.7,0.0,0.0,0.0,Autumn,No Holiday,Yes
2018-11-17,530,8,0.7,72.0,1.0,1397.0,-3.7,0.05,0.0,0.0,Autumn,No Holiday,Yes
2018-11-17,644,9,2.2,53.0,0.5,1595.0,-6.4,0.62,0.0,0.0,Autumn,No Holiday,Yes
2018-11-17,733,10,4.7,47.0,1.2,1788.0,-5.6,1.22,0.0,0.0,Autumn,No Holiday,Yes
2018-11-17,830,11,7.8,38.0,0.8,1369.0,-5.6,1.65,0.0,0.0,Autumn,No Holiday,Yes
2018-11-17,994,12,9.1,34.0,1.0,1802.0,-5.9,1.95,0.0,0.0,Autumn,No Holiday,Yes
2018-11-17,1037,13,10.9,32.0,2.1,1581.0,-5.1,1.85,0.0,0.0,Autumn,No Holiday,Yes
2018-11-17,969,14,9.7,34.0,1.9,1786.0,-5.4,0.8,0.0,0.0,Autumn,No Holiday,Yes
2018-11-17,1018,15,8.9,34.0,2.9,1787.0,-6.1,0.52,0.0,0.0,Autumn,No Holiday,Yes
2018-11-17,974,16,8.3,35.0,2.1,1987.0,-6.2,0.37,0.0,0.0,Autumn,No Holiday,Yes
2018-11-17,1031,17,7.7,34.0,2.6,2000.0,-7.2,0.13,0.0,0.0,Autumn,No Holiday,Yes
2018-11-17,877,18,7.1,40.0,0.6,1995.0,-5.6,0.01,0.0,0.0,Autumn,No Holiday,Yes
2018-11-17,735,19,6.0,44.0,0.8,1758.0,-5.3,0.0,0.0,0.0,Autumn,No Holiday,Yes
2018-11-17,644,20,5.4,43.0,2.7,1913.0,-6.2,0.0,0.0,0.0,Autumn,No Holiday,Yes
2018-11-17,685,21,5.0,42.0,1.5,1927.0,-6.8,0.0,0.0,0.0,Autumn,No Holiday,Yes
2018-11-17,655,22,4.4,43.0,1.1,2000.0,-7.1,0.0,0.0,0.0,Autumn,No Holiday,Yes
2018-11-17,576,23,4.1,46.0,1.8,2000.0,-6.5,0.0,0.0,0.0,Autumn,No Holiday,Yes
2018-11-18,592,0,3.6,49.0,0.8,1990.0,-6.1,0.0,0.0,0.0,Autumn,No Holiday,Yes
2018-11-18,443,1,3.2,54.0,1.2,1968.0,-5.2,0.0,0.0,0.0,Autumn,No Holiday,Yes
2018-11-18,335,2,2.9,49.0,2.0,1989.0,-6.7,0.0,0.0,0.0,Autumn,No Holiday,Yes
2018-11-18,258,3,2.5,49.0,0.2,2000.0,-7.1,0.0,0.0,0.0,Autumn,No Holiday,Yes
2018-11-18,165,4,2.5,49.0,0.4,1988.0,-7.1,0.0,0.0,0.0,Autumn,No Holiday,Yes
2018-11-18,92,5,2.3,53.0,0.6,1763.0,-6.3,0.0,0.0,0.0,Autumn,No Holiday,Yes
2018-11-18,114,6,1.9,53.0,0.4,1813.0,-6.6,0.0,0.0,0.0,Autumn,No Holiday,Yes
2018-11-18,191,7,2.1,56.0,0.7,1477.0,-5.7,0.0,0.0,0.0,Autumn,No Holiday,Yes
2018-11-18,371,8,2.6,53.0,0.7,1548.0,-6.0,0.03,0.0,0.0,Autumn,No Holiday,Yes
2018-11-18,457,9,3.5,53.0,1.0,1338.0,-5.2,0.22,0.0,0.0,Autumn,No Holiday,Yes
2018-11-18,583,10,4.8,40.0,1.1,1676.0,-7.6,0.59,0.0,0.0,Autumn,No Holiday,Yes
2018-11-18,645,11,7.6,35.0,0.8,1695.0,-6.9,1.25,0.0,0.0,Autumn,No Holiday,Yes
2018-11-18,776,12,9.2,47.0,2.5,1910.0,-1.5,1.37,0.0,0.0,Autumn,No Holiday,Yes
2018-11-18,905,13,9.9,37.0,2.1,1900.0,-4.1,1.32,0.0,0.0,Autumn,No Holiday,Yes
2018-11-18,1054,14,10.1,37.0,2.4,1723.0,-3.9,1.24,0.0,0.0,Autumn,No Holiday,Yes
2018-11-18,1047,15,9.6,34.0,1.6,1806.0,-5.5,0.73,0.0,0.0,Autumn,No Holiday,Yes
2018-11-18,1026,16,9.4,39.0,1.8,1704.0,-3.8,0.56,0.0,0.0,Autumn,No Holiday,Yes
2018-11-18,1039,17,8.7,42.0,1.7,1576.0,-3.5,0.18,0.0,0.0,Autumn,No Holiday,Yes
2018-11-18,902,18,8.4,46.0,2.4,1823.0,-2.5,0.0,0.0,0.0,Autumn,No Holiday,Yes
2018-11-18,759,19,7.9,45.0,1.0,1602.0,-3.3,0.0,0.0,0.0,Autumn,No Holiday,Yes
2018-11-18,719,20,7.4,50.0,0.7,1499.0,-2.3,0.0,0.0,0.0,Autumn,No Holiday,Yes
2018-11-18,682,21,7.1,52.0,0.8,1516.0,-2.1,0.0,0.0,0.0,Autumn,No Holiday,Yes
2018-11-18,632,22,6.8,53.0,0.4,1498.0,-2.1,0.0,0.0,0.0,Autumn,No Holiday,Yes
2018-11-18,532,23,7.0,55.0,0.2,1501.0,-1.4,0.0,0.0,0.0,Autumn,No Holiday,Yes
2018-11-19,457,0,6.8,56.0,0.7,1505.0,-1.3,0.0,0.0,0.0,Autumn,No Holiday,Yes
2018-11-19,277,1,5.9,60.0,0.5,1332.0,-1.2,0.0,0.0,0.0,Autumn,No Holiday,Yes
2018-11-19,190,2,5.4,65.0,0.7,1230.0,-0.6,0.0,0.0,0.0,Autumn,No Holiday,Yes
2018-11-19,133,3,4.8,65.0,0.8,1179.0,-1.2,0.0,0.0,0.0,Autumn,No Holiday,Yes
2018-11-19,88,4,4.5,67.0,0.9,1175.0,-1.1,0.0,0.0,0.0,Autumn,No Holiday,Yes
2018-11-19,167,5,4.1,70.0,1.0,1100.0,-0.8,0.0,0.0,0.0,Autumn,No Holiday,Yes
2018-11-19,418,6,3.8,71.0,0.7,1071.0,-0.9,0.0,0.0,0.0,Autumn,No Holiday,Yes
2018-11-19,991,7,3.4,73.0,1.1,1012.0,-0.9,0.0,0.0,0.0,Autumn,No Holiday,Yes
2018-11-19,1751,8,3.5,71.0,0.8,958.0,-1.2,0.06,0.0,0.0,Autumn,No Holiday,Yes
2018-11-19,889,9,4.6,60.0,0.8,967.0,-2.5,0.46,0.0,0.0,Autumn,No Holiday,Yes
2018-11-19,651,10,7.5,53.0,0.8,909.0,-1.4,1.0,0.0,0.0,Autumn,No Holiday,Yes
2018-11-19,745,11,9.8,51.0,0.5,781.0,0.1,1.42,0.0,0.0,Autumn,No Holiday,Yes
2018-11-19,785,12,10.3,38.0,1.2,1130.0,-3.4,1.08,0.0,0.0,Autumn,No Holiday,Yes
2018-11-19,785,13,10.8,44.0,2.0,935.0,-0.9,1.01,0.0,0.0,Autumn,No Holiday,Yes
2018-11-19,793,14,10.6,34.0,2.8,920.0,-4.6,1.07,0.0,0.0,Autumn,No Holiday,Yes
2018-11-19,839,15,11.1,35.0,1.9,861.0,-3.8,1.11,0.0,0.0,Autumn,No Holiday,Yes
2018-11-19,968,16,9.7,43.0,2.7,1012.0,-2.2,0.37,0.0,0.0,Autumn,No Holiday,Yes
2018-11-19,1233,17,8.7,48.0,1.7,965.0,-1.7,0.25,0.0,0.0,Autumn,No Holiday,Yes
2018-11-19,1904,18,7.5,48.0,2.4,1079.0,-2.8,0.0,0.0,0.0,Autumn,No Holiday,Yes
2018-11-19,1304,19,6.8,52.0,0.8,960.0,-2.3,0.0,0.0,0.0,Autumn,No Holiday,Yes
2018-11-19,1030,20,6.0,50.0,1.5,931.0,-3.6,0.0,0.0,0.0,Autumn,No Holiday,Yes
2018-11-19,1019,21,5.8,44.0,2.2,1205.0,-5.5,0.0,0.0,0.0,Autumn,No Holiday,Yes
2018-11-19,910,22,5.3,39.0,2.3,1512.0,-7.5,0.0,0.0,0.0,Autumn,No Holiday,Yes
2018-11-19,629,23,4.2,42.0,2.2,1360.0,-7.6,0.0,0.0,0.0,Autumn,No Holiday,Yes
2018-11-20,478,0,3.8,42.0,1.7,1458.0,-7.9,0.0,0.0,0.0,Autumn,No Holiday,Yes
2018-11-20,422,1,2.9,43.0,1.0,1750.0,-8.4,0.0,0.0,0.0,Autumn,No Holiday,Yes
2018-11-20,286,2,2.6,46.0,1.5,1811.0,-7.8,0.0,0.0,0.0,Autumn,No Holiday,Yes
2018-11-20,202,3,1.6,43.0,1.1,1981.0,-9.6,0.0,0.0,0.0,Autumn,No Holiday,Yes
2018-11-20,119,4,1.3,48.0,0.5,2000.0,-8.5,0.0,0.0,0.0,Autumn,No Holiday,Yes
2018-11-20,141,5,0.7,49.0,0.4,1998.0,-8.8,0.0,0.0,0.0,Autumn,No Holiday,Yes
2018-11-20,369,6,0.7,50.0,1.0,2000.0,-8.5,0.0,0.0,0.0,Autumn,No Holiday,Yes
2018-11-20,934,7,0.5,53.0,1.1,2000.0,-7.9,0.0,0.0,0.0,Autumn,No Holiday,Yes
2018-11-20,1818,8,0.3,53.0,0.9,1971.0,-8.1,0.05,0.0,0.0,Autumn,No Holiday,Yes
2018-11-20,955,9,2.3,43.0,1.2,1892.0,-9.0,0.52,0.0,0.0,Autumn,No Holiday,Yes
2018-11-20,659,10,5.1,33.0,1.4,1842.0,-9.8,1.1,0.0,0.0,Autumn,No Holiday,Yes
2018-11-20,699,11,7.5,29.0,1.3,1926.0,-9.4,1.55,0.0,0.0,Autumn,No Holiday,Yes
2018-11-20,788,12,10.1,23.0,1.8,1745.0,-10.1,1.82,0.0,0.0,Autumn,No Holiday,Yes
2018-11-20,798,13,11.6,20.0,1.3,1821.0,-10.6,1.87,0.0,0.0,Autumn,No Holiday,Yes
2018-11-20,790,14,12.3,16.0,2.5,1797.0,-12.8,1.69,0.0,0.0,Autumn,No Holiday,Yes
2018-11-20,861,15,11.9,18.0,3.3,1848.0,-11.7,1.32,0.0,0.0,Autumn,No Holiday,Yes
2018-11-20,967,16,11.3,21.0,2.8,1925.0,-10.2,0.82,0.0,0.0,Autumn,No Holiday,Yes
2018-11-20,1269,17,9.8,28.0,2.4,1983.0,-7.8,0.29,0.0,0.0,Autumn,No Holiday,Yes
2018-11-20,1857,18,9.1,31.0,2.0,1932.0,-7.1,0.0,0.0,0.0,Autumn,No Holiday,Yes
2018-11-20,1317,19,8.7,34.0,2.2,1857.0,-6.3,0.0,0.0,0.0,Autumn,No Holiday,Yes
2018-11-20,1078,20,8.5,32.0,2.6,1789.0,-7.2,0.0,0.0,0.0,Autumn,No Holiday,Yes
2018-11-20,1020,21,8.8,37.0,3.8,1750.0,-5.1,0.0,0.0,0.0,Autumn,No Holiday,Yes
2018-11-20,922,22,8.9,40.0,3.4,1810.0,-3.9,0.0,0.0,0.0,Autumn,No Holiday,Yes
2018-11-20,378,23,9.3,43.0,3.5,1807.0,-2.6,0.0,0.0,0.0,Autumn,No Holiday,Yes
2018-11-21,119,0,7.2,74.0,1.2,772.0,2.8,0.0,0.2,0.0,Autumn,No Holiday,Yes
2018-11-21,159,1,6.9,86.0,0.7,533.0,4.7,0.0,0.0,0.0,Autumn,No Holiday,Yes
2018-11-21,129,2,6.9,87.0,0.7,822.0,4.8,0.0,0.0,0.0,Autumn,No Holiday,Yes
2018-11-21,112,3,6.5,87.0,1.0,710.0,4.4,0.0,1.0,0.0,Autumn,No Holiday,Yes
2018-11-21,97,4,6.7,87.0,1.2,580.0,4.6,0.0,0.0,0.0,Autumn,No Holiday,Yes
2018-11-21,118,5,6.8,86.0,0.5,692.0,4.6,0.0,0.0,0.0,Autumn,No Holiday,Yes
2018-11-21,299,6,6.7,86.0,0.3,593.0,4.5,0.0,0.0,0.0,Autumn,No Holiday,Yes
2018-11-21,788,7,6.5,85.0,0.8,536.0,4.1,0.0,0.0,0.0,Autumn,No Holiday,Yes
2018-11-21,1622,8,6.4,86.0,0.9,450.0,4.2,0.03,0.0,0.0,Autumn,No Holiday,Yes
2018-11-21,867,9,6.4,53.0,0.7,1486.0,-2.5,0.21,0.0,0.0,Autumn,No Holiday,Yes
2018-11-21,611,10,6.9,39.0,0.5,1977.0,-6.1,0.36,0.0,0.0,Autumn,No Holiday,Yes
2018-11-21,649,11,7.4,30.0,1.4,2000.0,-9.0,0.44,0.0,0.0,Autumn,No Holiday,Yes
2018-11-21,697,12,7.7,34.0,0.6,1969.0,-7.2,0.49,0.0,0.0,Autumn,No Holiday,Yes
2018-11-21,623,13,8.0,35.0,1.3,1895.0,-6.5,0.5,0.0,0.0,Autumn,No Holiday,Yes
2018-11-21,474,14,6.7,47.0,2.4,2000.0,-3.8,0.42,0.0,0.0,Autumn,No Holiday,Yes
2018-11-21,550,15,5.7,53.0,2.0,2000.0,-3.1,0.22,0.0,0.0,Autumn,No Holiday,Yes
2018-11-21,755,16,6.1,53.0,0.5,2000.0,-2.7,0.21,0.0,0.0,Autumn,No Holiday,Yes
2018-11-21,1101,17,5.7,61.0,2.2,1987.0,-1.2,0.07,0.0,0.0,Autumn,No Holiday,Yes
2018-11-21,1679,18,5.4,58.0,0.2,2000.0,-2.2,0.0,0.0,0.0,Autumn,No Holiday,Yes
2018-11-21,1113,19,5.1,50.0,0.7,2000.0,-4.4,0.0,0.0,0.0,Autumn,No Holiday,Yes
2018-11-21,936,20,5.1,43.0,0.7,1928.0,-6.4,0.0,0.0,0.0,Autumn,No Holiday,Yes
2018-11-21,838,21,4.6,44.0,1.1,1859.0,-6.6,0.0,0.0,0.0,Autumn,No Holiday,Yes
2018-11-21,825,22,4.6,48.0,2.2,1782.0,-5.4,0.0,0.0,0.0,Autumn,No Holiday,Yes
2018-11-21,571,23,3.9,46.0,2.0,1904.0,-6.6,0.0,0.0,0.0,Autumn,No Holiday,Yes
2018-11-22,443,0,3.1,42.0,3.4,1995.0,-8.5,0.0,0.0,0.0,Autumn,No Holiday,Yes
2018-11-22,382,1,2.1,39.0,3.2,1299.0,-10.4,0.0,0.0,0.0,Autumn,No Holiday,Yes
2018-11-22,271,2,1.3,44.0,1.9,2000.0,-9.6,0.0,0.0,0.0,Autumn,No Holiday,Yes
2018-11-22,164,3,0.6,42.0,1.1,2000.0,-10.8,0.0,0.0,0.0,Autumn,No Holiday,Yes
2018-11-22,121,4,0.5,39.0,1.6,2000.0,-11.8,0.0,0.0,0.0,Autumn,No Holiday,Yes
2018-11-22,133,5,-0.4,39.0,0.8,2000.0,-12.6,0.0,0.0,0.0,Autumn,No Holiday,Yes
2018-11-22,332,6,-1.0,41.0,0.7,2000.0,-12.6,0.0,0.0,0.0,Autumn,No Holiday,Yes
2018-11-22,848,7,-1.0,43.0,1.8,2000.0,-12.0,0.0,0.0,0.0,Autumn,No Holiday,Yes
2018-11-22,1671,8,-1.2,33.0,0.5,2000.0,-15.4,0.04,0.0,0.0,Autumn,No Holiday,Yes
2018-11-22,883,9,0.2,28.0,1.9,1932.0,-16.2,0.57,0.0,0.0,Autumn,No Holiday,Yes
2018-11-22,603,10,2.9,22.0,2.0,1989.0,-16.7,1.18,0.0,0.0,Autumn,No Holiday,Yes
2018-11-22,644,11,5.1,21.0,3.2,1965.0,-15.4,1.63,0.0,0.0,Autumn,No Holiday,Yes
2018-11-22,717,12,5.9,23.0,2.8,1985.0,-13.7,1.88,0.0,0.0,Autumn,No Holiday,Yes
2018-11-22,678,13,6.5,26.0,2.4,1974.0,-11.6,1.84,0.0,0.0,Autumn,No Holiday,Yes
2018-11-22,692,14,6.7,27.0,3.1,1976.0,-11.0,1.66,0.0,0.0,Autumn,No Holiday,Yes
2018-11-22,716,15,6.9,31.0,2.9,1982.0,-9.1,1.21,0.0,0.0,Autumn,No Holiday,Yes
2018-11-22,759,16,5.9,34.0,2.9,1985.0,-8.7,0.55,0.0,0.0,Autumn,No Holiday,Yes
2018-11-22,1101,17,4.9,41.0,3.3,1985.0,-7.2,0.25,0.0,0.0,Autumn,No Holiday,Yes
2018-11-22,1591,18,4.1,46.0,2.7,2000.0,-6.5,0.01,0.0,0.0,Autumn,No Holiday,Yes
2018-11-22,1032,19,3.6,48.0,2.6,2000.0,-6.4,0.0,0.0,0.0,Autumn,No Holiday,Yes
2018-11-22,777,20,3.1,42.0,2.4,2000.0,-8.5,0.0,0.0,0.0,Autumn,No Holiday,Yes
2018-11-22,759,21,2.2,28.0,3.2,2000.0,-14.4,0.0,0.0,0.0,Autumn,No Holiday,Yes
2018-11-22,691,22,1.1,33.0,2.5,2000.0,-13.4,0.0,0.0,0.0,Autumn,No Holiday,Yes
2018-11-22,488,23,0.4,37.0,2.9,2000.0,-12.6,0.0,0.0,0.0,Autumn,No Holiday,Yes
2018-11-23,470,0,-0.3,41.0,3.1,2000.0,-11.9,0.0,0.0,0.0,Autumn,No Holiday,Yes
2018-11-23,401,1,-0.6,44.0,2.3,2000.0,-11.3,0.0,0.0,0.0,Autumn,No Holiday,Yes
2018-11-23,279,2,-1.0,43.0,3.1,2000.0,-12.0,0.0,0.0,0.0,Autumn,No Holiday,Yes
2018-11-23,191,3,-1.2,45.0,1.1,2000.0,-11.6,0.0,0.0,0.0,Autumn,No Holiday,Yes
2018-11-23,109,4,-2.0,42.0,0.7,2000.0,-13.2,0.0,0.0,0.0,Autumn,No Holiday,Yes
2018-11-23,129,5,-2.4,37.0,0.5,2000.0,-15.1,0.0,0.0,0.0,Autumn,No Holiday,Yes
2018-11-23,339,6,-2.6,40.0,1.4,2000.0,-14.3,0.0,0.0,0.0,Autumn,No Holiday,Yes
2018-11-23,727,7,-2.8,42.0,1.3,2000.0,-13.9,0.0,0.0,0.0,Autumn,No Holiday,Yes
2018-11-23,1516,8,-3.0,43.0,1.1,2000.0,-13.8,0.03,0.0,0.0,Autumn,No Holiday,Yes
2018-11-23,800,9,-1.5,33.0,0.9,1962.0,-15.7,0.57,0.0,0.0,Autumn,No Holiday,Yes
2018-11-23,582,10,1.3,27.0,0.9,1856.0,-15.6,1.13,0.0,0.0,Autumn,No Holiday,Yes
2018-11-23,635,11,4.3,25.0,2.0,1958.0,-14.0,1.56,0.0,0.0,Autumn,No Holiday,Yes
2018-11-23,664,12,5.5,20.0,1.4,1992.0,-15.7,1.85,0.0,0.0,Autumn,No Holiday,Yes
2018-11-23,731,13,6.5,18.0,2.2,1984.0,-16.1,1.94,0.0,0.0,Autumn,No Holiday,Yes
2018-11-23,719,14,6.3,16.0,2.9,2000.0,-17.7,1.67,0.0,0.0,Autumn,No Holiday,Yes
2018-11-23,752,15,6.4,16.0,2.0,2000.0,-17.6,1.01,0.0,0.0,Autumn,No Holiday,Yes
2018-11-23,891,16,6.3,17.0,1.5,2000.0,-17.0,0.73,0.0,0.0,Autumn,No Holiday,Yes
2018-11-23,1101,17,5.4,19.0,0.5,2000.0,-16.4,0.27,0.0,0.0,Autumn,No Holiday,Yes
2018-11-23,1548,18,3.9,23.0,1.0,2000.0,-15.4,0.0,0.0,0.0,Autumn,No Holiday,Yes
2018-11-23,1007,19,2.9,26.0,1.1,2000.0,-14.7,0.0,0.0,0.0,Autumn,No Holiday,Yes
2018-11-23,767,20,2.7,27.0,1.2,2000.0,-14.4,0.0,0.0,0.0,Autumn,No Holiday,Yes
2018-11-23,679,21,2.2,28.0,0.8,2000.0,-14.4,0.0,0.0,0.0,Autumn,No Holiday,Yes
2018-11-23,729,22,2.0,30.0,1.3,1995.0,-13.8,0.0,0.0,0.0,Autumn,No Holiday,Yes
2018-11-23,548,23,2.1,32.0,1.5,1998.0,-12.9,0.0,0.0,0.0,Autumn,No Holiday,Yes
2018-11-24,499,0,2.4,32.0,1.7,2000.0,-12.6,0.0,0.0,0.0,Autumn,No Holiday,Yes
2018-11-24,507,1,2.4,30.0,1.3,2000.0,-13.4,0.0,0.0,0.0,Autumn,No Holiday,Yes
2018-11-24,335,2,2.5,29.0,1.8,2000.0,-13.7,0.0,0.0,0.0,Autumn,No Holiday,Yes
2018-11-24,272,3,2.8,28.0,1.6,2000.0,-13.9,0.0,0.0,0.0,Autumn,No Holiday,Yes
2018-11-24,151,4,3.0,26.0,1.6,2000.0,-14.6,0.0,0.0,0.0,Autumn,No Holiday,Yes
2018-11-24,95,5,3.2,27.0,1.6,2000.0,-14.0,0.0,0.0,0.0,Autumn,No Holiday,Yes
2018-11-24,79,6,3.7,25.0,2.3,2000.0,-14.5,0.0,0.0,0.0,Autumn,No Holiday,Yes
2018-11-24,30,7,1.2,87.0,1.9,77.0,-0.7,0.0,0.0,1.3,Autumn,No Holiday,Yes
2018-11-24,33,8,0.4,96.0,3.1,33.0,-0.1,0.0,0.0,4.0,Autumn,No Holiday,Yes
2018-11-24,24,9,0.3,97.0,3.0,34.0,-0.1,0.0,9.1,7.1,Autumn,No Holiday,Yes
2018-11-24,62,10,0.4,97.0,1.8,207.0,0.0,0.0,0.0,8.8,Autumn,No Holiday,Yes
2018-11-24,114,11,1.2,97.0,2.3,975.0,0.7,0.07,0.0,8.8,Autumn,No Holiday,Yes
2018-11-24,167,12,2.5,84.0,1.9,1538.0,0.0,0.4,1.8,7.0,Autumn,No Holiday,Yes
2018-11-24,241,13,2.6,83.0,1.9,1774.0,0.0,0.84,0.0,6.0,Autumn,No Holiday,Yes
2018-11-24,298,14,3.0,82.0,1.7,1589.0,0.2,0.55,0.0,5.0,Autumn,No Holiday,Yes
2018-11-24,330,15,3.7,78.0,2.0,1314.0,0.2,0.81,0.0,4.1,Autumn,No Holiday,Yes
2018-11-24,436,16,3.5,82.0,1.6,1092.0,0.7,0.51,0.0,3.6,Autumn,No Holiday,Yes
2018-11-24,435,17,2.9,85.0,1.6,1000.0,0.6,0.2,0.0,3.5,Autumn,No Holiday,Yes
2018-11-24,426,18,2.6,86.0,1.1,834.0,0.4,0.0,0.0,3.5,Autumn,No Holiday,Yes
2018-11-24,420,19,2.6,85.0,1.2,797.0,0.3,0.0,0.0,3.3,Autumn,No Holiday,Yes
2018-11-24,349,20,2.6,86.0,1.7,676.0,0.4,0.0,0.0,3.3,Autumn,No Holiday,Yes
2018-11-24,392,21,2.6,85.0,1.1,674.0,0.3,0.0,0.0,3.2,Autumn,No Holiday,Yes
2018-11-24,396,22,2.7,85.0,1.1,580.0,0.4,0.0,0.0,3.2,Autumn,No Holiday,Yes
2018-11-24,386,23,2.8,86.0,1.2,476.0,0.6,0.0,0.0,3.0,Autumn,No Holiday,Yes
2018-11-25,420,0,2.7,86.0,1.2,422.0,0.5,0.0,0.0,3.0,Autumn,No Holiday,Yes
2018-11-25,370,1,2.7,86.0,1.0,460.0,0.5,0.0,0.0,2.9,Autumn,No Holiday,Yes
2018-11-25,285,2,2.8,86.0,0.8,402.0,0.6,0.0,0.0,2.9,Autumn,No Holiday,Yes
2018-11-25,184,3,2.6,88.0,0.9,319.0,0.8,0.0,0.0,2.8,Autumn,No Holiday,Yes
2018-11-25,138,4,2.4,89.0,0.7,321.0,0.7,0.0,0.0,2.6,Autumn,No Holiday,Yes
2018-11-25,88,5,2.1,94.0,0.4,248.0,1.2,0.0,0.0,2.5,Autumn,No Holiday,Yes
2018-11-25,75,6,1.7,95.0,0.7,220.0,0.9,0.0,0.0,2.5,Autumn,No Holiday,Yes
2018-11-25,142,7,1.3,96.0,0.9,198.0,0.7,0.0,0.0,2.5,Autumn,No Holiday,Yes
2018-11-25,250,8,1.4,96.0,1.0,212.0,0.8,0.04,0.0,2.5,Autumn,No Holiday,Yes
2018-11-25,355,9,2.3,88.0,1.1,286.0,0.5,0.41,0.0,2.5,Autumn,No Holiday,Yes
2018-11-25,430,10,4.0,76.0,1.3,404.0,0.1,0.93,0.0,2.4,Autumn,No Holiday,Yes
2018-11-25,522,11,6.0,66.0,0.9,573.0,0.1,1.37,0.0,2.3,Autumn,No Holiday,Yes
2018-11-25,700,12,6.9,59.0,0.9,669.0,-0.5,1.31,0.0,2.2,Autumn,No Holiday,Yes
2018-11-25,675,13,8.8,53.0,1.5,778.0,-0.2,1.43,0.0,1.8,Autumn,No Holiday,Yes
2018-11-25,777,14,9.2,52.0,1.3,765.0,-0.1,1.01,0.0,1.3,Autumn,No Holiday,Yes
2018-11-25,846,15,9.5,54.0,1.3,675.0,0.6,0.76,0.0,1.1,Autumn,No Holiday,Yes
2018-11-25,872,16,9.5,56.0,1.1,678.0,1.1,0.54,0.0,0.8,Autumn,No Holiday,Yes
2018-11-25,813,17,9.0,59.0,0.7,677.0,1.4,0.1,0.0,0.4,Autumn,No Holiday,Yes
2018-11-25,663,18,7.3,72.0,0.7,530.0,2.5,0.0,0.0,0.4,Autumn,No Holiday,Yes
2018-11-25,616,19,6.3,73.0,1.1,524.0,1.8,0.0,0.0,0.4,Autumn,No Holiday,Yes
2018-11-25,570,20,5.5,77.0,0.7,490.0,1.7,0.0,0.0,0.4,Autumn,No Holiday,Yes
2018-11-25,546,21,4.7,81.0,1.0,437.0,1.7,0.0,0.0,0.4,Autumn,No Holiday,Yes
2018-11-25,496,22,4.2,82.0,0.9,405.0,1.3,0.0,0.0,0.4,Autumn,No Holiday,Yes
2018-11-25,379,23,3.8,83.0,1.1,390.0,1.1,0.0,0.0,0.4,Autumn,No Holiday,Yes
2018-11-26,387,0,3.3,85.0,1.1,351.0,1.0,0.0,0.0,0.3,Autumn,No Holiday,Yes
2018-11-26,214,1,3.1,84.0,1.0,365.0,0.6,0.0,0.0,0.3,Autumn,No Holiday,Yes
2018-11-26,175,2,2.8,87.0,1.1,321.0,0.8,0.0,0.0,0.3,Autumn,No Holiday,Yes
2018-11-26,119,3,2.4,90.0,1.0,269.0,0.9,0.0,0.0,0.3,Autumn,No Holiday,Yes
2018-11-26,99,4,2.2,93.0,1.1,265.0,1.1,0.0,0.0,0.3,Autumn,No Holiday,Yes
2018-11-26,115,5,2.1,88.0,1.4,323.0,0.3,0.0,0.0,0.3,Autumn,No Holiday,Yes
2018-11-26,339,6,1.8,88.0,1.1,313.0,0.0,0.0,0.0,0.3,Autumn,No Holiday,Yes
2018-11-26,819,7,1.7,89.0,1.3,295.0,0.0,0.0,0.0,0.3,Autumn,No Holiday,Yes
2018-11-26,1524,8,2.0,84.0,1.1,396.0,-0.4,0.03,0.0,0.3,Autumn,No Holiday,Yes
2018-11-26,795,9,3.1,77.0,0.9,457.0,-0.5,0.4,0.0,0.2,Autumn,No Holiday,Yes
2018-11-26,586,10,5.1,70.0,1.2,498.0,0.0,0.93,0.0,0.0,Autumn,No Holiday,Yes
2018-11-26,643,11,7.2,66.0,1.5,542.0,1.2,1.41,0.0,0.0,Autumn,No Holiday,Yes
2018-11-26,752,12,9.1,57.0,1.1,562.0,1.0,1.69,0.0,0.0,Autumn,No Holiday,Yes
2018-11-26,718,13,11.7,50.0,1.4,609.0,1.6,1.74,0.0,0.0,Autumn,No Holiday,Yes
2018-11-26,796,14,12.8,47.0,1.2,648.0,1.7,1.59,0.0,0.0,Autumn,No Holiday,Yes
2018-11-26,794,15,13.2,43.0,1.1,714.0,0.8,1.26,0.0,0.0,Autumn,No Holiday,Yes
2018-11-26,935,16,13.2,44.0,1.6,710.0,1.1,0.76,0.0,0.0,Autumn,No Holiday,Yes
2018-11-26,1156,17,11.4,48.0,0.4,706.0,0.7,0.24,0.0,0.0,Autumn,No Holiday,Yes
2018-11-26,1708,18,9.5,56.0,0.5,628.0,1.1,0.0,0.0,0.0,Autumn,No Holiday,Yes
2018-11-26,1181,19,8.4,61.0,0.3,573.0,1.3,0.0,0.0,0.0,Autumn,No Holiday,Yes
2018-11-26,943,20,7.3,66.0,0.5,516.0,1.3,0.0,0.0,0.0,Autumn,No Holiday,Yes
2018-11-26,955,21,6.7,71.0,0.9,461.0,1.8,0.0,0.0,0.0,Autumn,No Holiday,Yes
2018-11-26,846,22,6.2,70.0,0.4,474.0,1.1,0.0,0.0,0.0,Autumn,No Holiday,Yes
2018-11-26,563,23,5.4,78.0,1.5,404.0,1.8,0.0,0.0,0.0,Autumn,No Holiday,Yes
2018-11-27,496,0,4.9,79.0,0.5,391.0,1.5,0.0,0.0,0.0,Autumn,No Holiday,Yes
2018-11-27,408,1,4.5,82.0,0.4,350.0,1.6,0.0,0.0,0.0,Autumn,No Holiday,Yes
2018-11-27,299,2,3.9,85.0,0.8,299.0,1.6,0.0,0.0,0.0,Autumn,No Holiday,Yes
2018-11-27,183,3,3.5,86.0,1.4,281.0,1.3,0.0,0.0,0.0,Autumn,No Holiday,Yes
2018-11-27,95,4,3.1,88.0,1.0,270.0,1.2,0.0,0.0,0.0,Autumn,No Holiday,Yes
2018-11-27,140,5,3.6,84.0,0.6,315.0,1.1,0.0,0.0,0.0,Autumn,No Holiday,Yes
2018-11-27,317,6,3.8,83.0,0.7,337.0,1.1,0.0,0.0,0.0,Autumn,No Holiday,Yes
2018-11-27,815,7,3.6,83.0,0.9,350.0,0.9,0.0,0.0,0.0,Autumn,No Holiday,Yes
2018-11-27,1577,8,4.2,78.0,1.2,362.0,0.6,0.02,0.0,0.0,Autumn,No Holiday,Yes
2018-11-27,800,9,5.0,75.0,0.3,390.0,0.9,0.12,0.0,0.0,Autumn,No Holiday,Yes
2018-11-27,616,10,6.4,71.0,1.0,385.0,1.5,0.37,0.0,0.0,Autumn,No Holiday,Yes
2018-11-27,623,11,7.9,64.0,1.2,383.0,1.4,0.87,0.0,0.0,Autumn,No Holiday,Yes
2018-11-27,672,12,9.3,61.0,1.5,390.0,2.1,0.85,0.0,0.0,Autumn,No Holiday,Yes
2018-11-27,671,13,11.0,60.0,0.9,411.0,3.5,0.85,0.0,0.0,Autumn,No Holiday,Yes
2018-11-27,600,14,11.6,70.0,1.5,388.0,6.3,0.45,0.0,0.0,Autumn,No Holiday,Yes
2018-11-27,666,15,12.5,70.0,2.1,360.0,7.1,0.68,0.0,0.0,Autumn,No Holiday,Yes
2018-11-27,775,16,12.0,74.0,2.1,316.0,7.5,0.29,0.0,0.0,Autumn,No Holiday,Yes
2018-11-27,1033,17,11.1,72.0,2.3,277.0,6.2,0.12,0.0,0.0,Autumn,No Holiday,Yes
2018-11-27,1538,18,10.2,74.0,1.2,289.0,5.7,0.0,0.0,0.0,Autumn,No Holiday,Yes
2018-11-27,1023,19,9.3,52.0,2.7,482.0,0.0,0.0,0.0,0.0,Autumn,No Holiday,Yes
2018-11-27,825,20,8.3,39.0,1.6,560.0,-4.8,0.0,0.0,0.0,Autumn,No Holiday,Yes
2018-11-27,777,21,7.5,35.0,1.8,656.0,-7.0,0.0,0.0,0.0,Autumn,No Holiday,Yes
2018-11-27,740,22,6.6,33.0,2.1,722.0,-8.5,0.0,0.0,0.0,Autumn,No Holiday,Yes
2018-11-27,593,23,5.8,34.0,2.6,763.0,-8.8,0.0,0.0,0.0,Autumn,No Holiday,Yes
2018-11-28,450,0,5.1,36.0,2.2,774.0,-8.7,0.0,0.0,0.0,Autumn,No Holiday,Yes
2018-11-28,434,1,4.9,26.0,2.6,992.0,-13.0,0.0,0.0,0.0,Autumn,No Holiday,Yes
2018-11-28,275,2,4.1,34.0,1.3,928.0,-10.3,0.0,0.0,0.0,Autumn,No Holiday,Yes
2018-11-28,167,3,3.5,38.0,1.6,907.0,-9.5,0.0,0.0,0.0,Autumn,No Holiday,Yes
2018-11-28,128,4,3.9,26.0,2.4,1071.0,-13.9,0.0,0.0,0.0,Autumn,No Holiday,Yes
2018-11-28,140,5,3.0,34.0,1.1,1032.0,-11.3,0.0,0.0,0.0,Autumn,No Holiday,Yes
2018-11-28,287,6,2.6,33.0,1.5,1185.0,-12.0,0.0,0.0,0.0,Autumn,No Holiday,Yes
2018-11-28,796,7,2.5,24.0,0.2,1306.0,-16.0,0.0,0.0,0.0,Autumn,No Holiday,Yes
2018-11-28,1540,8,2.1,29.0,1.1,1337.0,-14.1,0.02,0.0,0.0,Autumn,No Holiday,Yes
2018-11-28,798,9,3.0,30.0,1.3,1242.0,-12.9,0.3,0.0,0.0,Autumn,No Holiday,Yes
2018-11-28,583,10,4.4,23.0,1.6,1201.0,-14.9,0.7,0.0,0.0,Autumn,No Holiday,Yes
2018-11-28,608,11,5.7,15.0,1.1,1419.0,-19.0,0.98,0.0,0.0,Autumn,No Holiday,Yes
2018-11-28,635,12,7.9,14.0,1.7,1688.0,-18.0,1.81,0.0,0.0,Autumn,No Holiday,Yes
2018-11-28,681,13,9.2,13.0,1.6,1776.0,-17.8,1.86,0.0,0.0,Autumn,No Holiday,Yes
2018-11-28,675,14,10.3,14.0,1.1,1880.0,-16.1,1.7,0.0,0.0,Autumn,No Holiday,Yes
2018-11-28,798,15,10.5,16.0,2.7,1509.0,-14.3,1.29,0.0,0.0,Autumn,No Holiday,Yes
2018-11-28,808,16,9.6,17.0,3.0,1706.0,-14.3,0.77,0.0,0.0,Autumn,No Holiday,Yes
2018-11-28,1099,17,7.6,23.0,2.9,1678.0,-12.2,0.25,0.0,0.0,Autumn,No Holiday,Yes
2018-11-28,1536,18,6.3,25.0,2.0,1653.0,-12.3,0.0,0.0,0.0,Autumn,No Holiday,Yes
2018-11-28,1039,19,6.0,24.0,3.0,1861.0,-13.0,0.0,0.0,0.0,Autumn,No Holiday,Yes
2018-11-28,842,20,4.8,29.0,0.6,1756.0,-11.7,0.0,0.0,0.0,Autumn,No Holiday,Yes
2018-11-28,846,21,4.2,31.0,1.1,1741.0,-11.4,0.0,0.0,0.0,Autumn,No Holiday,Yes
2018-11-28,804,22,3.2,34.0,1.3,1787.0,-11.1,0.0,0.0,0.0,Autumn,No Holiday,Yes
2018-11-28,555,23,2.9,31.0,1.7,1869.0,-12.6,0.0,0.0,0.0,Autumn,No Holiday,Yes
2018-11-29,517,0,2.2,30.0,0.7,1879.0,-13.6,0.0,0.0,0.0,Autumn,No Holiday,Yes
2018-11-29,485,1,1.9,32.0,1.4,1999.0,-13.0,0.0,0.0,0.0,Autumn,No Holiday,Yes
2018-11-29,319,2,2.1,28.0,0.4,1981.0,-14.5,0.0,0.0,0.0,Autumn,No Holiday,Yes
2018-11-29,195,3,1.9,33.0,0.9,1994.0,-12.7,0.0,0.0,0.0,Autumn,No Holiday,Yes
2018-11-29,107,4,2.1,33.0,0.5,1981.0,-12.5,0.0,0.0,0.0,Autumn,No Holiday,Yes
2018-11-29,126,5,1.8,34.0,0.9,1990.0,-12.4,0.0,0.0,0.0,Autumn,No Holiday,Yes
2018-11-29,328,6,1.1,39.0,1.3,1857.0,-11.3,0.0,0.0,0.0,Autumn,No Holiday,Yes
2018-11-29,800,7,0.8,41.0,0.6,1298.0,-10.9,0.0,0.0,0.0,Autumn,No Holiday,Yes
2018-11-29,1635,8,0.8,44.0,1.7,1439.0,-10.0,0.02,0.0,0.0,Autumn,No Holiday,Yes
2018-11-29,825,9,1.8,37.0,0.9,1310.0,-11.3,0.31,0.0,0.0,Autumn,No Holiday,Yes
2018-11-29,595,10,3.9,28.0,0.6,1627.0,-12.9,0.49,0.0,0.0,Autumn,No Holiday,Yes
2018-11-29,623,11,5.2,26.0,0.5,1471.0,-12.7,0.64,0.0,0.0,Autumn,No Holiday,Yes
2018-11-29,661,12,5.6,27.0,0.3,1522.0,-11.9,0.34,0.0,0.0,Autumn,No Holiday,Yes
2018-11-29,645,13,5.3,26.0,2.1,1604.0,-12.7,0.21,0.0,0.0,Autumn,No Holiday,Yes
2018-11-29,668,14,6.0,27.0,0.6,1452.0,-11.6,0.34,0.0,0.0,Autumn,No Holiday,Yes
2018-11-29,652,15,6.5,32.0,2.6,1321.0,-9.0,0.35,0.0,0.0,Autumn,No Holiday,Yes
2018-11-29,748,16,5.8,39.0,2.6,1489.0,-7.1,0.1,0.0,0.0,Autumn,No Holiday,Yes
2018-11-29,996,17,5.8,38.0,1.3,1674.0,-7.4,0.01,0.0,0.0,Autumn,No Holiday,Yes
2018-11-29,1577,18,0.0,46.0,0.9,1566.0,-4.8,0.0,0.0,0.0,Autumn,No Holiday,Yes
2018-11-29,1026,19,5.2,48.0,1.9,1590.0,-4.9,0.0,0.0,0.0,Autumn,No Holiday,Yes
2018-11-29,818,20,4.1,54.0,1.3,1434.0,-4.3,0.0,0.0,0.0,Autumn,No Holiday,Yes
2018-11-29,792,21,3.8,55.0,2.1,1231.0,-4.4,0.0,0.0,0.0,Autumn,No Holiday,Yes
2018-11-29,726,22,3.0,59.0,1.1,1218.0,-4.2,0.0,0.0,0.0,Autumn,No Holiday,Yes
2018-11-29,559,23,2.6,56.0,1.9,1394.0,-5.3,0.0,0.0,0.0,Autumn,No Holiday,Yes
2018-11-30,474,0,1.8,62.0,1.6,1411.0,-4.7,0.0,0.0,0.0,Autumn,No Holiday,Yes
2018-11-30,456,1,1.3,63.0,2.0,1379.0,-4.9,0.0,0.0,0.0,Autumn,No Holiday,Yes
2018-11-30,300,2,0.6,66.0,0.5,1368.0,-5.0,0.0,0.0,0.0,Autumn,No Holiday,Yes
2018-11-30,213,3,-0.1,69.0,0.9,1338.0,-5.1,0.0,0.0,0.0,Autumn,No Holiday,Yes
2018-11-30,116,4,-0.5,71.0,0.4,1345.0,-5.1,0.0,0.0,0.0,Autumn,No Holiday,Yes
2018-11-30,149,5,-0.7,66.0,0.5,1336.0,-6.2,0.0,0.0,0.0,Autumn,No Holiday,Yes
2018-11-30,293,6,-0.8,68.0,0.8,1322.0,-5.9,0.0,0.0,0.0,Autumn,No Holiday,Yes
2018-11-30,750,7,-1.2,70.0,0.8,1351.0,-5.9,0.0,0.0,0.0,Autumn,No Holiday,Yes
2018-11-30,1527,8,-1.5,68.0,1.1,1286.0,-6.6,0.02,0.0,0.0,Autumn,No Holiday,Yes
2018-11-30,809,9,-0.4,57.0,0.6,1270.0,-7.8,0.45,0.0,0.0,Autumn,No Holiday,Yes
2018-11-30,554,10,1.9,51.0,0.8,1029.0,-7.1,1.01,0.0,0.0,Autumn,No Holiday,Yes
2018-11-30,642,11,5.3,43.0,1.8,1177.0,-6.2,1.38,0.0,0.0,Autumn,No Holiday,Yes
2018-11-30,720,12,6.6,35.0,1.3,1409.0,-7.8,1.7,0.0,0.0,Autumn,No Holiday,Yes
2018-11-30,740,13,7.1,24.0,2.8,1838.0,-12.1,1.83,0.0,0.0,Autumn,No Holiday,Yes
2018-11-30,761,14,7.8,20.0,2.2,2000.0,-13.8,1.67,0.0,0.0,Autumn,No Holiday,Yes
2018-11-30,768,15,7.0,20.0,3.3,1994.0,-14.4,1.21,0.0,0.0,Autumn,No Holiday,Yes
2018-11-30,837,16,7.2,23.0,1.5,1945.0,-12.6,0.72,0.0,0.0,Autumn,No Holiday,Yes
2018-11-30,1047,17,6.0,29.0,2.1,1877.0,-10.7,0.23,0.0,0.0,Autumn,No Holiday,Yes
2018-11-30,1384,18,4.7,34.0,1.9,1661.0,-9.8,0.0,0.0,0.0,Autumn,No Holiday,Yes
2018-11-30,1003,19,4.2,34.0,2.6,1894.0,-10.3,0.0,0.0,0.0,Autumn,No Holiday,Yes
2018-11-30,764,20,3.4,37.0,2.3,2000.0,-9.9,0.0,0.0,0.0,Autumn,No Holiday,Yes
2018-11-30,694,21,2.6,39.0,0.3,1968.0,-9.9,0.0,0.0,0.0,Autumn,No Holiday,Yes
2018-11-30,712,22,2.1,41.0,1.0,1859.0,-9.8,0.0,0.0,0.0,Autumn,No Holiday,Yes
2018-11-30,584,23,1.9,43.0,1.3,1909.0,-9.3,0.0,0.0,0.0,Autumn,No Holiday,Yes
